ISO-10303-21;
HEADER;
FILE_DESCRIPTION (( 'STEP AP214' ),
    '1' );
FILE_NAME ('MF52A1103F3380.STEP',
    '2025-04-12T01:23:43',
    ( '' ),
    ( '' ),
    'SwSTEP 2.0',
    'SolidWorks 2021',
    '' );
FILE_SCHEMA (( 'AUTOMOTIVE_DESIGN' ));
ENDSEC;

DATA;
#1 = CARTESIAN_POINT ( 'NONE',  ( -0.5194600342184367836, 1.483725722877182740, 0.5226595247829022295 ) ) ;
#2 = CARTESIAN_POINT ( 'NONE',  ( -0.06615730850732753909, 1.498454407650125164, -0.1000000000000819816 ) ) ;
#3 = AXIS2_PLACEMENT_3D ( 'NONE', #364, #198, #726 ) ;
#4 = B_SPLINE_CURVE_WITH_KNOTS ( 'NONE', 3,
 ( #1132, #1854, #937, #1688 ),
 .UNSPECIFIED., .F., .F.,
 ( 4, 4 ),
 ( 4.065758146820641628E-20, 6.931188873687134215E-05 ),
 .UNSPECIFIED. ) ;
#5 = CARTESIAN_POINT ( 'NONE',  ( -0.1473119430280141751, 1.536158190182652428, 0.4412571192443571766 ) ) ;
#6 = CARTESIAN_POINT ( 'NONE',  ( -1.249999999999999778, 2.487034183642659713, 0.1000000000000000472 ) ) ;
#7 = ADVANCED_FACE ( 'NONE', ( #718 ), #1422, .T. ) ;
#8 = CARTESIAN_POINT ( 'NONE',  ( -1.157839868292736663, 1.639965617437330714, -0.4272301733782155608 ) ) ;
#9 = CARTESIAN_POINT ( 'NONE',  ( 1.249862838240888507, 2.447948205147327805, 0.02831414356559062984 ) ) ;
#10 = FACE_OUTER_BOUND ( 'NONE', #1291, .T. ) ;
#11 = CARTESIAN_POINT ( 'NONE',  ( -0.2499999999999997780, 2.487034183642659713, -0.1000000000000000472 ) ) ;
#12 = ORIENTED_EDGE ( 'NONE', *, *, #2197, .T. ) ;
#13 = CARTESIAN_POINT ( 'NONE',  ( -0.06615730850731423029, 1.498454407650125608, 0.1000000000000000472 ) ) ;
#14 = ORIENTED_EDGE ( 'NONE', *, *, #760, .F. ) ;
#15 = LINE ( 'NONE', #1953, #555 ) ;
#16 = CARTESIAN_POINT ( 'NONE',  ( -0.3979028638681293417, 1.466257250307571258, 0.1427297705227406344 ) ) ;
#17 = CARTESIAN_POINT ( 'NONE',  ( 0.05214752552930507906, 1.198781709559510578, -0.1000000000000823702 ) ) ;
#18 = CARTESIAN_POINT ( 'NONE',  ( 1.245602734211271878, 2.392704339357908605, -0.08785733481816331014 ) ) ;
#19 = CARTESIAN_POINT ( 'NONE',  ( -1.246526082211696362, 2.403752928417922430, -0.09999999999999949207 ) ) ;
#20 = ORIENTED_EDGE ( 'NONE', *, *, #613, .F. ) ;
#21 = CARTESIAN_POINT ( 'NONE',  ( -1.166247164223919608, 0.8185690671505836402, -0.09099983918962119278 ) ) ;
#22 = CARTESIAN_POINT ( 'NONE',  ( -0.5354838746256830317, 1.496590599486733897, 0.5374716960570293800 ) ) ;
#23 = CARTESIAN_POINT ( 'NONE',  ( -1.239761472256014629, 2.315016108375266946, 0.1332128401729265055 ) ) ;
#24 = FILL_AREA_STYLE_COLOUR ( '', #2050 ) ;
#25 = EDGE_CURVE ( 'NONE', #856, #1509, #2086, .T. ) ;
#26 = CARTESIAN_POINT ( 'NONE',  ( 0.1714815452180088740, 2.573701045937423437, -1.249999841181967941 ) ) ;
#27 = ORIENTED_EDGE ( 'NONE', *, *, #927, .F. ) ;
#28 = CARTESIAN_POINT ( 'NONE',  ( -1.249999999999999778, 2.487034183642657048, 1.276039116530562403E-18 ) ) ;
#29 = CARTESIAN_POINT ( 'NONE',  ( -0.1483289518648651661, 1.719708037768482578, -0.7979936670949803190 ) ) ;
#30 = PLANE ( 'NONE',  #773 ) ;
#31 = CARTESIAN_POINT ( 'NONE',  ( -1.249999999999999778, 2.487034183642651719, -9.315370618498250653E-14 ) ) ;
#32 = CIRCLE ( 'NONE', #186, 1.000000000000000000 ) ;
#33 = ADVANCED_FACE ( 'NONE', ( #645 ), #634, .F. ) ;
#34 = CARTESIAN_POINT ( 'NONE',  ( -0.4091042757431589405, 1.400465240279065826, -0.3841504159622206593 ) ) ;
#35 = VECTOR ( 'NONE', #130, 1000.000000000000000 ) ;
#36 = DIRECTION ( 'NONE',  ( 0.9920396156904441876, 0.000000000000000000, 0.1259261724216049205 ) ) ;
#37 = CARTESIAN_POINT ( 'NONE',  ( -0.3273883627673910834, 1.362499740804521187, -0.1940071967808227882 ) ) ;
#38 = AXIS2_PLACEMENT_3D ( 'NONE', #1490, #417, #602 ) ;
#39 = CARTESIAN_POINT ( 'NONE',  ( 1.238207337242955175, 2.488742200727902087, -0.2877416528680325492 ) ) ;
#40 = EDGE_CURVE ( 'NONE', #452, #1816, #2104, .T. ) ;
#41 = CARTESIAN_POINT ( 'NONE',  ( 0.2302170042560408858, 2.630385142741805460, 1.250000000000000222 ) ) ;
#42 = EDGE_LOOP ( 'NONE', ( #375, #1484, #660, #821 ) ) ;
#43 = CARTESIAN_POINT ( 'NONE',  ( 0.8239514319340640602, 1.559005489833306335, 0.6047477463845105650 ) ) ;
#44 = CARTESIAN_POINT ( 'NONE',  ( 1.158188657450592185, 2.191527140028649789, 0.4242391758739992857 ) ) ;
#45 = PLANE ( 'NONE',  #1478 ) ;
#46 = DIRECTION ( 'NONE',  ( -1.000000000000000000, -1.065706958954869377E-14, 0.000000000000000000 ) ) ;
#47 =( BOUNDED_SURFACE ( )  B_SPLINE_SURFACE ( 3, 2, ( 
 ( #2160, #1259, #540 ),
 ( #873, #1810, #2126 ),
 ( #896, #1611, #206 ),
 ( #514, #344, #28 ) ),
 .UNSPECIFIED., .F., .F., .T. ) 
 B_SPLINE_SURFACE_WITH_KNOTS ( ( 4, 4 ),
 ( 3, 3 ),
 ( -1.517883041479706208E-18, 0.0001474545925828059736 ),
 ( 0.000000000000000000, 1.000000000000000000 ),
 .UNSPECIFIED. ) 
 GEOMETRIC_REPRESENTATION_ITEM ( )  RATIONAL_B_SPLINE_SURFACE ( (
 ( 1.000000000000000000, 0.9985013301535162755, 1.000000000000000000),
 ( 1.000000000000000000, 0.9995010322424717764, 1.000000000000000000),
 ( 1.000000000000000000, 0.9999997602758958770, 1.000000000000000000),
 ( 1.000000000000000000, 1.000000000000000000, 1.000000000000000000) ) ) 
 REPRESENTATION_ITEM ( '' )  SURFACE ( )  );
#48 = CARTESIAN_POINT ( 'NONE',  ( -0.2655137626106260917, 1.599630281418659372, 0.5820547207865645056 ) ) ;
#49 = CARTESIAN_POINT ( 'NONE',  ( 0.1482941724855336985, 1.700648892228405984, -0.7633677785160062346 ) ) ;
#50 = EDGE_LOOP ( 'NONE', ( #1705, #2088, #878, #543 ) ) ;
#51 = CARTESIAN_POINT ( 'NONE',  ( -1.246526082211446784, 2.403752928414942147, 0.1000000000000000472 ) ) ;
#52 = VERTEX_POINT ( 'NONE', #697 ) ;
#53 = CARTESIAN_POINT ( 'NONE',  ( -1.166247164223919608, 0.8185690671505836402, 0.000000000000000000 ) ) ;
#54 = CARTESIAN_POINT ( 'NONE',  ( 0.4900629955753914024, 1.478045362229277959, -0.4272301733782156719 ) ) ;
#55 = CARTESIAN_POINT ( 'NONE',  ( 1.246475730622025324, 2.381572272315755079, 0.07578740647307018186 ) ) ;
#56 = B_SPLINE_CURVE_WITH_KNOTS ( 'NONE', 3,
 ( #486, #2080, #2061, #292, #1693, #976, #1150, #1532, #1883, #1019 ),
 .UNSPECIFIED., .F., .F.,
 ( 4, 2, 2, 2, 4 ),
 ( -6.944543456649043492E-06, 0.0004461470061315639889, 0.0008992385557197767401, 0.001352330105307989437, 0.001805421654896202134 ),
 .UNSPECIFIED. ) ;
#57 = B_SPLINE_CURVE_WITH_KNOTS ( 'NONE', 3,
 ( #1482, #1301, #2028, #421, #72, #1852, #249 ),
 .UNSPECIFIED., .F., .F.,
 ( 4, 3, 4 ),
 ( 1.212174879515270077E-19, 7.762344922105602284E-05, 0.0001902270331412088595 ),
 .UNSPECIFIED. ) ;
#58 = CARTESIAN_POINT ( 'NONE',  ( -1.249999999999999778, 2.485526061291691846, -0.001824105992185097664 ) ) ;
#59 = DIRECTION ( 'NONE',  ( 0.000000000000000000, 0.000000000000000000, 1.000000000000000000 ) ) ;
#60 = CARTESIAN_POINT ( 'NONE',  ( 0.6053591978988460687, 2.578632451369332834, -1.141322464785766488 ) ) ;
#61 = ORIENTED_EDGE ( 'NONE', *, *, #339, .F. ) ;
#62 = CARTESIAN_POINT ( 'NONE',  ( 0.6270027657409379396, 2.078193731311900105, 1.186488054311503060 ) ) ;
#63 = CARTESIAN_POINT ( 'NONE',  ( -0.2499999999999996669, 2.487034183642659713, 1.250000000000000000 ) ) ;
#64 = CARTESIAN_POINT ( 'NONE',  ( 0.05542137404872578971, 1.498956315607671952, -0.03333333333333524801 ) ) ;
#65 = CARTESIAN_POINT ( 'NONE',  ( 0.6878328837890131942, 1.629868616572564655, 0.6238593483263374928 ) ) ;
#66 = EDGE_CURVE ( 'NONE', #1509, #2021, #1809, .T. ) ;
#67 = ORIENTED_EDGE ( 'NONE', *, *, #1236, .T. ) ;
#68 = DIRECTION ( 'NONE',  ( -1.000000000000000000, 0.000000000000000000, 0.000000000000000000 ) ) ;
#69 = FACE_OUTER_BOUND ( 'NONE', #1787, .T. ) ;
#70 = CARTESIAN_POINT ( 'NONE',  ( -0.7323819610924611201, 0.000000000000000000, 0.1175810785615209048 ) ) ;
#71 = AXIS2_PLACEMENT_3D ( 'NONE', #299, #458, #2278 ) ;
#72 = CARTESIAN_POINT ( 'NONE',  ( 0.3157247111350571234, 1.360379183503794609, 0.1430548194329628875 ) ) ;
#73 = CARTESIAN_POINT ( 'NONE',  ( 1.094983277346228911, 1.552790199972476470, 0.7811334421782039072 ) ) ;
#74 = ORIENTED_EDGE ( 'NONE', *, *, #1661, .F. ) ;
#75 = AXIS2_PLACEMENT_3D ( 'NONE', #1052, #164, #2141 ) ;
#76 = CARTESIAN_POINT ( 'NONE',  ( 0.6982758620689648588, 1.989716766337283893, -0.8239401460951047973 ) ) ;
#77 = PRODUCT ( 'MF52A1103F3380', 'MF52A1103F3380', '', ( #966 ) ) ;
#78 = DIRECTION ( 'NONE',  ( 0.06150118303182874196, 0.7359102935313651672, -0.6742800934035242388 ) ) ;
#79 = AXIS2_PLACEMENT_3D ( 'NONE', #1660, #594, #2172 ) ;
#80 = SPHERICAL_SURFACE ( 'NONE', #520, 1.149999999999999911 ) ;
#81 = ORIENTED_EDGE ( 'NONE', *, *, #112, .F. ) ;
#82 = DIRECTION ( 'NONE',  ( 0.000000000000000000, 1.000000000000000000, 0.000000000000000000 ) ) ;
#83 =( NAMED_UNIT ( * ) SI_UNIT ( $, .STERADIAN. ) SOLID_ANGLE_UNIT ( ) );
#84 = LINE ( 'NONE', #784, #35 ) ;
#85 = DIRECTION ( 'NONE',  ( -0.000000000000000000, -0.000000000000000000, -1.000000000000000000 ) ) ;
#86 = CARTESIAN_POINT ( 'NONE',  ( 0.1474625560824075754, 1.798596022900698532, 0.8837957535544879173 ) ) ;
#87 = B_SPLINE_CURVE_WITH_KNOTS ( 'NONE', 3,
 ( #1153, #2275, #1876, #2264, #269, #1546, #978 ),
 .UNSPECIFIED., .F., .F.,
 ( 4, 3, 4 ),
 ( 0.000000000000000000, 0.0001224829580824676203, 0.0001299194120272525814 ),
 .UNSPECIFIED. ) ;
#88 = CARTESIAN_POINT ( 'NONE',  ( 0.08068569765324483389, 1.497775201368563458, 0.1715510933093971901 ) ) ;
#89 = CARTESIAN_POINT ( 'NONE',  ( 1.249999999999999778, 2.485526061291702060, 0.001824105992098160912 ) ) ;
#90 = FACE_OUTER_BOUND ( 'NONE', #1649, .T. ) ;
#91 = CARTESIAN_POINT ( 'NONE',  ( -0.1468972117344393702, 1.511634677298575369, 0.3090952482034345361 ) ) ;
#92 = VERTEX_POINT ( 'NONE', #917 ) ;
#93 = DIRECTION ( 'NONE',  ( 0.000000000000000000, 0.000000000000000000, 1.000000000000000000 ) ) ;
#94 = CARTESIAN_POINT ( 'NONE',  ( -1.239781980358215518, 2.350691413289770271, -0.1605624898361455166 ) ) ;
#95 = DIRECTION ( 'NONE',  ( -1.000000000000000000, 6.672013369141569161E-17, 0.000000000000000000 ) ) ;
#96 = CARTESIAN_POINT ( 'NONE',  ( 0.3016272523240107750, 1.499726713758165353, 0.3277482908887306978 ) ) ;
#97 = DIRECTION ( 'NONE',  ( -0.06150118302592662983, -0.7359102935445824833, -0.6742800933896372362 ) ) ;
#98 = CARTESIAN_POINT ( 'NONE',  ( 0.000000000000000000, 0.08333333333333325932, 1.250000000000000000 ) ) ;
#99 = CARTESIAN_POINT ( 'NONE',  ( 1.078466031678652959, 2.072351219950001600, -0.5088828756823220445 ) ) ;
#100 = EDGE_LOOP ( 'NONE', ( #1080, #1908, #240 ) ) ;
#101 = CARTESIAN_POINT ( 'NONE',  ( -0.8921544729305768140, 2.538282293949397417, 0.9367406265415194611 ) ) ;
#102 = ORIENTED_EDGE ( 'NONE', *, *, #372, .T. ) ;
#103 = DIRECTION ( 'NONE',  ( -1.000000000000000000, -5.329311295566329139E-14, 0.000000000000000000 ) ) ;
#104 = CARTESIAN_POINT ( 'NONE',  ( 0.1465517241379313829, 1.492399349031905853, 0.09999999999797445915 ) ) ;
#105 = AXIS2_PLACEMENT_3D ( 'NONE', #2017, #940, #59 ) ;
#106 = DIRECTION ( 'NONE',  ( 0.000000000000000000, 1.000000000000000000, 0.000000000000000000 ) ) ;
#107 = EDGE_CURVE ( 'NONE', #2021, #651, #1874, .T. ) ;
#108 = CARTESIAN_POINT ( 'NONE',  ( -0.05542137404872013451, 1.498956315607674394, -0.03333333333333357573 ) ) ;
#109 = CARTESIAN_POINT ( 'NONE',  ( 0.06615730850731441071, 1.498454407650126052, -0.1000000000000002415 ) ) ;
#110 = VECTOR ( 'NONE', #496, 1000.000000000000000 ) ;
#111 = CARTESIAN_POINT ( 'NONE',  ( 0.4878658323929449536, 1.458807770037848561, -0.4922078890528112094 ) ) ;
#112 = EDGE_CURVE ( 'NONE', #1581, #1882, #1748, .T. ) ;
#113 = CARTESIAN_POINT ( 'NONE',  ( 1.246475730622402800, 2.381572272304955273, -0.07578740646716312923 ) ) ;
#114 = VECTOR ( 'NONE', #931, 1000.000000000000000 ) ;
#115 = APPLICATION_CONTEXT ( 'automotive_design' ) ;
#116 = LINE ( 'NONE', #460, #300 ) ;
#117 = CARTESIAN_POINT ( 'NONE',  ( 1.166247164223919608, 0.8185690671505836402, 0.000000000000000000 ) ) ;
#118 = CARTESIAN_POINT ( 'NONE',  ( 1.249999999999997558, 1.651753729359039857, -0.1427297705227406621 ) ) ;
#119 = CARTESIAN_POINT ( 'NONE',  ( -0.7412789486306108344, 1.859647242932748856, -0.7443529642443060812 ) ) ;
#120 = CARTESIAN_POINT ( 'NONE',  ( 0.06615730850731434132, 1.498454407650126052, -0.09999999999999982514 ) ) ;
#121 = FACE_OUTER_BOUND ( 'NONE', #1780, .T. ) ;
#122 =( BOUNDED_SURFACE ( )  B_SPLINE_SURFACE ( 3, 2, ( 
 ( #467, #1549, #980 ),
 ( #2255, #287, #836 ),
 ( #1195, #2066, #1207 ),
 ( #1362, #1014, #1919 ),
 ( #1155, #826, #151 ),
 ( #1906, #301, #324 ),
 ( #2267, #852, #658 ),
 ( #1384, #1566, #2293 ),
 ( #2087, #125, #1180 ),
 ( #447, #1699, #1004 ),
 ( #1515, #313, #483 ),
 ( #1736, #137, #1725 ),
 ( #1878, #99, #2279 ),
 ( #681, #2241, #1335 ),
 ( #670, #814, #800 ),
 ( #272, #635, #1711 ),
 ( #1375, #493, #459 ),
 ( #1930, #1166, #1891 ),
 ( #1029, #991, #1747 ),
 ( #113, #1529, #646 ) ),
 .UNSPECIFIED., .F., .F., .F. ) 
 B_SPLINE_SURFACE_WITH_KNOTS ( ( 4, 2, 2, 2, 2, 2, 2, 2, 2, 4 ),
 ( 3, 3 ),
 ( 9.066640667410030829E-18, 0.0003100091572332686475, 0.0006200183144665281877, 0.0009300274716997876737, 0.001240036628933047268, 0.001550045786166306862, 0.001860054943399566240, 0.002170064100632826051, 0.002325068679249455740, 0.002480073257866085429 ),
 ( 0.000000000000000000, 1.000000000000000000 ),
 .UNSPECIFIED. ) 
 GEOMETRIC_REPRESENTATION_ITEM ( )  RATIONAL_B_SPLINE_SURFACE ( (
 ( 1.000000000000000000, 0.9063860508969234786, 1.000000000000000000),
 ( 1.000000000000000000, 0.9052625271302707777, 1.000000000000000000),
 ( 1.000000000000000000, 0.9068492317679940351, 1.000000000000000000),
 ( 1.000000000000000000, 0.9142891670094562828, 1.000000000000000000),
 ( 1.000000000000000000, 0.9195375339601962184, 1.000000000000000000),
 ( 1.000000000000000000, 0.9315792518013447099, 1.000000000000000000),
 ( 1.000000000000000000, 0.9384955546473568999, 1.000000000000000000),
 ( 1.000000000000000000, 0.9520236477426448074, 1.000000000000000000),
 ( 1.000000000000000000, 0.9585122435372055438, 1.000000000000000000),
 ( 1.000000000000000000, 0.9690814301389691909, 1.000000000000000000),
 ( 1.000000000000000000, 0.9735112537870584948, 1.000000000000000000),
 ( 1.000000000000000000, 0.9813073919488224384, 1.000000000000000000),
 ( 1.000000000000000000, 0.9846588694572535605, 1.000000000000000000),
 ( 1.000000000000000000, 0.9900524566125286086, 1.000000000000000000),
 ( 1.000000000000000000, 0.9921335984046590895, 1.000000000000000000),
 ( 1.000000000000000000, 0.9948526771454444528, 1.000000000000000000),
 ( 1.000000000000000000, 0.9956893424966379857, 1.000000000000000000),
 ( 1.000000000000000000, 0.9972292666196913569, 1.000000000000000000),
 ( 1.000000000000000000, 0.9979358902954487132, 1.000000000000000000),
 ( 1.000000000000000000, 0.9985013301533584018, 1.000000000000000000) ) ) 
 REPRESENTATION_ITEM ( '' )  SURFACE ( )  );
#123 = CARTESIAN_POINT ( 'NONE',  ( 0.05542204577830516649, 1.498956284204125078, 0.03333744126039223793 ) ) ;
#124 = CARTESIAN_POINT ( 'NONE',  ( 1.001995886359682730, 1.925607370463435108, -0.5795199520694623851 ) ) ;
#125 = CARTESIAN_POINT ( 'NONE',  ( 0.7622890167308196130, 1.811484863040660809, -0.6716947056154849438 ) ) ;
#126 = ORIENTED_EDGE ( 'NONE', *, *, #1694, .T. ) ;
#127 = ADVANCED_FACE ( 'NONE', ( #732 ), #1562, .F. ) ;
#128 = ORIENTED_EDGE ( 'NONE', *, *, #1138, .T. ) ;
#129 = ORIENTED_EDGE ( 'NONE', *, *, #875, .F. ) ;
#130 = DIRECTION ( 'NONE',  ( -4.336808689942017736E-18, 1.000000000000000000, 0.000000000000000000 ) ) ;
#131 = CARTESIAN_POINT ( 'NONE',  ( 0.8239514319340628390, 1.559005489833306557, -0.6047477463845118972 ) ) ;
#132 = CARTESIAN_POINT ( 'NONE',  ( -1.091042632225061038, 2.026621845647134101, -0.4842851262270787549 ) ) ;
#133 = ORIENTED_EDGE ( 'NONE', *, *, #1263, .T. ) ;
#134 = CARTESIAN_POINT ( 'NONE',  ( 1.188169872220117496, 2.229032840469681975, -0.3574442967079600741 ) ) ;
#135 = LINE ( 'NONE', #1527, #157 ) ;
#136 = CYLINDRICAL_SURFACE ( 'NONE', #804, 0.1500000000000000777 ) ;
#137 = CARTESIAN_POINT ( 'NONE',  ( 1.033691561492542821, 2.029424542025680900, -0.5539498464940716405 ) ) ;
#138 = VERTEX_POINT ( 'NONE', #1494 ) ;
#139 = CARTESIAN_POINT ( 'NONE',  ( -0.1465517241379313829, 1.492399349031905853, 0.09999999999797405670 ) ) ;
#140 = ADVANCED_FACE ( 'NONE', ( #818 ), #482, .T. ) ;
#141 = ORIENTED_EDGE ( 'NONE', *, *, #107, .T. ) ;
#142 = CARTESIAN_POINT ( 'NONE',  ( 0.8499999999999984235, 0.000000000000000000, -0.1663629469633257640 ) ) ;
#143 = VERTEX_POINT ( 'NONE', #2114 ) ;
#144 = CARTESIAN_POINT ( 'NONE',  ( 0.6999999999999998446, 0.000000000000000000, -0.03926990785650171650 ) ) ;
#145 = CARTESIAN_POINT ( 'NONE',  ( -0.4064735516553890093, 1.398957687830591823, -0.3784115059885395649 ) ) ;
#146 = CARTESIAN_POINT ( 'NONE',  ( -1.178643514590112629, 2.146777343131859084, -0.3438788467833139850 ) ) ;
#147 = CARTESIAN_POINT ( 'NONE',  ( -0.1474665721732062174, 1.548018891431121258, -0.4642293784495141740 ) ) ;
#148 = CARTESIAN_POINT ( 'NONE',  ( -1.248701170232952462, 2.414787731674104876, 0.05215103825063337195 ) ) ;
#149 = AXIS2_PLACEMENT_3D ( 'NONE', #210, #242, #2198 ) ;
#150 = CARTESIAN_POINT ( 'NONE',  ( 1.249996186399825460, 2.483020168471193667, 0.002909616228242001973 ) ) ;
#151 = CARTESIAN_POINT ( 'NONE',  ( 0.3579492159508889104, 1.621184974697541747, -0.6266613967661728291 ) ) ;
#152 = EDGE_CURVE ( 'NONE', #1521, #304, #395, .T. ) ;
#153 = VECTOR ( 'NONE', #912, 1000.000000000000000 ) ;
#154 =( BOUNDED_SURFACE ( )  B_SPLINE_SURFACE ( 3, 2, ( 
 ( #55, #769, #2024 ),
 ( #263, #972, #576 ),
 ( #598, #1305, #922 ),
 ( #759, #2031, #1295 ),
 ( #1642, #1123, #254 ),
 ( #2004, #1096, #424 ),
 ( #1827, #2040, #44 ),
 ( #958, #1285, #2012 ),
 ( #1675, #400, #1486 ),
 ( #2219, #607, #1314 ),
 ( #433, #2265, #297 ),
 ( #1721, #464, #810 ),
 ( #1744, #1322, #2252 ),
 ( #1928, #270, #1697 ),
 ( #1360, #1163, #2052 ),
 ( #1499, #322, #2064 ),
 ( #1734, #1901, #1025 ),
 ( #1002, #789, #2228 ),
 ( #1012, #96, #668 ),
 ( #491, #656, #2101 ) ),
 .UNSPECIFIED., .F., .F., .F. ) 
 B_SPLINE_SURFACE_WITH_KNOTS ( ( 4, 2, 2, 2, 2, 2, 2, 2, 2, 4 ),
 ( 3, 3 ),
 ( -2.508233963409434164E-16, 0.0001537794043335754840, 0.0003075588086674017983, 0.0006151176173350543725, 0.0009226764260027069467, 0.001230235234670359629, 0.001537794043338012312, 0.001845352852005664778, 0.002152911660673317244, 0.002460470469340969926 ),
 ( 0.000000000000000000, 1.000000000000000000 ),
 .UNSPECIFIED. ) 
 GEOMETRIC_REPRESENTATION_ITEM ( )  RATIONAL_B_SPLINE_SURFACE ( (
 ( 1.000000000000000000, 0.9985013301534882979, 1.000000000000000000),
 ( 1.000000000000000000, 0.9979308520813912065, 1.000000000000000000),
 ( 1.000000000000000000, 0.9972371759819005366, 1.000000000000000000),
 ( 1.000000000000000000, 0.9956998758084620871, 1.000000000000000000),
 ( 1.000000000000000000, 0.9948519135481873610, 1.000000000000000000),
 ( 1.000000000000000000, 0.9921211280163008128, 1.000000000000000000),
 ( 1.000000000000000000, 0.9900727602454173493, 1.000000000000000000),
 ( 1.000000000000000000, 0.9846949133940778864, 1.000000000000000000),
 ( 1.000000000000000000, 0.9813197747934924164, 1.000000000000000000),
 ( 1.000000000000000000, 0.9735785450573443134, 1.000000000000000000),
 ( 1.000000000000000000, 0.9691185573308321866, 1.000000000000000000),
 ( 1.000000000000000000, 0.9586515281513555697, 1.000000000000000000),
 ( 1.000000000000000000, 0.9521160731260364107, 1.000000000000000000),
 ( 1.000000000000000000, 0.9386491165217657473, 1.000000000000000000),
 ( 1.000000000000000000, 0.9316839788426226621, 1.000000000000000000),
 ( 1.000000000000000000, 0.9196164688076423621, 1.000000000000000000),
 ( 1.000000000000000000, 0.9143507809956620269, 1.000000000000000000),
 ( 1.000000000000000000, 0.9068667823127233296, 1.000000000000000000),
 ( 1.000000000000000000, 0.9052384561477545555, 1.000000000000000000),
 ( 1.000000000000000000, 0.9063860508969517893, 1.000000000000000000) ) ) 
 REPRESENTATION_ITEM ( '' )  SURFACE ( )  );
#155 = EDGE_LOOP ( 'NONE', ( #102, #1833, #1922, #1351 ) ) ;
#156 = CARTESIAN_POINT ( 'NONE',  ( -0.2414438532029651308, 2.499645174410993320, 1.248408388317487905 ) ) ;
#157 = VECTOR ( 'NONE', #619, 1000.000000000000000 ) ;
#158 = ORIENTED_EDGE ( 'NONE', *, *, #1682, .T. ) ;
#159 = CARTESIAN_POINT ( 'NONE',  ( 0.3015670383618386241, 1.362635749628505533, -0.06931188876055144332 ) ) ;
#160 = CARTESIAN_POINT ( 'NONE',  ( -0.6878328837884414293, 1.629868616572037965, 0.6238593483261435368 ) ) ;
#161 = CARTESIAN_POINT ( 'NONE',  ( 0.09999999999999974187, 2.849999999999999201, -0.1000000000000000472 ) ) ;
#162 = CARTESIAN_POINT ( 'NONE',  ( 0.1083357684714707780, 1.503524722024035309, -0.2441289089100355802 ) ) ;
#163 = CARTESIAN_POINT ( 'NONE',  ( -1.000000000000000000, 0.000000000000000000, 1.524659305057740610E-17 ) ) ;
#164 = DIRECTION ( 'NONE',  ( 0.000000000000000000, 0.000000000000000000, -1.000000000000000000 ) ) ;
#165 = CARTESIAN_POINT ( 'NONE',  ( 0.8500000000000000888, 0.000000000000000000, 0.000000000000000000 ) ) ;
#166 = VERTEX_POINT ( 'NONE', #1334 ) ;
#167 = CARTESIAN_POINT ( 'NONE',  ( -1.183374045696475418, 2.195535450087240825, 0.3395119977297860747 ) ) ;
#168 = CARTESIAN_POINT ( 'NONE',  ( -0.9450834404025320046, 2.530769076557669806, -0.8837957554902755586 ) ) ;
#169 = B_SPLINE_CURVE_WITH_KNOTS ( 'NONE', 3,
 ( #1391, #2289, #1214, #1935, #22, #330, #160, #2167, #731, #743, #688, #511, #342, #1817, #1227, #1951 ),
 .UNSPECIFIED., .F., .F.,
 ( 4, 2, 2, 2, 2, 2, 2, 4 ),
 ( 0.000000000000000000, 0.0002201883368058712650, 0.0004403766736117425301, 0.0006605650104176138222, 0.0008807533472234850601, 0.001321130020835227211, 0.001541318357641098015, 0.001761506694446968602 ),
 .UNSPECIFIED. ) ;
#170 = EDGE_CURVE ( 'NONE', #1668, #1894, #1400, .T. ) ;
#171 = CARTESIAN_POINT ( 'NONE',  ( 0.2499999999999997780, 2.487034183642659269, -0.1000000000000000472 ) ) ;
#172 = CARTESIAN_POINT ( 'NONE',  ( 0.000000000000000000, 2.849999999999999201, 0.1000000000000000472 ) ) ;
#173 = CARTESIAN_POINT ( 'NONE',  ( -1.250000000000000000, 2.487034183642660157, 0.2522461849881987850 ) ) ;
#174 = B_SPLINE_CURVE_WITH_KNOTS ( 'NONE', 3,
 ( #1970, #719, #1432, #1762 ),
 .UNSPECIFIED., .F., .F.,
 ( 4, 4 ),
 ( 1.968762111235848655E-16, 0.0002251118980163732382 ),
 .UNSPECIFIED. ) ;
#175 = ORIENTED_EDGE ( 'NONE', *, *, #962, .F. ) ;
#176 = CARTESIAN_POINT ( 'NONE',  ( -1.218744334443403687, 2.286371961832284416, 0.2600348636796733781 ) ) ;
#177 = DIRECTION ( 'NONE',  ( -6.672013369141569161E-17, 1.000000000000000000, 0.000000000000000000 ) ) ;
#178 = EDGE_CURVE ( 'NONE', #1816, #1545, #1223, .T. ) ;
#179 = CARTESIAN_POINT ( 'NONE',  ( -0.1477316817704100171, 1.808531010131259054, 0.9014854002159493618 ) ) ;
#180 = CARTESIAN_POINT ( 'NONE',  ( -1.249996186395920361, 2.483020168749012324, 0.002909616618292850797 ) ) ;
#181 = CARTESIAN_POINT ( 'NONE',  ( -0.6999999999999998446, 0.3164788359587915045, 0.09099983918962116503 ) ) ;
#182 = CARTESIAN_POINT ( 'NONE',  ( -0.2655137626106262583, 1.599630281418658928, -0.5820547207865628403 ) ) ;
#183 = CARTESIAN_POINT ( 'NONE',  ( -0.3015670383618295758, 1.362635749628508641, 0.06931188876049516889 ) ) ;
#184 = CARTESIAN_POINT ( 'NONE',  ( 0.09999999999999972800, 2.648051208222845787, -1.250000000000000000 ) ) ;
#185 = ORIENTED_EDGE ( 'NONE', *, *, #2189, .F. ) ;
#186 = AXIS2_PLACEMENT_3D ( 'NONE', #171, #863, #2302 ) ;
#187 = ORIENTED_EDGE ( 'NONE', *, *, #1206, .T. ) ;
#188 = CARTESIAN_POINT ( 'NONE',  ( -1.103023578216608236, 2.508223576232244678, 0.6825615442828460999 ) ) ;
#189 = EDGE_LOOP ( 'NONE', ( #2282, #566, #1822, #158 ) ) ;
#190 = VECTOR ( 'NONE', #437, 1000.000000000000000 ) ;
#191 = CARTESIAN_POINT ( 'NONE',  ( -0.8769433871384931800, 1.898231332256269388, 0.6486162423547828793 ) ) ;
#192 = CARTESIAN_POINT ( 'NONE',  ( 0.1473119460303576322, 1.536158367714490991, 0.4412580759971685973 ) ) ;
#193 = MECHANICAL_DESIGN_GEOMETRIC_PRESENTATION_REPRESENTATION (  '', ( #1990 ), #775 ) ;
#194 = DIRECTION ( 'NONE',  ( -0.000000000000000000, -0.000000000000000000, -1.000000000000000000 ) ) ;
#195 = ORIENTED_EDGE ( 'NONE', *, *, #1768, .T. ) ;
#196 = DIRECTION ( 'NONE',  ( 0.000000000000000000, 0.000000000000000000, -1.000000000000000000 ) ) ;
#197 = CARTESIAN_POINT ( 'NONE',  ( -0.4900629955753907918, 1.478045362229278181, 0.4272301733782165045 ) ) ;
#198 = DIRECTION ( 'NONE',  ( -0.000000000000000000, -0.000000000000000000, -1.000000000000000000 ) ) ;
#199 = DIRECTION ( 'NONE',  ( 0.000000000000000000, 0.000000000000000000, 1.000000000000000000 ) ) ;
#200 = ORIENTED_EDGE ( 'NONE', *, *, #650, .T. ) ;
#201 = CARTESIAN_POINT ( 'NONE',  ( 0.2496606245906845267, 2.627750595499429576, 1.250000000000000222 ) ) ;
#202 = ORIENTED_EDGE ( 'NONE', *, *, #1899, .F. ) ;
#203 = DIRECTION ( 'NONE',  ( -6.672013369141569161E-17, 1.000000000000000000, -0.000000000000000000 ) ) ;
#204 = CARTESIAN_POINT ( 'NONE',  ( -1.242789543131929797, 2.359419443728100863, 0.1149281902091939950 ) ) ;
#205 = CARTESIAN_POINT ( 'NONE',  ( 0.2302170042630551361, 2.630385142793506326, -1.250000000000000222 ) ) ;
#206 = CARTESIAN_POINT ( 'NONE',  ( -1.249999999999999778, 2.459342299658207942, 0.03349464298092004466 ) ) ;
#207 = ADVANCED_FACE ( 'NONE', ( #1164 ), #1560, .F. ) ;
#208 = ORIENTED_EDGE ( 'NONE', *, *, #1340, .F. ) ;
#209 = CARTESIAN_POINT ( 'NONE',  ( -0.6999999999999998446, 0.000000000000000000, 0.03926990785650170263 ) ) ;
#210 = CARTESIAN_POINT ( 'NONE',  ( 0.8500000000000000888, -25.00000000000000000, 0.000000000000000000 ) ) ;
#211 = CARTESIAN_POINT ( 'NONE',  ( 1.249999999999999778, 2.487034183642659713, 0.1000000000000000472 ) ) ;
#212 = EDGE_CURVE ( 'NONE', #805, #1545, #2069, .T. ) ;
#213 = LINE ( 'NONE', #707, #153 ) ;
#214 = ORIENTED_EDGE ( 'NONE', *, *, #2183, .F. ) ;
#215 = EDGE_CURVE ( 'NONE', #138, #637, #1766, .T. ) ;
#216 = CARTESIAN_POINT ( 'NONE',  ( 1.245602734211255003, 2.392704339357662580, 0.08785733481839107240 ) ) ;
#217 = CARTESIAN_POINT ( 'NONE',  ( -0.3498512665724866633, 1.370760042286694791, 0.2524282696244876112 ) ) ;
#218 = CARTESIAN_POINT ( 'NONE',  ( -1.117701293304310672, 0.7615072622314723594, 0.2724056259698685589 ) ) ;
#219 = CARTESIAN_POINT ( 'NONE',  ( -1.249999999999999778, 3.999999999999999112, -0.1000000000000000472 ) ) ;
#220 = EDGE_LOOP ( 'NONE', ( #1539, #470 ) ) ;
#221 = CARTESIAN_POINT ( 'NONE',  ( -0.8500000000000001998, 0.000000000000000000, 0.000000000000000000 ) ) ;
#222 = DIRECTION ( 'NONE',  ( 0.000000000000000000, 0.000000000000000000, -1.000000000000000000 ) ) ;
#223 = DIRECTION ( 'NONE',  ( -0.000000000000000000, -0.000000000000000000, -1.000000000000000000 ) ) ;
#224 = CARTESIAN_POINT ( 'NONE',  ( 1.249999999999999778, 2.487034183642660157, 4.065758146820641628E-17 ) ) ;
#225 = AXIS2_PLACEMENT_3D ( 'NONE', #1435, #929, #1448 ) ;
#226 = CARTESIAN_POINT ( 'NONE',  ( -0.9331235821119590046, 0.5675239515546879332, -0.3855553466739188306 ) ) ;
#227 = AXIS2_PLACEMENT_3D ( 'NONE', #11, #1804, #1055 ) ;
#228 = FACE_OUTER_BOUND ( 'NONE', #410, .T. ) ;
#229 = B_SPLINE_CURVE_WITH_KNOTS ( 'NONE', 3,
 ( #904, #2123, #1620, #1024, #146, #1572, #846, #2299, #1372, #1561, #1037, #1631, #1268, #34, #677, #2112 ),
 .UNSPECIFIED., .F., .F.,
 ( 4, 2, 2, 2, 2, 2, 2, 4 ),
 ( 2.448752649429178579E-17, 0.0002202683401476088904, 0.0004405366802951933320, 0.0008810733605903624862, 0.001101341700737947090, 0.001321610040885531695, 0.001541878381033116299, 0.001762146721180700903 ),
 .UNSPECIFIED. ) ;
#230 = ADVANCED_FACE ( 'NONE', ( #2253 ), #136, .T. ) ;
#231 = CARTESIAN_POINT ( 'NONE',  ( -0.4900629955753914024, 1.478045362229277959, -0.4272301733782156719 ) ) ;
#232 = B_SPLINE_CURVE_WITH_KNOTS ( 'NONE', 3,
 ( #1593, #173, #2154, #188, #545, #1398, #2131, #1245, #521, #1066 ),
 .UNSPECIFIED., .F., .F.,
 ( 4, 2, 2, 2, 4 ),
 ( 0.000000000000000000, 0.0004545784801992783686, 0.0009091569603985567372, 0.001363735440597835160, 0.001818313920797113474 ),
 .UNSPECIFIED. ) ;
#233 = CARTESIAN_POINT ( 'NONE',  ( 1.166247164223919608, 0.8185690671505836402, 0.09099983918962116503 ) ) ;
#234 = DIRECTION ( 'NONE',  ( -1.000000000000000000, 0.000000000000000000, 0.000000000000000000 ) ) ;
#235 = DIRECTION ( 'NONE',  ( 1.000000000000000000, 0.000000000000000000, 0.000000000000000000 ) ) ;
#236 = CARTESIAN_POINT ( 'NONE',  ( -1.046376584883057292, 2.077699426047866282, 0.5980193753832280246 ) ) ;
#237 = SURFACE_STYLE_USAGE ( .BOTH. , #1658 ) ;
#238 = CARTESIAN_POINT ( 'NONE',  ( -0.1468972117344729544, 1.511634677298559826, -0.3090952482034403093 ) ) ;
#239 = CARTESIAN_POINT ( 'NONE',  ( 0.1466248855365978598, 1.851786846500582895, -0.9367406282026214948 ) ) ;
#240 = ORIENTED_EDGE ( 'NONE', *, *, #986, .F. ) ;
#241 = CARTESIAN_POINT ( 'NONE',  ( 0.1225297330030508530, 2.389170535676050200, 1.228437043561567910 ) ) ;
#242 = DIRECTION ( 'NONE',  ( 0.000000000000000000, 1.000000000000000000, 0.000000000000000000 ) ) ;
#243 = EDGE_CURVE ( 'NONE', #1181, #166, #1651, .T. ) ;
#244 = CARTESIAN_POINT ( 'NONE',  ( 1.249989765024870580, 2.482509821290161067, 0.005472312291099481335 ) ) ;
#245 = DIRECTION ( 'NONE',  ( 0.000000000000000000, 0.000000000000000000, 1.000000000000000000 ) ) ;
#246 = ORIENTED_EDGE ( 'NONE', *, *, #986, .T. ) ;
#247 = DIRECTION ( 'NONE',  ( 0.000000000000000000, 0.000000000000000000, 1.000000000000000000 ) ) ;
#248 = PLANE ( 'NONE',  #2053 ) ;
#249 = CARTESIAN_POINT ( 'NONE',  ( 0.3015670383618087036, 1.362635749628516857, 0.06931188876037026880 ) ) ;
#250 = EDGE_CURVE ( 'NONE', #1545, #1777, #32, .T. ) ;
#251 = CARTESIAN_POINT ( 'NONE',  ( 0.6836526144912801195, 2.015066976296156831, 1.165419568117308513 ) ) ;
#252 = ORIENTED_EDGE ( 'NONE', *, *, #593, .F. ) ;
#253 = CARTESIAN_POINT ( 'NONE',  ( 0.3274870353962448521, 1.362536026408099676, 0.1942638234658354279 ) ) ;
#254 = CARTESIAN_POINT ( 'NONE',  ( 1.218744334443403465, 2.286371961832289745, 0.2600348636796765978 ) ) ;
#255 = CARTESIAN_POINT ( 'NONE',  ( 1.178625110849939261, 2.146814569906534853, 0.3437850781081247531 ) ) ;
#256 = CARTESIAN_POINT ( 'NONE',  ( -1.246526082211446784, 2.403752928414942147, 0.1000000000000000472 ) ) ;
#257 = B_SPLINE_CURVE_WITH_KNOTS ( 'NONE', 3,
 ( #363, #1063, #1758, #1783, #1229, #376, #1586, #2001, #1242, #1576 ),
 .UNSPECIFIED., .F., .F.,
 ( 4, 2, 2, 2, 4 ),
 ( -6.945058896722144483E-06, 0.0003954646318108646875, 0.0007978743225184514645, 0.001200284013226038783, 0.001602693703933625886 ),
 .UNSPECIFIED. ) ;
#258 = CARTESIAN_POINT ( 'NONE',  ( -1.249999999999999778, 2.487034183642660157, 4.065758146820641628E-17 ) ) ;
#259 = AXIS2_PLACEMENT_3D ( 'NONE', #2246, #1923, #1542 ) ;
#260 = CARTESIAN_POINT ( 'NONE',  ( -0.3274870353962967551, 1.362536026408012635, 0.1942638234658254914 ) ) ;
#261 = CARTESIAN_POINT ( 'NONE',  ( 0.1468972117344393424, 1.511634677298575147, -0.3090952482034337589 ) ) ;
#262 = CARTESIAN_POINT ( 'NONE',  ( 0.1071916578523198216, 1.503284083994683495, 0.2422012774904259425 ) ) ;
#263 = CARTESIAN_POINT ( 'NONE',  ( 1.243988517174899888, 2.344450515455577477, 0.1022041604913677265 ) ) ;
#264 = CARTESIAN_POINT ( 'NONE',  ( 0.000000000000000000, 0.08333333333333325932, 1.250000000000000000 ) ) ;
#265 = SURFACE_SIDE_STYLE ('',( #1872 ) ) ;
#266 = CARTESIAN_POINT ( 'NONE',  ( -0.06615730850731428581, 1.498454407650125608, -0.1000000000000000472 ) ) ;
#267 = CARTESIAN_POINT ( 'NONE',  ( -0.5415209736064865442, 1.651923420143489141, -0.6117291101058062175 ) ) ;
#268 = ORIENTED_EDGE ( 'NONE', *, *, #2078, .T. ) ;
#269 = CARTESIAN_POINT ( 'NONE',  ( 1.249996186395920361, 2.483020168748999001, -0.002909616618274542092 ) ) ;
#270 = CARTESIAN_POINT ( 'NONE',  ( 0.5958478200104782019, 1.690074918177868923, 0.6396518902169439080 ) ) ;
#271 = EDGE_CURVE ( 'NONE', #2143, #1920, #477, .T. ) ;
#272 = CARTESIAN_POINT ( 'NONE',  ( 1.219021561156248490, 2.234470433768844355, -0.2279791901116926256 ) ) ;
#273 = EDGE_CURVE ( 'NONE', #1594, #805, #1406, .T. ) ;
#274 = CARTESIAN_POINT ( 'NONE',  ( -0.3572795331380282935, 1.620795290126764820, 0.6261853687597079832 ) ) ;
#275 = ORIENTED_EDGE ( 'NONE', *, *, #1023, .F. ) ;
#276 = CARTESIAN_POINT ( 'NONE',  ( -0.8500000000000001998, 0.000000000000000000, 0.000000000000000000 ) ) ;
#277 = EDGE_CURVE ( 'NONE', #166, #1956, #473, .T. ) ;
#278 = ORIENTED_EDGE ( 'NONE', *, *, #178, .F. ) ;
#279 = CARTESIAN_POINT ( 'NONE',  ( -1.050341489014708696, 1.979699268451854621, -0.5266460462677846621 ) ) ;
#280 = EDGE_CURVE ( 'NONE', #1182, #856, #15, .T. ) ;
#281 = CARTESIAN_POINT ( 'NONE',  ( -1.246526082211446562, 2.403752928414941259, -0.1000000000000000472 ) ) ;
#282 = CARTESIAN_POINT ( 'NONE',  ( -1.249999999999999778, 2.487034183642660157, 4.065758146820641628E-17 ) ) ;
#283 = B_SPLINE_CURVE_WITH_KNOTS ( 'NONE', 3,
 ( #256, #752, #981, #2201, #974, #589, #1328, #236, #1157, #611, #2057, #964, #1669, #274, #1457, #2191, #793, #91 ),
 .UNSPECIFIED., .F., .F.,
 ( 4, 2, 2, 2, 2, 2, 2, 2, 4 ),
 ( 2.571993929916469779E-15, 0.0001192926920727886670, 0.0002385853841430053354, 0.0004771707682834383469, 0.0009543415365643044242, 0.001192926920704737680, 0.001431512304845171044, 0.001670097688985604407, 0.001908683073126037771 ),
 .UNSPECIFIED. ) ;
#284 = CYLINDRICAL_SURFACE ( 'NONE', #1869, 1.149999999999999911 ) ;
#285 = CARTESIAN_POINT ( 'NONE',  ( 0.2184108690300776145, 1.491336510844226027, -0.08063120517896599226 ) ) ;
#286 = CARTESIAN_POINT ( 'NONE',  ( 0.4091042757431634924, 1.400465240279068269, -0.3841504159622301517 ) ) ;
#287 = CARTESIAN_POINT ( 'NONE',  ( 0.3018794527781251125, 1.499829866957278490, -0.3284131640245285255 ) ) ;
#288 = EDGE_CURVE ( 'NONE', #1605, #381, #257, .T. ) ;
#289 = EDGE_LOOP ( 'NONE', ( #1728, #1945 ) ) ;
#290 = CARTESIAN_POINT ( 'NONE',  ( -1.212316722492829957, 1.420255868797460908, 0.4822545038535486772 ) ) ;
#291 = ORIENTED_EDGE ( 'NONE', *, *, #1501, .T. ) ;
#292 = CARTESIAN_POINT ( 'NONE',  ( -0.6774720849017845659, 2.568575489390147570, -1.105738479407256003 ) ) ;
#293 = CARTESIAN_POINT ( 'NONE',  ( 1.117701293304310672, 0.7615072622314723594, 0.2724056259698685589 ) ) ;
#294 = CARTESIAN_POINT ( 'NONE',  ( -1.242807544634521033, 2.359632362434229691, -0.1147549944291163943 ) ) ;
#295 = AXIS2_PLACEMENT_3D ( 'NONE', #990, #446, #2240 ) ;
#296 = CARTESIAN_POINT ( 'NONE',  ( 0.3015670383618294648, 1.362635749628509085, -0.06931188876049389214 ) ) ;
#297 = CARTESIAN_POINT ( 'NONE',  ( 0.8691833818632581643, 1.946788941460996680, 0.7077615237688450467 ) ) ;
#298 = AXIS2_PLACEMENT_3D ( 'NONE', #413, #1095, #1847 ) ;
#299 = CARTESIAN_POINT ( 'NONE',  ( -0.1167164591779638605, 1.218183161579781570, 0.3636418346912869692 ) ) ;
#300 = VECTOR ( 'NONE', #1197, 1000.000000000000000 ) ;
#301 = CARTESIAN_POINT ( 'NONE',  ( 0.5415209736068686830, 1.651923420143706522, -0.6117291101060532421 ) ) ;
#302 = PRODUCT_DEFINITION_FORMATION_WITH_SPECIFIED_SOURCE ( 'ANY', '', #77, .NOT_KNOWN. ) ;
#303 = EDGE_LOOP ( 'NONE', ( #1433, #2092, #1479, #827 ) ) ;
#304 = VERTEX_POINT ( 'NONE', #1962 ) ;
#305 = CARTESIAN_POINT ( 'NONE',  ( 1.249999999999999778, 2.487034183642660157, -0.1944597018558600621 ) ) ;
#306 = ORIENTED_EDGE ( 'NONE', *, *, #212, .F. ) ;
#307 = CARTESIAN_POINT ( 'NONE',  ( 0.2956371031849291953, 1.365139030794969566, 2.349740971005164714E-11 ) ) ;
#308 = CARTESIAN_POINT ( 'NONE',  ( -0.4457999975323116981, 1.587416645275125937, -0.5387994394126933706 ) ) ;
#309 = CARTESIAN_POINT ( 'NONE',  ( 0.1468972117344393424, 1.511634677298575147, -0.3090952482034337589 ) ) ;
#310 = CARTESIAN_POINT ( 'NONE',  ( -0.3157247111350721114, 1.360379183503799938, 0.1430548194330205358 ) ) ;
#311 = CARTESIAN_POINT ( 'NONE',  ( 1.227402671224545605, 2.307382899583166669, 0.2251053489064928081 ) ) ;
#312 = EDGE_CURVE ( 'NONE', #866, #1283, #1488, .T. ) ;
#313 = CARTESIAN_POINT ( 'NONE',  ( 0.9323710435954033482, 1.941827423764779681, -0.6244068269262840198 ) ) ;
#314 = VERTEX_POINT ( 'NONE', #1977 ) ;
#315 = CARTESIAN_POINT ( 'NONE',  ( -0.7270061330379403719, 2.561607146331045914, 1.074647448818511819 ) ) ;
#316 = ORIENTED_EDGE ( 'NONE', *, *, #2179, .F. ) ;
#317 = CARTESIAN_POINT ( 'NONE',  ( -0.1468972117344393979, 1.511634677298576701, -0.3090952482034450832 ) ) ;
#318 = CARTESIAN_POINT ( 'NONE',  ( 0.4900629955753914024, 1.478045362229277959, -0.4272301733782156719 ) ) ;
#319 = CARTESIAN_POINT ( 'NONE',  ( -1.187443940101937656, 2.227942349632551888, -0.3593496111799486803 ) ) ;
#320 = EDGE_CURVE ( 'NONE', #381, #2096, #557, .T. ) ;
#321 = CARTESIAN_POINT ( 'NONE',  ( 0.1468972117344708173, 1.511634677298548057, -0.3090952482034408644 ) ) ;
#322 = CARTESIAN_POINT ( 'NONE',  ( 0.4464421461294050264, 1.587835210415302400, 0.5394216758222468711 ) ) ;
#323 = CARTESIAN_POINT ( 'NONE',  ( 1.046376584883223160, 2.077699426047998621, 0.5980193753830702619 ) ) ;
#324 = CARTESIAN_POINT ( 'NONE',  ( 0.4773504127599314528, 1.691608471474604469, -0.7021150828203069905 ) ) ;
#325 = CARTESIAN_POINT ( 'NONE',  ( -1.163051783545298923, 2.499589545773273525, 0.5466625277190809706 ) ) ;
#326 = VERTEX_POINT ( 'NONE', #6 ) ;
#327 = ORIENTED_EDGE ( 'NONE', *, *, #1203, .T. ) ;
#328 = CARTESIAN_POINT ( 'NONE',  ( 0.1465517241379312441, 1.492399349031904743, 0.1944597018558602286 ) ) ;
#329 = CARTESIAN_POINT ( 'NONE',  ( 0.3498512665725409532, 1.370760042286610414, -0.2524282696244850577 ) ) ;
#330 = CARTESIAN_POINT ( 'NONE',  ( -0.6348194052310475177, 1.581564171352502157, 0.6026581564178704609 ) ) ;
#331 = CARTESIAN_POINT ( 'NONE',  ( -0.6053591978988385192, 2.578632451369337719, -1.141322464785768487 ) ) ;
#332 = CARTESIAN_POINT ( 'NONE',  ( 1.246526082211446784, 2.403752928414941259, 0.1000000000000000472 ) ) ;
#333 = MECHANICAL_DESIGN_GEOMETRIC_PRESENTATION_REPRESENTATION (  '', ( #959 ), #1862 ) ;
#334 = VECTOR ( 'NONE', #983, 1000.000000000000000 ) ;
#335 = CARTESIAN_POINT ( 'NONE',  ( -0.2310955324085017526, 1.487975741317208334, 0.1416022568609638099 ) ) ;
#336 = CARTESIAN_POINT ( 'NONE',  ( 0.3015670383618087036, 1.362635749628516857, 0.06931188876037026880 ) ) ;
#337 = ORIENTED_EDGE ( 'NONE', *, *, #780, .T. ) ;
#338 = VERTEX_POINT ( 'NONE', #2174 ) ;
#339 = EDGE_CURVE ( 'NONE', #805, #1777, #1086, .T. ) ;
#340 = CARTESIAN_POINT ( 'NONE',  ( 0.1465517241379312441, 1.492399349031904743, -0.1944597018558599510 ) ) ;
#341 = CARTESIAN_POINT ( 'NONE',  ( -0.3122595459678216279, 1.358179345371126168, -0.1324216768206577521 ) ) ;
#342 = CARTESIAN_POINT ( 'NONE',  ( -1.201146005692504293, 2.187447484922587559, 0.2879640858360202893 ) ) ;
#343 = CARTESIAN_POINT ( 'NONE',  ( -0.3576242020986777903, 2.612929138512493754, -1.228437045236235203 ) ) ;
#344 = CARTESIAN_POINT ( 'NONE',  ( -1.249999999999999778, 2.487034183642658380, 2.096681029236849127E-17 ) ) ;
#345 = CARTESIAN_POINT ( 'NONE',  ( -1.227304330178512703, 2.307110052526269772, -0.2255417009320668797 ) ) ;
#346 = CYLINDRICAL_SURFACE ( 'NONE', #1988, 1.149999999999999911 ) ;
#347 = CARTESIAN_POINT ( 'NONE',  ( -1.249999999999990674, 2.451882240276393787, -0.02547657634434141033 ) ) ;
#348 = ORIENTED_EDGE ( 'NONE', *, *, #1323, .T. ) ;
#349 = DIRECTION ( 'NONE',  ( 0.000000000000000000, 0.000000000000000000, 1.000000000000000000 ) ) ;
#350 = CARTESIAN_POINT ( 'NONE',  ( -1.160635811344204127, 2.118350599194773309, 0.3810088034916863098 ) ) ;
#351 = DIRECTION ( 'NONE',  ( 1.000000000000000000, 6.672013369141569161E-17, -0.000000000000000000 ) ) ;
#352 = ADVANCED_FACE ( 'NONE', ( #1428 ), #47, .F. ) ;
#353 = CARTESIAN_POINT ( 'NONE',  ( -0.1379286063325664557, 2.131420498802569341, 1.137150792842801295 ) ) ;
#354 = CARTESIAN_POINT ( 'NONE',  ( 0.08129785374360021244, 1.497746582899054157, -0.1745658963175450717 ) ) ;
#355 = CARTESIAN_POINT ( 'NONE',  ( -0.1741778515938767202, 1.522713386201157038, -0.3837912910394503663 ) ) ;
#356 = CARTESIAN_POINT ( 'NONE',  ( 1.246526082211446784, 2.403752928414941259, 0.1000000000000000472 ) ) ;
#357 = EDGE_LOOP ( 'NONE', ( #81, #1043, #200, #1472 ) ) ;
#358 = CARTESIAN_POINT ( 'NONE',  ( -1.245602734211246343, 2.392704339357658583, -0.08785733481838978176 ) ) ;
#359 = ORIENTED_EDGE ( 'NONE', *, *, #1694, .F. ) ;
#360 = CARTESIAN_POINT ( 'NONE',  ( -1.188548174089502529, 2.162134850088314852, 0.3216801613752262035 ) ) ;
#361 = SURFACE_SIDE_STYLE ('',( #1426 ) ) ;
#362 = CARTESIAN_POINT ( 'NONE',  ( 0.000000000000000000, 0.08333333333333325932, 1.250000000000000000 ) ) ;
#363 = CARTESIAN_POINT ( 'NONE',  ( 0.09999999999999972800, 2.648051208222845787, -1.250000000000000000 ) ) ;
#364 = CARTESIAN_POINT ( 'NONE',  ( -0.2499999999999996669, 2.487034183642659713, 1.250000000000000000 ) ) ;
#365 = CARTESIAN_POINT ( 'NONE',  ( -0.09999999999999974187, 2.849999999999999201, -0.1000000000000000472 ) ) ;
#366 = AXIS2_PLACEMENT_3D ( 'NONE', #1564, #97, #2085 ) ;
#367 = VECTOR ( 'NONE', #1239, 1000.000000000000000 ) ;
#368 = CARTESIAN_POINT ( 'NONE',  ( 0.09999999999999982514, 2.849999999999999201, 0.1000000000000000472 ) ) ;
#369 = AXIS2_PLACEMENT_3D ( 'NONE', #830, #662, #2093 ) ;
#370 = EDGE_LOOP ( 'NONE', ( #659, #877, #278, #1844 ) ) ;
#371 = VECTOR ( 'NONE', #961, 1000.000000000000000 ) ;
#372 = EDGE_CURVE ( 'NONE', #574, #637, #1074, .T. ) ;
#373 = CARTESIAN_POINT ( 'NONE',  ( -0.6750824509224520042, 1.816386034762040413, 0.7486530075426712783 ) ) ;
#374 = CARTESIAN_POINT ( 'NONE',  ( -0.09999999999999992228, 2.648051208222849340, -1.250000000000000222 ) ) ;
#375 = ORIENTED_EDGE ( 'NONE', *, *, #1976, .T. ) ;
#376 = CARTESIAN_POINT ( 'NONE',  ( 0.1477316817704099616, 1.808531010131259720, -0.9014854002159495838 ) ) ;
#377 = DIRECTION ( 'NONE',  ( 0.000000000000000000, 0.000000000000000000, 1.000000000000000000 ) ) ;
#378 = LINE ( 'NONE', #1042, #2091 ) ;
#379 = EDGE_CURVE ( 'NONE', #166, #1184, #2095, .T. ) ;
#380 = CARTESIAN_POINT ( 'NONE',  ( 1.219644486086894686, 2.491437381232775916, 0.4030364183749118867 ) ) ;
#381 = VERTEX_POINT ( 'NONE', #261 ) ;
#382 = CARTESIAN_POINT ( 'NONE',  ( -0.1744240480112548564, 1.522813368214433805, 0.3844653986024978987 ) ) ;
#383 = CARTESIAN_POINT ( 'NONE',  ( -0.8239514319340640602, 1.559005489833306335, 0.6047477463845105650 ) ) ;
#384 = MANIFOLD_SOLID_BREP ( 'Sweep1', #1905 ) ;
#385 = CARTESIAN_POINT ( 'NONE',  ( 0.1225297330030511722, 2.389170535676050200, -1.228437043561567910 ) ) ;
#386 = CARTESIAN_POINT ( 'NONE',  ( 0.7270061330379374853, 2.561607146331045914, 1.074647448818514262 ) ) ;
#387 = ADVANCED_FACE ( 'NONE', ( #616 ), #839, .T. ) ;
#388 = CARTESIAN_POINT ( 'NONE',  ( 0.9331235821119601148, 0.5675239515546879332, 0.3855553466739181645 ) ) ;
#389 = CARTESIAN_POINT ( 'NONE',  ( -0.1468972117344393702, 1.511634677298575369, 0.3090952482034345361 ) ) ;
#390 = B_SPLINE_CURVE_WITH_KNOTS ( 'NONE', 3,
 ( #307, #1047, #653, #159 ),
 .UNSPECIFIED., .F., .F.,
 ( 4, 4 ),
 ( 6.931188873687134215E-05, 0.0001386237775209217689 ),
 .UNSPECIFIED. ) ;
#391 = FACE_OUTER_BOUND ( 'NONE', #556, .T. ) ;
#392 = B_SPLINE_CURVE_WITH_KNOTS ( 'NONE', 3,
 ( #1113, #2210, #1838, #761, #255, #599, #436, #2190, #2200, #65, #1487, #1464, #947, #1667, #1133, #1500 ),
 .UNSPECIFIED., .F., .F.,
 ( 4, 2, 2, 2, 2, 2, 2, 4 ),
 ( 0.000000000000000000, 0.0002185958812749876133, 0.0004371917625499752266, 0.0008743835250999506701, 0.001092979406374938473, 0.001311575287649926385, 0.001530171168924914513, 0.001748767050199902424 ),
 .UNSPECIFIED. ) ;
#393 = CARTESIAN_POINT ( 'NONE',  ( 1.249999999999999778, 2.487034183642657048, 2.117948347845691589E-17 ) ) ;
#394 = CARTESIAN_POINT ( 'NONE',  ( -0.7565550379427383731, 1.694026463819764183, 0.6375045836888700856 ) ) ;
#395 = B_SPLINE_CURVE_WITH_KNOTS ( 'NONE', 3,
 ( #1513, #633, #1178, #2065, #1903, #1698, #2238, #2075, #1929, #835, #323, #989, #1710, #465, #311, #492, #1937, #332 ),
 .UNSPECIFIED., .F., .F.,
 ( 4, 2, 2, 2, 2, 2, 2, 2, 4 ),
 ( 2.946482727726714201E-18, 0.0002397602169244532214, 0.0004795204338489034612, 0.0007192806507733539179, 0.0009590408676978044288, 0.001438561301546706101, 0.001678321518471156612, 0.001798201626933382301, 0.001918081735395607773 ),
 .UNSPECIFIED. ) ;
#396 = CARTESIAN_POINT ( 'NONE',  ( -1.131037961527305624, 2.379803251255903973, 0.5820547207865639505 ) ) ;
#397 = CARTESIAN_POINT ( 'NONE',  ( 0.1474665721732064116, 1.548018891431125699, -0.4642293784495281073 ) ) ;
#398 = CARTESIAN_POINT ( 'NONE',  ( -1.249989765024870580, 2.482509821290191265, 0.005472312291124670387 ) ) ;
#399 = CARTESIAN_POINT ( 'NONE',  ( 0.2655137626106262583, 1.599630281418658928, -0.5820547207865628403 ) ) ;
#400 = CARTESIAN_POINT ( 'NONE',  ( 1.033870693951250530, 2.029607901715627882, 0.5537289601694849184 ) ) ;
#401 = DIRECTION ( 'NONE',  ( -1.000000000000000000, 0.000000000000000000, 0.000000000000000000 ) ) ;
#402 = AXIS2_PLACEMENT_3D ( 'NONE', #98, #1724, #1165 ) ;
#403 = DIRECTION ( 'NONE',  ( 4.336808689942017736E-18, 1.000000000000000000, 0.000000000000000000 ) ) ;
#404 = CARTESIAN_POINT ( 'NONE',  ( -1.249999999999997558, 1.651753729359039857, -0.1427297705227406621 ) ) ;
#405 = AXIS2_PLACEMENT_3D ( 'NONE', #1296, #2025, #415 ) ;
#406 = ADVANCED_FACE ( 'NONE', ( #795 ), #1390, .F. ) ;
#407 = MANIFOLD_SOLID_BREP ( 'Mirror1[2]', #1324 ) ;
#408 = CARTESIAN_POINT ( 'NONE',  ( 1.086676002851183931, 2.510558919149452617, -0.6967050976528108563 ) ) ;
#409 = AXIS2_PLACEMENT_3D ( 'NONE', #586, #78, #945 ) ;
#410 = EDGE_LOOP ( 'NONE', ( #508, #2243, #2317, #709 ) ) ;
#411 = CARTESIAN_POINT ( 'NONE',  ( -1.249999999999999778, 2.487034183642659713, 0.000000000000000000 ) ) ;
#412 = ORIENTED_EDGE ( 'NONE', *, *, #1803, .F. ) ;
#413 = CARTESIAN_POINT ( 'NONE',  ( 0.000000000000000000, 0.08333333333333325932, -0.1000000000000000472 ) ) ;
#414 = CARTESIAN_POINT ( 'NONE',  ( 1.249996589996002383, 2.484018299335572610, 0.003648513206184199852 ) ) ;
#415 = DIRECTION ( 'NONE',  ( -1.000000000000000000, 0.000000000000000000, 0.000000000000000000 ) ) ;
#416 = EDGE_LOOP ( 'NONE', ( #1950, #2270, #1607, #426 ) ) ;
#417 = DIRECTION ( 'NONE',  ( -0.000000000000000000, -0.000000000000000000, -1.000000000000000000 ) ) ;
#418 = DIRECTION ( 'NONE',  ( -0.000000000000000000, -0.000000000000000000, -1.000000000000000000 ) ) ;
#419 = CARTESIAN_POINT ( 'NONE',  ( -0.7485458709196106675, 0.3735406408779021192, -0.2724056259698683369 ) ) ;
#420 = B_SPLINE_CURVE_WITH_KNOTS ( 'NONE', 3,
 ( #864, #1759, #701, #874 ),
 .UNSPECIFIED., .F., .F.,
 ( 4, 4 ),
 ( 8.348576733797188933E-18, 0.0002257628000565601299 ),
 .UNSPECIFIED. ) ;
#421 = CARTESIAN_POINT ( 'NONE',  ( 0.3257548038085613107, 1.362885215542616768, 0.1790610599529288971 ) ) ;
#422 = CARTESIAN_POINT ( 'NONE',  ( 1.163051783545299367, 2.499589545773273525, 0.5466625277190797494 ) ) ;
#423 = CARTESIAN_POINT ( 'NONE',  ( -0.1468972117344393979, 1.511634677298576701, -0.3090952482034450832 ) ) ;
#424 = CARTESIAN_POINT ( 'NONE',  ( 1.187291712130936538, 2.227689920903172194, 0.3597847747269775631 ) ) ;
#425 = FACE_OUTER_BOUND ( 'NONE', #1159, .T. ) ;
#426 = ORIENTED_EDGE ( 'NONE', *, *, #107, .F. ) ;
#427 = CARTESIAN_POINT ( 'NONE',  ( -0.8500000000000001998, 0.000000000000000000, 0.000000000000000000 ) ) ;
#428 = CARTESIAN_POINT ( 'NONE',  ( -1.157839868292736663, 1.639965617437330714, -0.4272301733782155608 ) ) ;
#429 = CARTESIAN_POINT ( 'NONE',  ( 1.249999999999999778, 3.999999999999999112, 0.1000000000000000472 ) ) ;
#430 = CARTESIAN_POINT ( 'NONE',  ( -0.09999999999999974187, 2.849999999999999201, -0.1000000000000000472 ) ) ;
#431 = CARTESIAN_POINT ( 'NONE',  ( 0.1482914987781356886, 1.656353424684307019, 0.6967050963306045119 ) ) ;
#432 = CARTESIAN_POINT ( 'NONE',  ( -0.8500000000000000888, 0.000000000000000000, 0.000000000000000000 ) ) ;
#433 = CARTESIAN_POINT ( 'NONE',  ( 0.9079067405939813540, 1.836054561286874387, 0.6162973906621324049 ) ) ;
#434 = EDGE_CURVE ( 'NONE', #338, #1594, #538, .T. ) ;
#435 = CARTESIAN_POINT ( 'NONE',  ( 0.09999999999999974187, 2.849999999999999201, -0.1000000000000000472 ) ) ;
#436 = CARTESIAN_POINT ( 'NONE',  ( 1.001566030094639626, 1.925226459235553911, 0.5794879660411560440 ) ) ;
#437 = DIRECTION ( 'NONE',  ( -0.000000000000000000, -0.000000000000000000, 1.000000000000000000 ) ) ;
#438 =( NAMED_UNIT ( * ) PLANE_ANGLE_UNIT ( ) SI_UNIT ( $, .RADIAN. ) );
#439 = AXIS2_PLACEMENT_3D ( 'NONE', #276, #2223, #1522 ) ;
#440 = ADVANCED_FACE ( 'NONE', ( #1248 ), #696, .F. ) ;
#441 = CARTESIAN_POINT ( 'NONE',  ( -0.9580419544606053606, 1.883724336462096582, -0.5933425872659835454 ) ) ;
#442 = ADVANCED_FACE ( 'NONE', ( #1389 ), #1644, .F. ) ;
#443 = DIRECTION ( 'NONE',  ( 0.000000000000000000, 0.000000000000000000, 1.000000000000000000 ) ) ;
#444 = CARTESIAN_POINT ( 'NONE',  ( 1.249999999999999778, 2.487034183642659713, -0.1000000000000000472 ) ) ;
#445 = B_SPLINE_CURVE_WITH_KNOTS ( 'NONE', 3,
 ( #2303, #1429, #1954, #1383 ),
 .UNSPECIFIED., .F., .F.,
 ( 4, 4 ),
 ( 0.000000000000000000, 1.000000000000000000 ),
 .UNSPECIFIED. ) ;
#446 = DIRECTION ( 'NONE',  ( 0.000000000000000000, 0.000000000000000000, -1.000000000000000000 ) ) ;
#447 = CARTESIAN_POINT ( 'NONE',  ( 0.9074570671750931128, 1.835626422535612257, -0.6165295916893855921 ) ) ;
#448 = EDGE_CURVE ( 'NONE', #651, #314, #499, .T. ) ;
#449 = CARTESIAN_POINT ( 'NONE',  ( -1.117701293304310672, 0.7615072622314723594, 0.2724056259698685589 ) ) ;
#450 = ORIENTED_EDGE ( 'NONE', *, *, #273, .F. ) ;
#451 = CARTESIAN_POINT ( 'NONE',  ( -1.248727591186253205, 2.430095724374218502, -0.06862233074293357105 ) ) ;
#452 = VERTEX_POINT ( 'NONE', #329 ) ;
#453 = DIRECTION ( 'NONE',  ( 0.3527617038400026606, 0.1358074665509006462, 0.9258053317695488227 ) ) ;
#454 = CARTESIAN_POINT ( 'NONE',  ( -0.1083357684714647828, 1.503524722024049298, -0.2441289089100356080 ) ) ;
#455 = CARTESIAN_POINT ( 'NONE',  ( -0.4769654986012776265, 1.450361382569587576, -0.4790075846402161996 ) ) ;
#456 = CARTESIAN_POINT ( 'NONE',  ( -1.249999999999999778, 2.487034183642659713, -0.1000000000000000472 ) ) ;
#457 = DIRECTION ( 'NONE',  ( 0.06150118303212877974, -0.7359102935320078753, -0.6742800934027954884 ) ) ;
#458 = DIRECTION ( 'NONE',  ( -0.3527617038399639138, 0.1358074665508709200, 0.9258053317695679185 ) ) ;
#459 = CARTESIAN_POINT ( 'NONE',  ( 1.227093905264820650, 2.306501775863305070, -0.2265012330988160905 ) ) ;
#460 = CARTESIAN_POINT ( 'NONE',  ( -0.09999999999999957534, 0.08333333333333325932, 1.250000000000000000 ) ) ;
#461 = LINE ( 'NONE', #612, #334 ) ;
#462 = CARTESIAN_POINT ( 'NONE',  ( 0.7485458709196106675, 0.3735406408779021192, -0.2724056259698683369 ) ) ;
#463 = CARTESIAN_POINT ( 'NONE',  ( -1.215853403515325670, 2.260765232554889703, -0.2434268096973806750 ) ) ;
#464 = CARTESIAN_POINT ( 'NONE',  ( 0.7637069259157668322, 1.812539509173419772, 0.6715577881274462646 ) ) ;
#465 = CARTESIAN_POINT ( 'NONE',  ( 1.219068581789533923, 2.287115090595494671, 0.2587986034955246928 ) ) ;
#466 = CARTESIAN_POINT ( 'NONE',  ( 0.7933661861874876653, 1.728978542505359206, -0.6398276956267401339 ) ) ;
#467 = CARTESIAN_POINT ( 'NONE',  ( 0.3498512665725397319, 1.370760042286608194, -0.2524282696244797286 ) ) ;
#468 = UNCERTAINTY_MEASURE_WITH_UNIT (LENGTH_MEASURE( 1.000000000000000082E-05 ), #1212, 'distance_accuracy_value', 'NONE');
#469 = ORIENTED_EDGE ( 'NONE', *, *, #1100, .F. ) ;
#470 = ORIENTED_EDGE ( 'NONE', *, *, #112, .T. ) ;
#471 = CARTESIAN_POINT ( 'NONE',  ( 1.249999999999997558, 1.651753729359039857, 0.000000000000000000 ) ) ;
#472 = B_SPLINE_CURVE_WITH_KNOTS ( 'NONE', 3,
 ( #1578, #1395, #2129, #886, #554, #504, #717, #1613, #1252, #184 ),
 .UNSPECIFIED., .F., .F.,
 ( 4, 2, 2, 2, 4 ),
 ( 0.000000000000000000, 0.0004545784801992781518, 0.0009091569603985563035, 0.001363735440597834943, 0.001818313920797113474 ),
 .UNSPECIFIED. ) ;
#473 = B_SPLINE_CURVE_WITH_KNOTS ( 'NONE', 3,
 ( #2139, #1250, #1600, #2149, #690, #1073, #530 ),
 .UNSPECIFIED., .F., .F.,
 ( 4, 3, 4 ),
 ( -7.436453938926270616E-06, -8.470329472543003391E-22, 0.0001224829580871697238 ),
 .UNSPECIFIED. ) ;
#474 = CARTESIAN_POINT ( 'NONE',  ( 1.249999999999999778, 2.487034183642660157, 4.065758146820641628E-17 ) ) ;
#475 = CARTESIAN_POINT ( 'NONE',  ( -0.6578420417598063175, 1.602482914066155173, -0.6123726315270267007 ) ) ;
#476 = EDGE_CURVE ( 'NONE', #1521, #837, #1108, .T. ) ;
#477 = CIRCLE ( 'NONE', #1792, 1.149999999999999911 ) ;
#478 = ORIENTED_EDGE ( 'NONE', *, *, #516, .T. ) ;
#479 = CARTESIAN_POINT ( 'NONE',  ( 0.08077249341823868056, 1.497771143642125713, -0.1719785301107829845 ) ) ;
#480 = LINE ( 'NONE', #1154, #2285 ) ;
#481 = AXIS2_PLACEMENT_3D ( 'NONE', #1298, #82, #782 ) ;
#482 = CYLINDRICAL_SURFACE ( 'NONE', #2313, 1.149999999999999911 ) ;
#483 = CARTESIAN_POINT ( 'NONE',  ( 0.9286209911570652009, 1.989403549260107651, -0.6766927355127757560 ) ) ;
#484 = B_SPLINE_SURFACE_WITH_KNOTS ( 'NONE', 3, 3, ( 
 ( #1659, #572, #1103, #258 ),
 ( #592, #1459, #404, #1633 ),
 ( #1481, #1310, #428, #930 ),
 ( #1270, #226, #603, #2008 ),
 ( #1831, #419, #1437, #1999 ),
 ( #1858, #772, #1842, #1647 ),
 ( #1468, #2193, #2170, #580 ),
 ( #70, #1281, #967, #48 ),
 ( #1289, #2181, #383, #1820 ),
 ( #1118, #218, #1684, #396 ),
 ( #2204, #2027, #1127, #2213 ),
 ( #734, #1851, #951, #745 ) ),
 .UNSPECIFIED., .T., .F., .F.,
 ( 4, 1, 1, 1, 2, 1, 1, 1, 4 ),
 ( 4, 4 ),
 ( 0.000000000000000000, 0.1250000000000000000, 0.2500000000000000000, 0.3750000000000000000, 0.5000000000000000000, 0.6250000000000000000, 0.7500000000000000000, 0.8750000000000000000, 1.000000000000000000 ),
 ( 0.000000000000000000, 1.000000000000000000 ),
 .UNSPECIFIED. ) ;
#485 = CARTESIAN_POINT ( 'NONE',  ( -1.249997531406758844, 1.377636584694461375, 0.2944543989075631973 ) ) ;
#486 = CARTESIAN_POINT ( 'NONE',  ( -0.09999999999999972800, 2.648051208222845787, -1.250000000000000000 ) ) ;
#487 = CARTESIAN_POINT ( 'NONE',  ( 1.131037961527305180, 2.379803251255902197, -0.5820547207865627293 ) ) ;
#488 = CARTESIAN_POINT ( 'NONE',  ( -1.035492554647825303, 2.073525338526299500, -0.5935093484453364265 ) ) ;
#489 = EDGE_LOOP ( 'NONE', ( #1246, #1664, #796, #1376 ) ) ;
#490 = CARTESIAN_POINT ( 'NONE',  ( -0.8500000000000000888, 0.000000000000000000, 0.000000000000000000 ) ) ;
#491 = CARTESIAN_POINT ( 'NONE',  ( 0.3498512665724866078, 1.370760042286694347, 0.2524282696244872226 ) ) ;
#492 = CARTESIAN_POINT ( 'NONE',  ( 1.239889172101956261, 2.351265527913837694, 0.1597896298471885301 ) ) ;
#493 = CARTESIAN_POINT ( 'NONE',  ( 1.224594505249190446, 2.283213140039500821, -0.2109881576720903651 ) ) ;
#494 = EDGE_LOOP ( 'NONE', ( #246, #175, #682, #2133 ) ) ;
#495 = CARTESIAN_POINT ( 'NONE',  ( -1.249999999999999778, 2.487034183642660157, 0.1944597018558601731 ) ) ;
#496 = DIRECTION ( 'NONE',  ( 6.672013369141569161E-17, 1.000000000000000000, 0.000000000000000000 ) ) ;
#497 = EDGE_LOOP ( 'NONE', ( #1680, #133, #615 ) ) ;
#498 = DIRECTION ( 'NONE',  ( 0.9344628985898255635, 0.000000000000000000, 0.3560605161473280322 ) ) ;
#499 = LINE ( 'NONE', #1974, #515 ) ;
#500 = CARTESIAN_POINT ( 'NONE',  ( 0.3498512665724932136, 1.370760042286671254, -0.2524282696244894986 ) ) ;
#501 = CARTESIAN_POINT ( 'NONE',  ( -0.1482941724855325327, 1.700648892228401099, -0.7633677785159994622 ) ) ;
#502 = CARTESIAN_POINT ( 'NONE',  ( 1.246526082211462549, 2.403752928415131329, -0.1000000000000000472 ) ) ;
#503 = CARTESIAN_POINT ( 'NONE',  ( -1.244082121349384895, 2.374509003875652002, -0.1275650030626370168 ) ) ;
#504 = CARTESIAN_POINT ( 'NONE',  ( 0.8041436677326021520, 2.550754317823806794, -1.021500608377051922 ) ) ;
#505 = ADVANCED_FACE ( 'NONE', ( #1035 ), #1884, .F. ) ;
#506 = ORIENTED_EDGE ( 'NONE', *, *, #952, .T. ) ;
#507 = CARTESIAN_POINT ( 'NONE',  ( -1.086676002851184597, 2.510558919149449952, 0.6967050976528098571 ) ) ;
#508 = ORIENTED_EDGE ( 'NONE', *, *, #250, .F. ) ;
#509 = CARTESIAN_POINT ( 'NONE',  ( 0.9331235821119590046, 0.5675239515546879332, -0.3855553466739188306 ) ) ;
#510 = CARTESIAN_POINT ( 'NONE',  ( 0.1477316453662655127, 1.808534298445291233, 0.9014889647684818375 ) ) ;
#511 = CARTESIAN_POINT ( 'NONE',  ( -1.178625110849282231, 2.146814569905452164, 0.3437850781095434516 ) ) ;
#512 = CARTESIAN_POINT ( 'NONE',  ( 1.246475730621809497, 2.381572272319382400, -0.07578740647615915538 ) ) ;
#513 = CARTESIAN_POINT ( 'NONE',  ( -1.250000000000166311, 2.487034280069124303, -0.1932042899917027767 ) ) ;
#514 = CARTESIAN_POINT ( 'NONE',  ( -1.249999999999999778, 2.487034183642660157, 4.065758146820642244E-17 ) ) ;
#515 = VECTOR ( 'NONE', #2121, 1000.000000000000000 ) ;
#516 = EDGE_CURVE ( 'NONE', #1579, #2107, #1111, .T. ) ;
#517 = AXIS2_PLACEMENT_3D ( 'NONE', #427, #1480, #1857 ) ;
#518 = CARTESIAN_POINT ( 'NONE',  ( 1.000000000000000222, 0.000000000000000000, 1.836970198721032522E-17 ) ) ;
#519 = CARTESIAN_POINT ( 'NONE',  ( 1.248831442242890777, 2.416732083430710443, -0.05076742037181493361 ) ) ;
#520 = AXIS2_PLACEMENT_3D ( 'NONE', #2041, #2014, #235 ) ;
#521 = CARTESIAN_POINT ( 'NONE',  ( -0.2501517724926025088, 2.627683974079007889, 1.250000000000000000 ) ) ;
#522 = AXIS2_PLACEMENT_3D ( 'NONE', #172, #1746, #2161 ) ;
#523 = ADVANCED_FACE ( 'NONE', ( #563 ), #484, .F. ) ;
#524 = ORIENTED_EDGE ( 'NONE', *, *, #1434, .F. ) ;
#525 =( BOUNDED_SURFACE ( )  B_SPLINE_SURFACE ( 3, 2, ( 
 ( #19, #358, #2305 ),
 ( #2142, #1278, #1089 ),
 ( #1788, #1423, #347 ),
 ( #31, #2005, #1580 ) ),
 .UNSPECIFIED., .F., .F., .T. ) 
 B_SPLINE_SURFACE_WITH_KNOTS ( ( 4, 4 ),
 ( 3, 3 ),
 ( -1.962948033285005778E-16, 0.0001474545925827421141 ),
 ( 0.000000000000000000, 1.000000000000000000 ),
 .UNSPECIFIED. ) 
 GEOMETRIC_REPRESENTATION_ITEM ( )  RATIONAL_B_SPLINE_SURFACE ( (
 ( 1.000000000000000000, 0.9985013301535161645, 1.000000000000000000),
 ( 1.000000000000000000, 0.9995010322424623395, 1.000000000000000000),
 ( 1.000000000000000000, 0.9999997602759000959, 1.000000000000000000),
 ( 1.000000000000000000, 1.000000000000000000, 1.000000000000000000) ) ) 
 REPRESENTATION_ITEM ( '' )  SURFACE ( )  );
#526 = CARTESIAN_POINT ( 'NONE',  ( -0.8239514319340640602, 1.559005489833306335, 0.6047477463845105650 ) ) ;
#527 = CARTESIAN_POINT ( 'NONE',  ( -0.6098675764419380085, 1.559686895703819687, 0.5890078260928596210 ) ) ;
#528 = CARTESIAN_POINT ( 'NONE',  ( -0.3015670383618389572, 1.362635749628505089, -0.06931188876055120740 ) ) ;
#529 = CARTESIAN_POINT ( 'NONE',  ( -0.1466248855365993309, 1.851786846500611095, -0.9367406282026443654 ) ) ;
#530 = CARTESIAN_POINT ( 'NONE',  ( -1.246475730621794176, 2.381572272319173678, -0.07578740647631281024 ) ) ;
#531 = B_SPLINE_CURVE_WITH_KNOTS ( 'NONE', 3,
 ( #809, #2236, #987, #1001, #1141, #134, #1916, #2227, #1526, #617, #2251, #833, #1333, #1162, #1887, #309 ),
 .UNSPECIFIED., .F., .F.,
 ( 4, 2, 2, 2, 2, 2, 2, 4 ),
 ( 2.567873569671673923E-15, 0.0001200122094155016791, 0.0002400244188284354795, 0.0004800488376543030804, 0.0009600976753060390953, 0.001440146512957774568, 0.001680170931783642359, 0.001920195350609509933 ),
 .UNSPECIFIED. ) ;
#532 = FACE_OUTER_BOUND ( 'NONE', #416, .T. ) ;
#533 = FACE_OUTER_BOUND ( 'NONE', #622, .T. ) ;
#534 = EDGE_LOOP ( 'NONE', ( #1018, #1337 ) ) ;
#535 = DIRECTION ( 'NONE',  ( -1.000000000000000000, 0.000000000000000000, 0.000000000000000000 ) ) ;
#536 = ORIENTED_EDGE ( 'NONE', *, *, #1619, .T. ) ;
#537 = CARTESIAN_POINT ( 'NONE',  ( -0.4774394751950967186, 1.450733707595640576, 0.4795754104245223970 ) ) ;
#538 = LINE ( 'NONE', #1070, #1940 ) ;
#539 = CARTESIAN_POINT ( 'NONE',  ( -0.7000000000000000666, -25.00000000000000000, 0.000000000000000000 ) ) ;
#540 = CARTESIAN_POINT ( 'NONE',  ( -1.246526082211696140, 2.403752928417926427, 0.09999999999999975575 ) ) ;
#541 = DIRECTION ( 'NONE',  ( 0.9920396156904247587, 0.000000000000000000, 0.1259261724217586031 ) ) ;
#542 = DIRECTION ( 'NONE',  ( -0.000000000000000000, -1.000000000000000000, -0.000000000000000000 ) ) ;
#543 = ORIENTED_EDGE ( 'NONE', *, *, #1377, .F. ) ;
#544 = ADVANCED_FACE ( 'NONE', ( #2034 ), #248, .F. ) ;
#545 = CARTESIAN_POINT ( 'NONE',  ( -1.016880817392169734, 2.520580808269025752, 0.8101487469153663135 ) ) ;
#546 = ORIENTED_EDGE ( 'NONE', *, *, #792, .F. ) ;
#547 = EDGE_CURVE ( 'NONE', #1605, #1968, #1144, .T. ) ;
#548 = DIRECTION ( 'NONE',  ( -0.000000000000000000, -1.000000000000000000, -0.000000000000000000 ) ) ;
#549 = CARTESIAN_POINT ( 'NONE',  ( -1.035671068825591234, 2.073693828729585853, 0.5932662797870885685 ) ) ;
#550 = CARTESIAN_POINT ( 'NONE',  ( -0.09999999999999972800, 2.648051208222845787, 1.250000000000000000 ) ) ;
#551 = EDGE_CURVE ( 'NONE', #837, #1856, #461, .T. ) ;
#552 = DIRECTION ( 'NONE',  ( 0.000000000000000000, 0.000000000000000000, 1.000000000000000000 ) ) ;
#553 = CARTESIAN_POINT ( 'NONE',  ( 1.249999999999999778, 2.487034183642660157, 2.032879073410320814E-17 ) ) ;
#554 = CARTESIAN_POINT ( 'NONE',  ( 1.016880817392169511, 2.520580808269025752, -0.8101487469153665355 ) ) ;
#555 = VECTOR ( 'NONE', #1442, 1000.000000000000000 ) ;
#556 = EDGE_LOOP ( 'NONE', ( #1098, #275, #1267 ) ) ;
#557 = B_SPLINE_CURVE_WITH_KNOTS ( 'NONE', 3,
 ( #2309, #162, #354, #725 ),
 .UNSPECIFIED., .F., .F.,
 ( 4, 4 ),
 ( 6.698678436134476057E-18, 0.0002245294508575431715 ),
 .UNSPECIFIED. ) ;
#558 = CIRCLE ( 'NONE', #1866, 0.1500000000000000500 ) ;
#559 = CARTESIAN_POINT ( 'NONE',  ( 0.09999999999999972800, 2.648051208222845787, 1.250000000000000000 ) ) ;
#560 = VERTEX_POINT ( 'NONE', #2068 ) ;
#561 = CARTESIAN_POINT ( 'NONE',  ( 0.000000000000000000, 0.08333333333333325932, 0.1000000000000000472 ) ) ;
#562 = CARTESIAN_POINT ( 'NONE',  ( -0.3034664253799825850, 1.590678907831848399, 0.5764860035142129746 ) ) ;
#563 = FACE_OUTER_BOUND ( 'NONE', #1824, .T. ) ;
#564 = CARTESIAN_POINT ( 'NONE',  ( 0.6836526144912777880, 2.015066976296155499, -1.165419568117308069 ) ) ;
#565 = CARTESIAN_POINT ( 'NONE',  ( -0.2956371031849291953, 1.365139030794969566, -1.696609491225957445E-11 ) ) ;
#566 = ORIENTED_EDGE ( 'NONE', *, *, #1839, .T. ) ;
#567 = CARTESIAN_POINT ( 'NONE',  ( 0.4900629955753907918, 1.478045362229278181, 0.4272301733782165045 ) ) ;
#568 = FACE_OUTER_BOUND ( 'NONE', #50, .T. ) ;
#569 = CARTESIAN_POINT ( 'NONE',  ( 1.016875042678497154, 2.520581634330359311, 0.8101565642888783891 ) ) ;
#570 = CARTESIAN_POINT ( 'NONE',  ( 1.248539337848975750, 2.424128301633208693, 0.05883537405637231238 ) ) ;
#571 = CARTESIAN_POINT ( 'NONE',  ( -1.050503920552452897, 1.979897631504917266, 0.5264385384130624290 ) ) ;
#572 = CARTESIAN_POINT ( 'NONE',  ( -1.166247164223919608, 0.8185690671505836402, 0.000000000000000000 ) ) ;
#573 = CARTESIAN_POINT ( 'NONE',  ( 0.1474625560824076032, 1.798596022900698754, -0.8837957535544883614 ) ) ;
#574 = VERTEX_POINT ( 'NONE', #266 ) ;
#575 = FACE_OUTER_BOUND ( 'NONE', #1233, .T. ) ;
#576 = CARTESIAN_POINT ( 'NONE',  ( 1.244063453020988641, 2.374285622559669573, 0.1277762238760130065 ) ) ;
#577 = DIRECTION ( 'NONE',  ( -0.000000000000000000, 0.000000000000000000, -1.000000000000000000 ) ) ;
#578 = EDGE_CURVE ( 'NONE', #1968, #892, #56, .T. ) ;
#579 = FACE_OUTER_BOUND ( 'NONE', #777, .T. ) ;
#580 = CARTESIAN_POINT ( 'NONE',  ( -0.1465517241379312441, 1.492399349031904743, 0.1944597018558602286 ) ) ;
#581 = CARTESIAN_POINT ( 'NONE',  ( 1.249997531406758844, 1.377636584694461375, -0.2944543989075656953 ) ) ;
#582 = ORIENTED_EDGE ( 'NONE', *, *, #1501, .F. ) ;
#583 = B_SPLINE_CURVE_WITH_KNOTS ( 'NONE', 3,
 ( #553, #716, #150, #1565, #9, #2116, #1420 ),
 .UNSPECIFIED., .F., .F.,
 ( 4, 3, 4 ),
 ( -7.436453938926319744E-06, 8.470329472543003391E-22, 0.0001224829580871661188 ),
 .UNSPECIFIED. ) ;
#584 = PRESENTATION_STYLE_ASSIGNMENT (( #2196 ) ) ;
#585 = CARTESIAN_POINT ( 'NONE',  ( 1.166247164223919608, 0.8185690671505836402, 0.000000000000000000 ) ) ;
#586 = CARTESIAN_POINT ( 'NONE',  ( 1.545483906875205316, 2.378768551850505730, 0.09999999999999978351 ) ) ;
#587 = EDGE_CURVE ( 'NONE', #801, #2105, #845, .T. ) ;
#588 = CARTESIAN_POINT ( 'NONE',  ( -0.5035236013179672510, 1.052411079003396699, -2.538280457507977673E-19 ) ) ;
#589 = CARTESIAN_POINT ( 'NONE',  ( -1.188020350760475186, 2.228781982936070882, 0.3578763079143609249 ) ) ;
#590 = CIRCLE ( 'NONE', #1517, 0.1500000000000000500 ) ;
#591 = DIRECTION ( 'NONE',  ( -1.000000000000000000, 7.070883733601116999E-17, 0.000000000000000000 ) ) ;
#592 = CARTESIAN_POINT ( 'NONE',  ( -1.000000000000000000, 0.000000000000000000, -0.03926990785650168875 ) ) ;
#593 = EDGE_CURVE ( 'NONE', #304, #1594, #666, .T. ) ;
#594 = DIRECTION ( 'NONE',  ( 0.3527617038399594174, -0.1358074665508675616, 0.9258053317695702500 ) ) ;
#595 = PRESENTATION_LAYER_ASSIGNMENT (  '', '', ( #1990 ) ) ;
#596 = CARTESIAN_POINT ( 'NONE',  ( 0.1425176973933942881, 2.017785267673742666, 1.074647445496971887 ) ) ;
#597 = CARTESIAN_POINT ( 'NONE',  ( 1.249999999999999778, 2.487034183642660157, 2.032879073410320814E-17 ) ) ;
#598 = CARTESIAN_POINT ( 'NONE',  ( 1.239761472256017072, 2.315016108375205217, 0.1332128401729057998 ) ) ;
#599 = CARTESIAN_POINT ( 'NONE',  ( 1.090429421994361103, 2.020068191494059473, 0.4976831698119294489 ) ) ;
#600 = CARTESIAN_POINT ( 'NONE',  ( -1.249999999999999778, 2.487034183642660157, 4.065758146820641628E-17 ) ) ;
#601 = ORIENTED_EDGE ( 'NONE', *, *, #547, .F. ) ;
#602 = DIRECTION ( 'NONE',  ( -1.000000000000000000, 0.000000000000000000, 0.000000000000000000 ) ) ;
#603 = CARTESIAN_POINT ( 'NONE',  ( -0.8239514319340628390, 1.559005489833306557, -0.6047477463845118972 ) ) ;
#604 = CARTESIAN_POINT ( 'NONE',  ( 0.3576242020986625247, 2.612929138512499527, -1.228437045236240310 ) ) ;
#605 = SURFACE_SIDE_STYLE ('',( #747 ) ) ;
#606 = DIRECTION ( 'NONE',  ( -1.000000000000000000, 0.000000000000000000, 0.000000000000000000 ) ) ;
#607 = CARTESIAN_POINT ( 'NONE',  ( 0.9332330840779974324, 1.942544282093803032, 0.6239034672757093336 ) ) ;
#608 = CARTESIAN_POINT ( 'NONE',  ( -0.09999999999999982514, 3.999999999999999112, -0.1000000000000000472 ) ) ;
#609 = B_SPLINE_CURVE_WITH_KNOTS ( 'NONE', 3,
 ( #1028, #355, #1064, #1773, #851, #1589, #1217, #898, #1577, #1262, #1231, #680, #345, #2310, #503, #1938 ),
 .UNSPECIFIED., .F., .F.,
 ( 4, 2, 2, 2, 2, 2, 2, 4 ),
 ( 3.534066705296718511E-18, 0.0002404634688889672903, 0.0004809269377779311653, 0.0009618538755558586444, 0.001442780813333786232, 0.001683244282222749917, 0.001803476016667231435, 0.001923707751111713169 ),
 .UNSPECIFIED. ) ;
#610 = EDGE_CURVE ( 'NONE', #574, #92, #1584, .T. ) ;
#611 = CARTESIAN_POINT ( 'NONE',  ( -0.7441634446750263754, 1.861554348351755594, 0.7439237449179735284 ) ) ;
#612 = CARTESIAN_POINT ( 'NONE',  ( 0.09999999999999957534, 0.08333333333333325932, 1.250000000000000000 ) ) ;
#613 = EDGE_CURVE ( 'NONE', #1581, #52, #84, .T. ) ;
#614 = DIRECTION ( 'NONE',  ( -1.000000000000000000, 0.000000000000000000, 0.000000000000000000 ) ) ;
#615 = ORIENTED_EDGE ( 'NONE', *, *, #1496, .F. ) ;
#616 = FACE_OUTER_BOUND ( 'NONE', #756, .T. ) ;
#617 = CARTESIAN_POINT ( 'NONE',  ( 0.6784297136067763967, 1.816769418676013270, -0.7627324053143726967 ) ) ;
#618 = EDGE_CURVE ( 'NONE', #1856, #338, #2168, .T. ) ;
#619 = DIRECTION ( 'NONE',  ( -0.000000000000000000, -0.000000000000000000, 1.000000000000000000 ) ) ;
#620 = DIRECTION ( 'NONE',  ( 1.000000000000000000, 0.000000000000000000, 0.000000000000000000 ) ) ;
#621 = CARTESIAN_POINT ( 'NONE',  ( -0.09999999999999974187, 2.849999999999999201, 1.250000000000000000 ) ) ;
#622 = EDGE_LOOP ( 'NONE', ( #2079, #984, #1749, #1033 ) ) ;
#623 = FACE_OUTER_BOUND ( 'NONE', #1366, .T. ) ;
#624 =( GEOMETRIC_REPRESENTATION_CONTEXT ( 3 ) GLOBAL_UNCERTAINTY_ASSIGNED_CONTEXT ( ( #468 ) ) GLOBAL_UNIT_ASSIGNED_CONTEXT ( ( #1212, #1583, #1622 ) ) REPRESENTATION_CONTEXT ( 'NONE', 'WORKASPACE' ) );
#625 = ORIENTED_EDGE ( 'NONE', *, *, #946, .T. ) ;
#626 = CARTESIAN_POINT ( 'NONE',  ( -0.09999999999999974187, 2.849999999999999201, 0.1000000000000000472 ) ) ;
#627 = CIRCLE ( 'NONE', #1597, 1.416666666666666741 ) ;
#628 = CARTESIAN_POINT ( 'NONE',  ( -0.9323710435946472863, 1.941827423764173055, -0.6244068269266971338 ) ) ;
#629 = CIRCLE ( 'NONE', #1946, 0.1500000000000000500 ) ;
#630 = AXIS2_PLACEMENT_3D ( 'NONE', #17, #2140, #541 ) ;
#631 = FACE_OUTER_BOUND ( 'NONE', #289, .T. ) ;
#632 = CARTESIAN_POINT ( 'NONE',  ( 0.09999999999999982514, 3.999999999999999112, -0.1000000000000000472 ) ) ;
#633 = CARTESIAN_POINT ( 'NONE',  ( 0.1742235675111477589, 1.522731951503960568, 0.3839164639874598772 ) ) ;
#634 = PLANE ( 'NONE',  #402 ) ;
#635 = CARTESIAN_POINT ( 'NONE',  ( 1.215853403515712250, 2.260765232555865811, -0.2434268096960310601 ) ) ;
#636 = UNCERTAINTY_MEASURE_WITH_UNIT (LENGTH_MEASURE( 1.000000000000000082E-05 ), #1683, 'distance_accuracy_value', 'NONE');
#637 = VERTEX_POINT ( 'NONE', #1160 ) ;
#638 = CARTESIAN_POINT ( 'NONE',  ( -1.250000000000164757, 2.487034280069124303, 0.1932042899917195411 ) ) ;
#639 = ORIENTED_EDGE ( 'NONE', *, *, #952, .F. ) ;
#640 = DIRECTION ( 'NONE',  ( 1.000000000000000000, 0.000000000000000000, 0.000000000000000000 ) ) ;
#641 = CARTESIAN_POINT ( 'NONE',  ( -0.6091111115161119693, 1.559027881227101897, -0.5885737556613345189 ) ) ;
#642 = FACE_OUTER_BOUND ( 'NONE', #1504, .T. ) ;
#643 = CARTESIAN_POINT ( 'NONE',  ( -0.06615730850731428581, 1.498454407650125608, -0.1000000000000000472 ) ) ;
#644 = CARTESIAN_POINT ( 'NONE',  ( -0.3271480336081206142, 1.362411440279010844, -0.1933822576291732986 ) ) ;
#645 = FACE_OUTER_BOUND ( 'NONE', #303, .T. ) ;
#646 = CARTESIAN_POINT ( 'NONE',  ( 1.246526082212791930, 2.403752928406615030, -0.09999999999053142685 ) ) ;
#647 = ORIENTED_EDGE ( 'NONE', *, *, #1870, .F. ) ;
#648 = ORIENTED_EDGE ( 'NONE', *, *, #1803, .T. ) ;
#649 = CARTESIAN_POINT ( 'NONE',  ( -0.09999999999999985290, 2.648051208222848008, 1.250000000000000222 ) ) ;
#650 = EDGE_CURVE ( 'NONE', #52, #2247, #1676, .T. ) ;
#651 = VERTEX_POINT ( 'NONE', #1007 ) ;
#652 = FACE_OUTER_BOUND ( 'NONE', #1355, .T. ) ;
#653 = CARTESIAN_POINT ( 'NONE',  ( 0.2976525925985878396, 1.364267214868898126, -0.04620792583253582886 ) ) ;
#654 = CARTESIAN_POINT ( 'NONE',  ( 1.250000000000000666, 1.377633791192202972, 0.09999999999580660992 ) ) ;
#655 = CARTESIAN_POINT ( 'NONE',  ( 0.6999999999999998446, 0.000000000000000000, -1.694065894508600678E-17 ) ) ;
#656 = CARTESIAN_POINT ( 'NONE',  ( 0.2769746004379521898, 1.489643312942088293, 0.2627575049233763504 ) ) ;
#657 = CARTESIAN_POINT ( 'NONE',  ( 1.249989765024870136, 2.482509821290137975, -0.005472312291173840257 ) ) ;
#658 = CARTESIAN_POINT ( 'NONE',  ( 0.5424662637470482052, 1.731707991271101088, -0.7273756545626817172 ) ) ;
#659 = ORIENTED_EDGE ( 'NONE', *, *, #2183, .T. ) ;
#660 = ORIENTED_EDGE ( 'NONE', *, *, #1818, .F. ) ;
#661 = CARTESIAN_POINT ( 'NONE',  ( -1.194577466529012311, 2.495042681829167552, 0.4642293790213090077 ) ) ;
#662 = DIRECTION ( 'NONE',  ( -0.000000000000000000, -1.000000000000000000, -0.000000000000000000 ) ) ;
#663 = AXIS2_PLACEMENT_3D ( 'NONE', #736, #1050, #1770 ) ;
#664 = FACE_OUTER_BOUND ( 'NONE', #494, .T. ) ;
#665 = CARTESIAN_POINT ( 'NONE',  ( 1.249997531406762841, 1.377636584694461375, 0.2944543989075678048 ) ) ;
#666 = CIRCLE ( 'NONE', #2132, 1.000000000000000000 ) ;
#667 = DIRECTION ( 'NONE',  ( -0.000000000000000000, -1.000000000000000000, -0.000000000000000000 ) ) ;
#668 = CARTESIAN_POINT ( 'NONE',  ( 0.1744240480112033698, 1.522813368214442908, 0.3844653986025201586 ) ) ;
#669 = CARTESIAN_POINT ( 'NONE',  ( 1.249999999999999778, 2.485526061291690958, -0.001824105992187147890 ) ) ;
#670 = CARTESIAN_POINT ( 'NONE',  ( 1.188694953369273666, 2.162444504415717894, -0.3212735094967847371 ) ) ;
#671 = CIRCLE ( 'NONE', #1000, 0.2999999999999999889 ) ;
#672 = CARTESIAN_POINT ( 'NONE',  ( 1.249999999999999778, 3.999999999999999112, -0.1000000000000000472 ) ) ;
#673 = ORIENTED_EDGE ( 'NONE', *, *, #1709, .T. ) ;
#674 = CARTESIAN_POINT ( 'NONE',  ( 1.131037961527305180, 2.379803251255902197, -0.5820547207865627293 ) ) ;
#675 = DIRECTION ( 'NONE',  ( -0.3527617038400017724, -0.1358074665509072521, 0.9258053317695482676 ) ) ;
#676 = CARTESIAN_POINT ( 'NONE',  ( -1.239708055795516239, 2.314689547071778541, -0.1335538492421551593 ) ) ;
#677 = CARTESIAN_POINT ( 'NONE',  ( -0.3761062794199805381, 1.380414731260375838, -0.3207116637102645496 ) ) ;
#678 = CARTESIAN_POINT ( 'NONE',  ( -0.3924485763773321589, 2.336970323397008276, -1.237939431919727218 ) ) ;
#679 = CARTESIAN_POINT ( 'NONE',  ( -1.249988553684011627, 2.481012685455589839, 0.004363745620209351361 ) ) ;
#680 = CARTESIAN_POINT ( 'NONE',  ( -1.219069984573882826, 2.287132812690015449, -0.2587714809601940336 ) ) ;
#681 = CARTESIAN_POINT ( 'NONE',  ( 1.160358732199394449, 2.117935436714643238, -0.3815438599430017175 ) ) ;
#682 = ORIENTED_EDGE ( 'NONE', *, *, #170, .F. ) ;
#683 = CARTESIAN_POINT ( 'NONE',  ( -0.8770893251412378300, 1.798318232294914054, 1.046964742625779987 ) ) ;
#684 = ORIENTED_EDGE ( 'NONE', *, *, #1797, .T. ) ;
#685 = EDGE_CURVE ( 'NONE', #1493, #2221, #1751, .T. ) ;
#686 = CARTESIAN_POINT ( 'NONE',  ( 1.249999999999999778, 2.487034183642660157, 4.065758146820641628E-17 ) ) ;
#687 = DIRECTION ( 'NONE',  ( -6.672013369141569161E-17, -1.000000000000000000, -0.000000000000000000 ) ) ;
#688 = CARTESIAN_POINT ( 'NONE',  ( -1.090429421993494685, 2.020068191493089138, 0.4976831698128986181 ) ) ;
#689 = CARTESIAN_POINT ( 'NONE',  ( -0.1465516706301989713, 1.492399354596880112, -0.1932042895864445053 ) ) ;
#690 = CARTESIAN_POINT ( 'NONE',  ( -1.249862838240887841, 2.447948205147334910, -0.02831414356560293596 ) ) ;
#691 = EDGE_CURVE ( 'NONE', #1856, #560, #1491, .T. ) ;
#692 = CARTESIAN_POINT ( 'NONE',  ( 1.000000000000000000, -25.00000000000000000, 1.836970198721030057E-17 ) ) ;
#693 = CARTESIAN_POINT ( 'NONE',  ( 0.09999999999999972800, 2.648051208222845787, -1.250000000000000000 ) ) ;
#694 = ORIENTED_EDGE ( 'NONE', *, *, #66, .F. ) ;
#695 = CARTESIAN_POINT ( 'NONE',  ( -1.153756582925824059, 2.155852247267319832, 0.4006928153342181886 ) ) ;
#696 = PLANE ( 'NONE',  #923 ) ;
#697 = CARTESIAN_POINT ( 'NONE',  ( -1.000000000000000222, 0.000000000000000000, -1.836970198721032522E-17 ) ) ;
#698 = CARTESIAN_POINT ( 'NONE',  ( -0.1465517241379313829, 1.492399349031905853, -0.09999999999795534944 ) ) ;
#699 = DIRECTION ( 'NONE',  ( 0.000000000000000000, -1.000000000000000000, -0.000000000000000000 ) ) ;
#700 = CIRCLE ( 'NONE', #298, 1.416666666666666741 ) ;
#701 = CARTESIAN_POINT ( 'NONE',  ( -0.08117498669068533290, 1.497752326968357695, 0.1739607865420641220 ) ) ;
#702 = FACE_OUTER_BOUND ( 'NONE', #489, .T. ) ;
#703 = ORIENTED_EDGE ( 'NONE', *, *, #1288, .T. ) ;
#704 = CIRCLE ( 'NONE', #1078, 1.149999999999999911 ) ;
#705 = ORIENTED_EDGE ( 'NONE', *, *, #946, .F. ) ;
#706 = CARTESIAN_POINT ( 'NONE',  ( -1.249999999999997558, 1.651753729359039857, 0.1427297705227406621 ) ) ;
#707 = CARTESIAN_POINT ( 'NONE',  ( 0.6999999999999999556, -25.00000000000000000, 0.000000000000000000 ) ) ;
#708 = CIRCLE ( 'NONE', #1836, 0.3000000000000001554 ) ;
#709 = ORIENTED_EDGE ( 'NONE', *, *, #1550, .F. ) ;
#710 = EDGE_CURVE ( 'NONE', #637, #866, #1438, .T. ) ;
#711 = CARTESIAN_POINT ( 'NONE',  ( -0.3320602927437208418, 1.516508830154495335, 0.3884151477870103064 ) ) ;
#712 = CARTESIAN_POINT ( 'NONE',  ( -0.2085220940760131869, 1.492956901548510240, 0.02682078365820154617 ) ) ;
#713 = CARTESIAN_POINT ( 'NONE',  ( -0.1468972117344393702, 1.511634677298575369, 0.3090952482034345361 ) ) ;
#714 = CARTESIAN_POINT ( 'NONE',  ( 1.249999999999999778, 2.487034183642659713, 1.250000000000000000 ) ) ;
#715 = CARTESIAN_POINT ( 'NONE',  ( -0.1465517241379312441, 1.492399349031904743, 0.1944597018558602286 ) ) ;
#716 = CARTESIAN_POINT ( 'NONE',  ( 1.249999999999999778, 2.485027015133947526, 0.001454583498408365755 ) ) ;
#717 = CARTESIAN_POINT ( 'NONE',  ( 0.6774852318469736234, 2.568573646777304376, -1.105730656031935544 ) ) ;
#718 = FACE_OUTER_BOUND ( 'NONE', #2163, .T. ) ;
#719 = CARTESIAN_POINT ( 'NONE',  ( 0.08117498669060999039, 1.497752326968347925, 0.1739607865418741073 ) ) ;
#720 = ORIENTED_EDGE ( 'NONE', *, *, #280, .F. ) ;
#721 = ADVANCED_FACE ( 'NONE', ( #652 ), #1506, .T. ) ;
#722 = CARTESIAN_POINT ( 'NONE',  ( -0.7000000000000000666, 0.000000000000000000, 0.000000000000000000 ) ) ;
#723 = CARTESIAN_POINT ( 'NONE',  ( 0.1400363906979937845, 2.115034273888456440, 1.154039984271997721 ) ) ;
#724 = CARTESIAN_POINT ( 'NONE',  ( 1.249999999999999778, 2.849999999999999201, -0.1000000000000000472 ) ) ;
#725 = CARTESIAN_POINT ( 'NONE',  ( 0.06615730850731445234, 1.498454407650125608, -0.1000000000000000472 ) ) ;
#726 = DIRECTION ( 'NONE',  ( -1.000000000000000000, 0.000000000000000000, 0.000000000000000000 ) ) ;
#727 = CARTESIAN_POINT ( 'NONE',  ( 1.249999999999999778, 3.999999999999999112, 1.250000000000000000 ) ) ;
#728 = DIRECTION ( 'NONE',  ( 0.000000000000000000, 0.000000000000000000, 1.000000000000000000 ) ) ;
#729 = ADVANCED_FACE ( 'NONE', ( #1716 ), #2073, .T. ) ;
#730 = ORIENTED_EDGE ( 'NONE', *, *, #1870, .T. ) ;
#731 = CARTESIAN_POINT ( 'NONE',  ( -0.8482007642578239803, 1.779796456267195293, 0.6334542351124625714 ) ) ;
#732 = FACE_OUTER_BOUND ( 'NONE', #1518, .T. ) ;
#733 = CARTESIAN_POINT ( 'NONE',  ( -0.6589351901676073764, 1.603478481511326326, 0.6127868802372860024 ) ) ;
#734 = CARTESIAN_POINT ( 'NONE',  ( -1.000000000000000000, 0.000000000000000000, 3.049318610115481221E-17 ) ) ;
#735 = CARTESIAN_POINT ( 'NONE',  ( 0.1375127342872054792, 2.140102743429224574, -1.141322466456273776 ) ) ;
#736 = CARTESIAN_POINT ( 'NONE',  ( -0.05214752552929478868, 1.198781709559510800, -0.1000000000000001860 ) ) ;
#737 = CARTESIAN_POINT ( 'NONE',  ( -0.6999999999999998446, 0.000000000000000000, -1.694065894508600678E-17 ) ) ;
#738 = CARTESIAN_POINT ( 'NONE',  ( 0.1468972117344393979, 1.511634677298576701, 0.3090952482034449167 ) ) ;
#739 = AXIS2_PLACEMENT_3D ( 'NONE', #2051, #2063, #443 ) ;
#740 = CARTESIAN_POINT ( 'NONE',  ( -1.246526082211446784, 2.403752928414942147, 0.1000000000000000472 ) ) ;
#741 = TOROIDAL_SURFACE ( 'NONE', #38, 2.566666666666666874, 1.149999999999999911 ) ;
#742 = CIRCLE ( 'NONE', #891, 0.2999999999999999334 ) ;
#743 = CARTESIAN_POINT ( 'NONE',  ( -1.001566030093722359, 1.925226459234642640, 0.5794879660417502354 ) ) ;
#744 = CARTESIAN_POINT ( 'NONE',  ( 0.1167164591779943777, 1.218183161579738716, 0.3636418346912930200 ) ) ;
#745 = CARTESIAN_POINT ( 'NONE',  ( -1.249999999999999778, 2.487034183642660157, 4.065758146820641628E-17 ) ) ;
#746 = LINE ( 'NONE', #219, #114 ) ;
#747 = SURFACE_STYLE_FILL_AREA ( #2216 ) ;
#748 = CARTESIAN_POINT ( 'NONE',  ( 1.000000000000000000, 0.000000000000000000, 0.03926990785650174426 ) ) ;
#749 = ADVANCED_FACE ( 'NONE', ( #1087 ), #758, .T. ) ;
#750 = CARTESIAN_POINT ( 'NONE',  ( 0.06615730850731445234, 1.498454407650125608, -0.1000000000000000472 ) ) ;
#751 = CARTESIAN_POINT ( 'NONE',  ( 0.09999999999999982514, 2.849999999999999201, 0.1000000000000000472 ) ) ;
#752 = CARTESIAN_POINT ( 'NONE',  ( -1.244071758687666174, 2.374385006430040246, 0.1276818816950985869 ) ) ;
#753 = PRESENTATION_STYLE_ASSIGNMENT (( #237 ) ) ;
#754 = CARTESIAN_POINT ( 'NONE',  ( -0.2769746004379653459, 1.489643312942072306, -0.2627575049233732418 ) ) ;
#755 = CARTESIAN_POINT ( 'NONE',  ( 1.020959414688317635, 1.636337341021189218, -0.8910253594004147182 ) ) ;
#756 = EDGE_LOOP ( 'NONE', ( #1502, #887, #2019, #982 ) ) ;
#757 = EDGE_LOOP ( 'NONE', ( #1568, #1145, #12, #1424, #854, #1198, #1368 ) ) ;
#758 = CYLINDRICAL_SURFACE ( 'NONE', #1443, 1.000000000000000000 ) ;
#759 = CARTESIAN_POINT ( 'NONE',  ( 1.227296133777909803, 2.259775642235874127, 0.1958322446283246310 ) ) ;
#760 = EDGE_CURVE ( 'NONE', #574, #2096, #700, .T. ) ;
#761 = CARTESIAN_POINT ( 'NONE',  ( 1.201146005693072061, 2.187447484923735974, 0.2879640858344745258 ) ) ;
#762 = CARTESIAN_POINT ( 'NONE',  ( -1.249999999999999778, 2.487034183642659713, 0.000000000000000000 ) ) ;
#763 = APPLICATION_PROTOCOL_DEFINITION ( 'draft international standard', 'automotive_design', 1998, #790 ) ;
#764 = CARTESIAN_POINT ( 'NONE',  ( -0.3498512665724996529, 1.370760042286675473, -0.2524282696244879443 ) ) ;
#765 = CARTESIAN_POINT ( 'NONE',  ( 1.094983277346230910, 1.552790199972471363, -0.7811334421782019088 ) ) ;
#766 = CARTESIAN_POINT ( 'NONE',  ( 0.1482941724855337262, 1.700648892228406428, 0.7633677785160065676 ) ) ;
#767 = ORIENTED_EDGE ( 'NONE', *, *, #1763, .T. ) ;
#768 = CARTESIAN_POINT ( 'NONE',  ( 0.3979028638681293417, 1.466257250307571258, 0.1427297705227406344 ) ) ;
#769 = CARTESIAN_POINT ( 'NONE',  ( 1.245602734211531892, 2.392704339354549958, 0.08785733481508035958 ) ) ;
#770 = CYLINDRICAL_SURFACE ( 'NONE', #1039, 1.149999999999999911 ) ;
#771 = DIRECTION ( 'NONE',  ( 1.000000000000000000, 0.000000000000000000, 0.000000000000000000 ) ) ;
#772 = CARTESIAN_POINT ( 'NONE',  ( -0.7000000000000000666, 0.3164788359587915045, -0.09099983918962116503 ) ) ;
#773 = AXIS2_PLACEMENT_3D ( 'NONE', #1603, #1802, #1410 ) ;
#774 = CYLINDRICAL_SURFACE ( 'NONE', #2056, 1.000000000000000000 ) ;
#775 =( GEOMETRIC_REPRESENTATION_CONTEXT ( 3 ) GLOBAL_UNCERTAINTY_ASSIGNED_CONTEXT ( ( #1907 ) ) GLOBAL_UNIT_ASSIGNED_CONTEXT ( ( #1309, #438, #1458 ) ) REPRESENTATION_CONTEXT ( 'NONE', 'WORKASPACE' ) );
#776 = CARTESIAN_POINT ( 'NONE',  ( 1.194577466529011867, 2.495042681829170661, 0.4642293790213101179 ) ) ;
#777 = EDGE_LOOP ( 'NONE', ( #478, #291 ) ) ;
#778 = CARTESIAN_POINT ( 'NONE',  ( 1.000000000000000000, 0.000000000000000000, 3.049318610115481221E-17 ) ) ;
#779 = CARTESIAN_POINT ( 'NONE',  ( 0.09999999999999982514, 2.849999999999999201, -0.1000000000000000472 ) ) ;
#780 = EDGE_CURVE ( 'NONE', #2247, #52, #558, .T. ) ;
#781 = CYLINDRICAL_SURFACE ( 'NONE', #1114, 0.1500000000000000777 ) ;
#782 = DIRECTION ( 'NONE',  ( 0.000000000000000000, 0.000000000000000000, 1.000000000000000000 ) ) ;
#783 = SURFACE_STYLE_FILL_AREA ( #2212 ) ;
#784 = CARTESIAN_POINT ( 'NONE',  ( -1.000000000000000000, -25.00000000000000000, -1.836970198721030057E-17 ) ) ;
#785 = EDGE_CURVE ( 'NONE', #2155, #1673, #2020, .T. ) ;
#786 = FACE_OUTER_BOUND ( 'NONE', #1385, .T. ) ;
#787 = CARTESIAN_POINT ( 'NONE',  ( 1.238207337242955397, 2.488742200727898979, 0.2877416528680318830 ) ) ;
#788 = PLANE ( 'NONE',  #1677 ) ;
#789 = CARTESIAN_POINT ( 'NONE',  ( 0.3320602927436957508, 1.516508830154541299, 0.3884151477870165792 ) ) ;
#790 = APPLICATION_CONTEXT ( 'automotive_design' ) ;
#791 = DIRECTION ( 'NONE',  ( -6.672013369141569161E-17, 1.000000000000000000, 0.000000000000000000 ) ) ;
#792 = EDGE_CURVE ( 'NONE', #92, #1968, #1789, .T. ) ;
#793 = CARTESIAN_POINT ( 'NONE',  ( -0.1742235675112159821, 1.522731951503730086, 0.3839164639874714235 ) ) ;
#794 = CARTESIAN_POINT ( 'NONE',  ( -0.2976525926008724010, 1.364267214867946443, -0.04620792584602269326 ) ) ;
#795 = FACE_OUTER_BOUND ( 'NONE', #42, .T. ) ;
#796 = ORIENTED_EDGE ( 'NONE', *, *, #1709, .F. ) ;
#797 = CARTESIAN_POINT ( 'NONE',  ( -0.2956371031849291953, 1.365139030794969566, -1.696609491225957445E-11 ) ) ;
#798 = CARTESIAN_POINT ( 'NONE',  ( -0.3406451054921815769, 1.367374684129732954, 0.2284851114650722770 ) ) ;
#799 = CARTESIAN_POINT ( 'NONE',  ( 0.2085220940759171804, 1.492956901548501136, -0.02682078365852144652 ) ) ;
#800 = CARTESIAN_POINT ( 'NONE',  ( 1.187443940102475226, 2.227942349633217134, -0.3593496111785270952 ) ) ;
#801 = VERTEX_POINT ( 'NONE', #737 ) ;
#802 = CARTESIAN_POINT ( 'NONE',  ( -0.6270027657409423805, 2.078193731311903214, 1.186488054311507501 ) ) ;
#803 = CARTESIAN_POINT ( 'NONE',  ( -1.249999999999997558, 1.651753729359039857, 0.000000000000000000 ) ) ;
#804 = AXIS2_PLACEMENT_3D ( 'NONE', #1548, #1026, #849 ) ;
#805 = VERTEX_POINT ( 'NONE', #597 ) ;
#806 = CARTESIAN_POINT ( 'NONE',  ( 0.2499999999999996669, 2.487034183642660157, 0.1000000000000000472 ) ) ;
#807 = CARTESIAN_POINT ( 'NONE',  ( 0.2655137626106260917, 1.599630281418659372, 0.5820547207865645056 ) ) ;
#808 = CARTESIAN_POINT ( 'NONE',  ( -0.3028286587401391450, 1.590327437247248898, -0.5757952270311792464 ) ) ;
#809 = CARTESIAN_POINT ( 'NONE',  ( 1.246526082211462549, 2.403752928415131329, -0.1000000000000000472 ) ) ;
#810 = CARTESIAN_POINT ( 'NONE',  ( 0.7428804495206188241, 1.860715131169021319, 0.7440536335153865588 ) ) ;
#811 = CARTESIAN_POINT ( 'NONE',  ( 0.2936951345039882644, 1.365916619724608205, 0.02285016311128352726 ) ) ;
#812 =( BOUNDED_SURFACE ( )  B_SPLINE_SURFACE ( 3, 2, ( 
 ( #1290, #1119, #1832 ),
 ( #205, #26, #1648 ),
 ( #604, #1271, #385 ),
 ( #60, #2182, #735 ),
 ( #2000, #1094, #1821 ),
 ( #1635, #1451, #239 ),
 ( #1128, #564, #573 ),
 ( #2205, #1282, #49 ),
 ( #408, #2215, #1672 ),
 ( #2018, #755, #2009 ),
 ( #1460, #765, #397 ),
 ( #39, #2194, #1469 ),
 ( #1104, #581, #1624 ),
 ( #907, #1440, #1843 ) ),
 .UNSPECIFIED., .F., .F., .T. ) 
 B_SPLINE_SURFACE_WITH_KNOTS ( ( 4, 2, 2, 2, 2, 2, 4 ),
 ( 3, 3 ),
 ( -2.450439082410844830E-06, 7.012488152555633534E-05, 0.0001427002021335235142, 0.0001789878624375071240, 0.0002152755227414907067, 0.0002515631830454742894, 0.0002878508433494578992 ),
 ( 0.000000000000000000, 1.000000000000000000 ),
 .UNSPECIFIED. ) 
 GEOMETRIC_REPRESENTATION_ITEM ( )  RATIONAL_B_SPLINE_SURFACE ( (
 ( 1.000000000000000000, 1.000000000000000000, 1.000000000000000000),
 ( 1.000000000000000000, 0.9999586979513568341, 1.000000000000000000),
 ( 1.000000000000000000, 0.9901123780526772666, 1.000000000000000000),
 ( 1.000000000000000000, 0.9507152958105506979, 1.000000000000000000),
 ( 1.000000000000000000, 0.9204701585374981399, 1.000000000000000000),
 ( 1.000000000000000000, 0.8630640863577491162, 1.000000000000000000),
 ( 1.000000000000000000, 0.8416993000853267848, 1.000000000000000000),
 ( 1.000000000000000000, 0.7968926828457324474, 1.000000000000000000),
 ( 1.000000000000000000, 0.7736735626971975588, 1.000000000000000000),
 ( 1.000000000000000000, 0.7293280336678042985, 1.000000000000000000),
 ( 1.000000000000000000, 0.7085986022123768047, 1.000000000000000000),
 ( 1.000000000000000000, 0.6784749576192340426, 1.000000000000000000),
 ( 1.000000000000000000, 0.6693140673796896811, 1.000000000000000000),
 ( 1.000000000000000000, 0.6695340634119860690, 1.000000000000000000) ) ) 
 REPRESENTATION_ITEM ( '' )  SURFACE ( )  );
#813 = CARTESIAN_POINT ( 'NONE',  ( 0.5346076550027699659, 1.495867769820375281, -0.5367615190504008149 ) ) ;
#814 = CARTESIAN_POINT ( 'NONE',  ( 1.183530537550790074, 2.195815418929386365, -0.3390938567065168163 ) ) ;
#815 = CARTESIAN_POINT ( 'NONE',  ( -1.250000000000000666, 1.377633791192202972, 0.09999999999580576338 ) ) ;
#816 = EDGE_LOOP ( 'NONE', ( #1258, #903, #141, #1470 ) ) ;
#817 = DIRECTION ( 'NONE',  ( -1.000000000000000000, 0.000000000000000000, 0.000000000000000000 ) ) ;
#818 = FACE_OUTER_BOUND ( 'NONE', #1210, .T. ) ;
#819 = CARTESIAN_POINT ( 'NONE',  ( 0.8500000000000003109, 0.000000000000000000, 0.1663629469633258751 ) ) ;
#820 = CARTESIAN_POINT ( 'NONE',  ( -1.157896100882512602, 2.191182303073403226, -0.4248278704247795967 ) ) ;
#821 = ORIENTED_EDGE ( 'NONE', *, *, #2145, .F. ) ;
#822 = ADVANCED_FACE ( 'NONE', ( #575 ), #1966, .F. ) ;
#823 = CARTESIAN_POINT ( 'NONE',  ( 0.3122595459679408658, 1.358179345370978730, -0.1324216768208368589 ) ) ;
#824 = DIRECTION ( 'NONE',  ( 1.000000000000000000, 0.000000000000000000, 0.000000000000000000 ) ) ;
#825 = CARTESIAN_POINT ( 'NONE',  ( 0.2085220940759540675, 1.492956901548424087, 0.02682078365826573441 ) ) ;
#826 = CARTESIAN_POINT ( 'NONE',  ( 0.4457999975325098174, 1.587416645275301130, -0.5387994394128899911 ) ) ;
#827 = ORIENTED_EDGE ( 'NONE', *, *, #1899, .T. ) ;
#828 = CARTESIAN_POINT ( 'NONE',  ( -0.1478752881426638743, 1.579663075974031994, 0.5466625290412838734 ) ) ;
#829 = ADVANCED_FACE ( 'NONE', ( #1687 ), #788, .F. ) ;
#830 = CARTESIAN_POINT ( 'NONE',  ( -0.8500000000000000888, 0.000000000000000000, 0.000000000000000000 ) ) ;
#831 = CARTESIAN_POINT ( 'NONE',  ( 0.3979028638681293417, 1.466257250307571258, 0.1427297705227406344 ) ) ;
#832 = CARTESIAN_POINT ( 'NONE',  ( 1.250000000000000666, 2.487034183642661933, 0.09999999999797445915 ) ) ;
#833 = CARTESIAN_POINT ( 'NONE',  ( 0.3564503661170350668, 1.620323170425663317, -0.6254924461122772783 ) ) ;
#834 = CARTESIAN_POINT ( 'NONE',  ( -0.3498512665725431181, 1.370760042286610414, 0.2524282696244898871 ) ) ;
#835 = CARTESIAN_POINT ( 'NONE',  ( 0.9346160608031800487, 1.991452074082081136, 0.6884732114070583053 ) ) ;
#836 = CARTESIAN_POINT ( 'NONE',  ( 0.1747103368210695395, 1.522929632385992660, -0.3852492846688135297 ) ) ;
#837 = VERTEX_POINT ( 'NONE', #1900 ) ;
#838 = LINE ( 'NONE', #672, #110 ) ;
#839 =( BOUNDED_SURFACE ( )  B_SPLINE_SURFACE ( 3, 2, ( 
 ( #1495, #933, #1120 ),
 ( #954, #1845, #41 ),
 ( #241, #942, #1663 ),
 ( #1312, #2206, #2225 ),
 ( #596, #1320, #386 ),
 ( #2037, #62, #970 ),
 ( #86, #251, #1686 ),
 ( #766, #1452, #1303 ),
 ( #431, #1140, #2029 ),
 ( #1823, #919, #422 ),
 ( #1129, #73, #776 ),
 ( #1483, #1861, #787 ),
 ( #1188, #665, #1331 ),
 ( #104, #654, #832 ) ),
 .UNSPECIFIED., .F., .F., .T. ) 
 B_SPLINE_SURFACE_WITH_KNOTS ( ( 4, 2, 2, 2, 2, 2, 4 ),
 ( 3, 3 ),
 ( -2.450439082410694482E-06, 7.012488152555653863E-05, 0.0001427002021335237582, 0.0001789878624375073951, 0.0002152755227414910049, 0.0002515631830454746146, 0.0002878508433494582244 ),
 ( 0.000000000000000000, 1.000000000000000000 ),
 .UNSPECIFIED. ) 
 GEOMETRIC_REPRESENTATION_ITEM ( )  RATIONAL_B_SPLINE_SURFACE ( (
 ( 1.000000000000000000, 1.000000000000000000, 1.000000000000000000),
 ( 1.000000000000000000, 0.9999586979513562790, 1.000000000000000000),
 ( 1.000000000000000000, 0.9901123780526787099, 1.000000000000000000),
 ( 1.000000000000000000, 0.9507152958105492546, 1.000000000000000000),
 ( 1.000000000000000000, 0.9204701585374968076, 1.000000000000000000),
 ( 1.000000000000000000, 0.8630640863577497823, 1.000000000000000000),
 ( 1.000000000000000000, 0.8416993000853261186, 1.000000000000000000),
 ( 1.000000000000000000, 0.7968926828457331135, 1.000000000000000000),
 ( 1.000000000000000000, 0.7736735626971964486, 1.000000000000000000),
 ( 1.000000000000000000, 0.7293280336678045206, 1.000000000000000000),
 ( 1.000000000000000000, 0.7085986022123774708, 1.000000000000000000),
 ( 1.000000000000000000, 0.6784749576192333764, 1.000000000000000000),
 ( 1.000000000000000000, 0.6693140673796902362, 1.000000000000000000),
 ( 1.000000000000000000, 0.6695340634119860690, 1.000000000000000000) ) ) 
 REPRESENTATION_ITEM ( '' )  SURFACE ( )  );
#840 = CARTESIAN_POINT ( 'NONE',  ( 1.157839868292736663, 1.639965617437330714, -0.4272301733782155608 ) ) ;
#841 = ADVANCED_FACE ( 'NONE', ( #631 ), #1707, .F. ) ;
#842 = AXIS2_PLACEMENT_3D ( 'NONE', #435, #2054, #620 ) ;
#843 = CARTESIAN_POINT ( 'NONE',  ( 0.6999999999999998446, 0.000000000000000000, 0.03926990785650170263 ) ) ;
#844 = CARTESIAN_POINT ( 'NONE',  ( -1.183530537550203210, 2.195815418928606988, -0.3390938567078384258 ) ) ;
#845 = CIRCLE ( 'NONE', #369, 0.1500000000000000500 ) ;
#846 = CARTESIAN_POINT ( 'NONE',  ( -1.001995886359606791, 1.925607370463357615, -0.5795199520695123452 ) ) ;
#847 = CARTESIAN_POINT ( 'NONE',  ( -0.1467950953562936478, 1.504231224620317553, -0.2877416534397987946 ) ) ;
#848 = CIRCLE ( 'NONE', #968, 0.1500000000000000500 ) ;
#849 = DIRECTION ( 'NONE',  ( 1.000000000000000000, 0.000000000000000000, 0.000000000000000000 ) ) ;
#850 = TOROIDAL_SURFACE ( 'NONE', #2242, 2.566666666666666874, 1.149999999999999911 ) ;
#851 = CARTESIAN_POINT ( 'NONE',  ( -0.3564503661170265181, 1.620323170425658876, -0.6254924461122667312 ) ) ;
#852 = CARTESIAN_POINT ( 'NONE',  ( 0.5946327332389201858, 1.689206930438218013, -0.6391678400394097403 ) ) ;
#853 = EDGE_CURVE ( 'NONE', #1545, #381, #531, .T. ) ;
#854 = ORIENTED_EDGE ( 'NONE', *, *, #40, .T. ) ;
#855 = CARTESIAN_POINT ( 'NONE',  ( -0.1465516706301989713, 1.492399354596881444, 0.1932042895864605203 ) ) ;
#856 = VERTEX_POINT ( 'NONE', #1321 ) ;
#857 = CARTESIAN_POINT ( 'NONE',  ( 1.249999999999997558, 1.651753729359039857, 0.1427297705227406621 ) ) ;
#858 = CARTESIAN_POINT ( 'NONE',  ( -0.2936951345040026973, 1.365916619724547365, -0.02285016311119446655 ) ) ;
#859 = EDGE_CURVE ( 'NONE', #560, #2021, #1326, .T. ) ;
#860 = DIRECTION ( 'NONE',  ( 0.000000000000000000, 0.000000000000000000, 1.000000000000000000 ) ) ;
#861 = B_SPLINE_CURVE_WITH_KNOTS ( 'NONE', 3,
 ( #1702, #451, #1881, #1690, #1681, #58, #762 ),
 .UNSPECIFIED., .F., .F.,
 ( 4, 3, 4 ),
 ( 0.000000000000000000, 0.0001230858603459124778, 0.0001301862942243920188 ),
 .UNSPECIFIED. ) ;
#862 = DIRECTION ( 'NONE',  ( 7.070883733601116999E-17, 1.000000000000000000, 0.000000000000000000 ) ) ;
#863 = DIRECTION ( 'NONE',  ( -0.000000000000000000, 0.000000000000000000, 1.000000000000000000 ) ) ;
#864 = CARTESIAN_POINT ( 'NONE',  ( -0.1468972117344393702, 1.511634677298575369, 0.3090952482034345361 ) ) ;
#865 = DIRECTION ( 'NONE',  ( -6.672013369141569161E-17, 1.000000000000000000, -0.000000000000000000 ) ) ;
#866 = VERTEX_POINT ( 'NONE', #797 ) ;
#867 = CARTESIAN_POINT ( 'NONE',  ( -0.8500000000000000888, -25.00000000000000000, 0.000000000000000000 ) ) ;
#868 = ORIENTED_EDGE ( 'NONE', *, *, #1700, .T. ) ;
#869 = PRODUCT_DEFINITION ( 'UNKNOWN', '', #302, #1516 ) ;
#870 = CARTESIAN_POINT ( 'NONE',  ( -0.5423360679624825709, 1.652486928284291778, 0.6122168532630060112 ) ) ;
#871 = PRESENTATION_STYLE_ASSIGNMENT (( #1609 ) ) ;
#872 = CARTESIAN_POINT ( 'NONE',  ( -0.8084844053442289402, 1.875380352662033179, -1.096174747146053452 ) ) ;
#873 = CARTESIAN_POINT ( 'NONE',  ( -1.248831442242904100, 2.416732083430384037, 0.05076742037168598121 ) ) ;
#874 = CARTESIAN_POINT ( 'NONE',  ( -0.06615730850731423029, 1.498454407650125608, 0.1000000000000000472 ) ) ;
#875 = EDGE_CURVE ( 'NONE', #1882, #1581, #2089, .T. ) ;
#876 = CARTESIAN_POINT ( 'NONE',  ( 0.8500000000000001998, 0.000000000000000000, 0.000000000000000000 ) ) ;
#877 = ORIENTED_EDGE ( 'NONE', *, *, #853, .F. ) ;
#878 = ORIENTED_EDGE ( 'NONE', *, *, #2280, .F. ) ;
#879 = CARTESIAN_POINT ( 'NONE',  ( 1.249999999999999778, 2.487034183642659713, 0.1000000000000000472 ) ) ;
#880 = CARTESIAN_POINT ( 'NONE',  ( -0.4464421461293695548, 1.587835210415322607, 0.5394216758222453167 ) ) ;
#881 = CARTESIAN_POINT ( 'NONE',  ( -1.244003984306812471, 2.344681330209816394, -0.1020398799151734232 ) ) ;
#882 = CARTESIAN_POINT ( 'NONE',  ( -0.1483289584103859582, 1.719705792243250153, 0.7979905282889362406 ) ) ;
#883 = CARTESIAN_POINT ( 'NONE',  ( -1.249999999999999778, 2.485027015202619260, 0.001454583596495769840 ) ) ;
#884 = VECTOR ( 'NONE', #2046, 1000.000000000000000 ) ;
#885 = CARTESIAN_POINT ( 'NONE',  ( 0.06615730850731445234, 1.498454407650125608, -0.1000000000000000472 ) ) ;
#886 = CARTESIAN_POINT ( 'NONE',  ( 1.103023578216608236, 2.508223576232244678, -0.6825615442828462109 ) ) ;
#887 = ORIENTED_EDGE ( 'NONE', *, *, #152, .T. ) ;
#888 = CIRCLE ( 'NONE', #1189, 0.1500000000000000500 ) ;
#889 = EDGE_CURVE ( 'NONE', #1816, #805, #87, .T. ) ;
#890 = PLANE ( 'NONE',  #2281 ) ;
#891 = AXIS2_PLACEMENT_3D ( 'NONE', #2262, #675, #498 ) ;
#892 = VERTEX_POINT ( 'NONE', #456 ) ;
#893 = CARTESIAN_POINT ( 'NONE',  ( -0.2118901941971785829, 1.541529156842956994, 0.4557420725466937439 ) ) ;
#894 = CARTESIAN_POINT ( 'NONE',  ( 0.1480830800891721755, 1.584090273860671028, 0.5685250894320641457 ) ) ;
#895 = DIRECTION ( 'NONE',  ( -1.000000000000000000, 0.000000000000000000, 0.000000000000000000 ) ) ;
#896 = CARTESIAN_POINT ( 'NONE',  ( -1.249999999999999334, 2.451882240274362079, 0.02547657634148789429 ) ) ;
#897 = CARTESIAN_POINT ( 'NONE',  ( -0.6999999999999998446, 0.000000000000000000, -0.03926990785650171650 ) ) ;
#898 = CARTESIAN_POINT ( 'NONE',  ( -0.9346919343598085739, 1.991455638797704930, -0.6887781377876034394 ) ) ;
#899 = CARTESIAN_POINT ( 'NONE',  ( -0.09999999999999982514, 3.999999999999999112, -1.250000000000000000 ) ) ;
#900 = VERTEX_POINT ( 'NONE', #281 ) ;
#901 = EDGE_LOOP ( 'NONE', ( #348, #268, #1554, #1885 ) ) ;
#902 = CARTESIAN_POINT ( 'NONE',  ( 0.4002767654213918447, 2.607072642540404495, 1.220186485344873617 ) ) ;
#903 = ORIENTED_EDGE ( 'NONE', *, *, #66, .T. ) ;
#904 = CARTESIAN_POINT ( 'NONE',  ( -1.246475730621794176, 2.381572272319173678, -0.07578740647631281024 ) ) ;
#905 = CARTESIAN_POINT ( 'NONE',  ( -1.243988517174908992, 2.344450515455735129, 0.1022041604911881341 ) ) ;
#906 = CARTESIAN_POINT ( 'NONE',  ( 0.1255422725601015033, 2.381445072974215815, 1.250000000000000444 ) ) ;
#907 = CARTESIAN_POINT ( 'NONE',  ( 1.250000000000000666, 2.487034183642661933, -0.09999999999797436201 ) ) ;
#908 = ORIENTED_EDGE ( 'NONE', *, *, #650, .F. ) ;
#909 = CARTESIAN_POINT ( 'NONE',  ( -1.249999999999999778, 2.487034183642659713, 0.000000000000000000 ) ) ;
#910 = CARTESIAN_POINT ( 'NONE',  ( 0.7000000000000000666, 0.3164788359587915045, -0.09099983918962116503 ) ) ;
#911 = CARTESIAN_POINT ( 'NONE',  ( 1.249999999999999778, 2.849999999999999201, -0.1000000000000000472 ) ) ;
#912 = DIRECTION ( 'NONE',  ( 4.336808689942017736E-18, 1.000000000000000000, 0.000000000000000000 ) ) ;
#913 = ORIENTED_EDGE ( 'NONE', *, *, #780, .F. ) ;
#914 = CARTESIAN_POINT ( 'NONE',  ( 1.246475730621795508, 2.381572272319178118, 0.07578740647631015959 ) ) ;
#915 = CARTESIAN_POINT ( 'NONE',  ( -0.05214752552929486501, 1.198781709559511022, 0.1000000000000001166 ) ) ;
#916 = DIRECTION ( 'NONE',  ( 0.000000000000000000, -0.000000000000000000, 1.000000000000000000 ) ) ;
#917 = CARTESIAN_POINT ( 'NONE',  ( -0.1468972117344393979, 1.511634677298576701, -0.3090952482034450832 ) ) ;
#918 = DIRECTION ( 'NONE',  ( 1.000000000000000000, 0.000000000000000000, 0.000000000000000000 ) ) ;
#919 = CARTESIAN_POINT ( 'NONE',  ( 1.020959414688316302, 1.636337341021196323, 0.8910253594004099442 ) ) ;
#920 = ORIENTED_EDGE ( 'NONE', *, *, #1863, .T. ) ;
#921 = CARTESIAN_POINT ( 'NONE',  ( 0.1468972117344618245, 1.511634677298573148, 0.3090952482034401982 ) ) ;
#922 = CARTESIAN_POINT ( 'NONE',  ( 1.239835725364013097, 2.350951498862458244, 0.1602047329548580146 ) ) ;
#923 = AXIS2_PLACEMENT_3D ( 'NONE', #1596, #351, #177 ) ;
#924 = AXIS2_PLACEMENT_3D ( 'NONE', #1081, #2100, #1806 ) ;
#925 = ORIENTED_EDGE ( 'NONE', *, *, #2111, .T. ) ;
#926 = FACE_OUTER_BOUND ( 'NONE', #1814, .T. ) ;
#927 = EDGE_CURVE ( 'NONE', #1775, #1730, #1902, .T. ) ;
#928 = CIRCLE ( 'NONE', #1800, 0.2999999999999999889 ) ;
#929 = DIRECTION ( 'NONE',  ( -0.06150118303183289142, 0.7359102935313713845, -0.6742800934035171334 ) ) ;
#930 = CARTESIAN_POINT ( 'NONE',  ( -1.131037961527305180, 2.379803251255902197, -0.5820547207865627293 ) ) ;
#931 = DIRECTION ( 'NONE',  ( -1.000000000000000000, 0.000000000000000000, 0.000000000000000000 ) ) ;
#932 = ADVANCED_FACE ( 'NONE', ( #642 ), #1996, .F. ) ;
#933 = CARTESIAN_POINT ( 'NONE',  ( 0.09999999999999985290, 2.648051208222848008, 1.250000000000000222 ) ) ;
#934 = ORIENTED_EDGE ( 'NONE', *, *, #1203, .F. ) ;
#935 = CARTESIAN_POINT ( 'NONE',  ( -0.7323819610924623413, 0.000000000000000000, -0.1175810785615210019 ) ) ;
#936 = CARTESIAN_POINT ( 'NONE',  ( 1.249999999999997558, 1.651753729359039857, 0.1427297705227406621 ) ) ;
#937 = CARTESIAN_POINT ( 'NONE',  ( 0.2956371031862936594, 1.365139030794382702, 0.02310396293578784177 ) ) ;
#938 = EDGE_CURVE ( 'NONE', #2221, #2245, #627, .T. ) ;
#939 = FACE_OUTER_BOUND ( 'NONE', #1196, .T. ) ;
#940 = DIRECTION ( 'NONE',  ( 0.000000000000000000, 1.000000000000000000, 0.000000000000000000 ) ) ;
#941 = CARTESIAN_POINT ( 'NONE',  ( -0.09999999999999972800, 2.648051208222845787, -1.250000000000000000 ) ) ;
#942 = CARTESIAN_POINT ( 'NONE',  ( 0.2414438532029521134, 2.499645174411030180, 1.248408388317490569 ) ) ;
#943 = ORIENTED_EDGE ( 'NONE', *, *, #434, .T. ) ;
#944 = CARTESIAN_POINT ( 'NONE',  ( 0.1465517241379312441, 1.492399349031904743, 0.1944597018558602286 ) ) ;
#945 = DIRECTION ( 'NONE',  ( 0.000000000000000000, 0.6755589193185573826, 0.7373060060308358477 ) ) ;
#946 = EDGE_CURVE ( 'NONE', #326, #1182, #1380, .T. ) ;
#947 = CARTESIAN_POINT ( 'NONE',  ( 0.4883410368763033138, 1.459176118477729656, 0.4927200107183980493 ) ) ;
#948 = CARTESIAN_POINT ( 'NONE',  ( -0.9676180389075395016, 0.000000000000000000, 0.1175810785615209603 ) ) ;
#949 = ORIENTED_EDGE ( 'NONE', *, *, #170, .T. ) ;
#950 = CARTESIAN_POINT ( 'NONE',  ( 0.8500000000000000888, -25.00000000000000000, 0.000000000000000000 ) ) ;
#951 = CARTESIAN_POINT ( 'NONE',  ( -1.249999999999997558, 1.651753729359039857, 0.000000000000000000 ) ) ;
#952 = EDGE_CURVE ( 'NONE', #326, #1184, #1944, .T. ) ;
#953 = FACE_OUTER_BOUND ( 'NONE', #1761, .T. ) ;
#954 = CARTESIAN_POINT ( 'NONE',  ( 0.1125673217575320351, 2.517243068352087221, 1.250000000000000666 ) ) ;
#955 = ORIENTED_EDGE ( 'NONE', *, *, #1138, .F. ) ;
#956 = EDGE_CURVE ( 'NONE', #1956, #138, #229, .T. ) ;
#957 = CARTESIAN_POINT ( 'NONE',  ( 0.2491498240986848300, 1.487748715012898071, 0.2022958992740178097 ) ) ;
#958 = CARTESIAN_POINT ( 'NONE',  ( 1.091489877585197776, 2.027161393789896238, 0.4837452837215218127 ) ) ;
#959 = STYLED_ITEM ( 'NONE', ( #584 ), #384 ) ;
#960 = CARTESIAN_POINT ( 'NONE',  ( 1.089387165334825047, 2.018698793328401742, -0.4992479621041326365 ) ) ;
#961 = DIRECTION ( 'NONE',  ( -0.000000000000000000, -0.000000000000000000, 1.000000000000000000 ) ) ;
#962 = EDGE_CURVE ( 'NONE', #1894, #1181, #169, .T. ) ;
#963 = ORIENTED_EDGE ( 'NONE', *, *, #1307, .T. ) ;
#964 = CARTESIAN_POINT ( 'NONE',  ( -0.5435477477984941297, 1.732380060701216307, 0.7277487834910811859 ) ) ;
#965 = PRESENTATION_LAYER_ASSIGNMENT (  '', '', ( #1329 ) ) ;
#966 = PRODUCT_CONTEXT ( 'NONE', #115, 'mechanical' ) ;
#967 = CARTESIAN_POINT ( 'NONE',  ( -0.4900629955753907918, 1.478045362229278181, 0.4272301733782165045 ) ) ;
#968 = AXIS2_PLACEMENT_3D ( 'NONE', #876, #1785, #199 ) ;
#969 = CARTESIAN_POINT ( 'NONE',  ( 0.2499999999999996669, 2.487034183642659713, 1.250000000000000000 ) ) ;
#970 = CARTESIAN_POINT ( 'NONE',  ( 0.8921544729305780352, 2.538282293949397417, 0.9367406265415185729 ) ) ;
#971 = CARTESIAN_POINT ( 'NONE',  ( 0.3121947948914383653, 1.358206331063158911, 0.1320394940538557604 ) ) ;
#972 = CARTESIAN_POINT ( 'NONE',  ( 1.242789543131742169, 2.359419443728091981, 0.1149281902095013463 ) ) ;
#973 = DIRECTION ( 'NONE',  ( -1.000000000000000000, 0.000000000000000000, 0.000000000000000000 ) ) ;
#974 = CARTESIAN_POINT ( 'NONE',  ( -1.219068581789448436, 2.287115090595304157, 0.2587986034958399961 ) ) ;
#975 = CARTESIAN_POINT ( 'NONE',  ( -1.000000000000000000, 0.000000000000000000, 3.049318610115481221E-17 ) ) ;
#976 = CARTESIAN_POINT ( 'NONE',  ( -1.016875042678496710, 2.520581634330358423, -0.8101565642888779450 ) ) ;
#977 = CARTESIAN_POINT ( 'NONE',  ( -0.6741534951171961332, 1.815776562257486404, -0.7486801795559818729 ) ) ;
#978 = CARTESIAN_POINT ( 'NONE',  ( 1.249999999999999778, 2.487034183642660157, 2.032879073410320814E-17 ) ) ;
#979 = CARTESIAN_POINT ( 'NONE',  ( -0.3326826201410554296, 1.364616139697902630, 0.2039306827237049036 ) ) ;
#980 = CARTESIAN_POINT ( 'NONE',  ( 0.1468972117344899131, 1.511634677298514973, -0.3090952482034418081 ) ) ;
#981 = CARTESIAN_POINT ( 'NONE',  ( -1.239889172101915182, 2.351265527913637854, 0.1597896298474667798 ) ) ;
#982 = ORIENTED_EDGE ( 'NONE', *, *, #1300, .F. ) ;
#983 = DIRECTION ( 'NONE',  ( 6.672013369141569161E-17, 1.000000000000000000, 0.000000000000000000 ) ) ;
#984 = ORIENTED_EDGE ( 'NONE', *, *, #1931, .F. ) ;
#985 = CARTESIAN_POINT ( 'NONE',  ( -1.153461241382009783, 2.155475211040156935, -0.4012472852171831139 ) ) ;
#986 = EDGE_CURVE ( 'NONE', #1184, #1181, #1226, .T. ) ;
#987 = CARTESIAN_POINT ( 'NONE',  ( 1.239836880090413151, 2.351009859882976283, -0.1601402915901492252 ) ) ;
#988 = CARTESIAN_POINT ( 'NONE',  ( -0.05542137404872550521, 1.498956315607671952, 0.03333333333333341614 ) ) ;
#989 = CARTESIAN_POINT ( 'NONE',  ( 1.159280464817707967, 2.192812555072001679, 0.4220494520486835488 ) ) ;
#990 = CARTESIAN_POINT ( 'NONE',  ( -0.09999999999999982514, 2.849999999999999201, -0.1000000000000000472 ) ) ;
#991 = CARTESIAN_POINT ( 'NONE',  ( 1.242807544634997541, 2.359632362436852926, -0.1147549944266324090 ) ) ;
#992 = LINE ( 'NONE', #1209, #999 ) ;
#993 = ORIENTED_EDGE ( 'NONE', *, *, #1654, .F. ) ;
#994 = DIRECTION ( 'NONE',  ( 0.000000000000000000, 1.000000000000000000, 0.000000000000000000 ) ) ;
#995 = ADVANCED_FACE ( 'NONE', ( #1997 ), #2202, .F. ) ;
#996 = AXIS2_PLACEMENT_3D ( 'NONE', #950, #403, #68 ) ;
#997 = CARTESIAN_POINT ( 'NONE',  ( -0.9331235821119590046, 0.5675239515546879332, -0.3855553466739188306 ) ) ;
#998 = CARTESIAN_POINT ( 'NONE',  ( 1.249999999999997558, 1.651753729359039857, 0.000000000000000000 ) ) ;
#999 = VECTOR ( 'NONE', #1933, 1000.000000000000000 ) ;
#1000 = AXIS2_PLACEMENT_3D ( 'NONE', #915, #1632, #36 ) ;
#1001 = CARTESIAN_POINT ( 'NONE',  ( 1.227304330178514480, 2.307110052526274213, -0.2255417009320591359 ) ) ;
#1002 = CARTESIAN_POINT ( 'NONE',  ( 0.4067484848825637100, 1.399131759834814970, 0.3789112733292650526 ) ) ;
#1003 = CARTESIAN_POINT ( 'NONE',  ( 0.05542204577826578132, 1.498956284204127298, -0.03333744126070872782 ) ) ;
#1004 = CARTESIAN_POINT ( 'NONE',  ( 0.8686574768261843271, 1.946407420209912198, -0.7080708212615698383 ) ) ;
#1005 = ORIENTED_EDGE ( 'NONE', *, *, #2250, .T. ) ;
#1006 = CARTESIAN_POINT ( 'NONE',  ( -0.1714815452182777700, 2.573701045937720977, 1.249999841181968385 ) ) ;
#1007 = CARTESIAN_POINT ( 'NONE',  ( 0.09999999999999982514, 3.999999999999999112, 0.1000000000000000472 ) ) ;
#1008 = ORIENTED_EDGE ( 'NONE', *, *, #1288, .F. ) ;
#1009 = CARTESIAN_POINT ( 'NONE',  ( 1.249999999999997558, 1.651753729359039857, 0.000000000000000000 ) ) ;
#1010 = CARTESIAN_POINT ( 'NONE',  ( -0.7047864423073970652, 1.769092359671140535, -0.6691516481401882377 ) ) ;
#1011 = CARTESIAN_POINT ( 'NONE',  ( -0.8500000000000000888, -25.00000000000000000, 0.000000000000000000 ) ) ;
#1012 = CARTESIAN_POINT ( 'NONE',  ( 0.3751153668998415402, 1.380050355417651531, 0.3181345362812244004 ) ) ;
#1013 = CARTESIAN_POINT ( 'NONE',  ( -0.3015670383618388461, 1.362635749628505089, -0.06931188876055099923 ) ) ;
#1014 = CARTESIAN_POINT ( 'NONE',  ( 0.4029213548142263068, 1.559928737874189952, -0.4927271379884049507 ) ) ;
#1015 = EDGE_CURVE ( 'NONE', #2105, #801, #590, .T. ) ;
#1016 = ORIENTED_EDGE ( 'NONE', *, *, #587, .F. ) ;
#1017 =( NAMED_UNIT ( * ) PLANE_ANGLE_UNIT ( ) SI_UNIT ( $, .RADIAN. ) );
#1018 = ORIENTED_EDGE ( 'NONE', *, *, #1323, .F. ) ;
#1019 = CARTESIAN_POINT ( 'NONE',  ( -1.249999999999999778, 2.487034183642659713, -0.1000000000000000472 ) ) ;
#1020 = CARTESIAN_POINT ( 'NONE',  ( -0.09999999999999982514, 2.849999999999999201, 0.1000000000000000472 ) ) ;
#1021 = CARTESIAN_POINT ( 'NONE',  ( -1.238084704043279194, 2.332792821945691486, -0.1469335154367256979 ) ) ;
#1022 = ORIENTED_EDGE ( 'NONE', *, *, #476, .T. ) ;
#1023 = EDGE_CURVE ( 'NONE', #900, #166, #861, .T. ) ;
#1024 = CARTESIAN_POINT ( 'NONE',  ( -1.201138352749143046, 2.187492715780488872, -0.2879210704093713158 ) ) ;
#1025 = CARTESIAN_POINT ( 'NONE',  ( 0.3034664253800056777, 1.590678907831847289, 0.5764860035142079786 ) ) ;
#1026 = DIRECTION ( 'NONE',  ( -4.336808689942017736E-18, 1.000000000000000000, 0.000000000000000000 ) ) ;
#1027 = ADVANCED_FACE ( 'NONE', ( #623 ), #1466, .T. ) ;
#1028 = CARTESIAN_POINT ( 'NONE',  ( -0.1468972117344393979, 1.511634677298576701, -0.3090952482034450832 ) ) ;
#1029 = CARTESIAN_POINT ( 'NONE',  ( 1.244003984307024080, 2.344681330212903703, -0.1020398799129212525 ) ) ;
#1030 = ORIENTED_EDGE ( 'NONE', *, *, #1541, .T. ) ;
#1031 =( LENGTH_UNIT ( ) NAMED_UNIT ( * ) SI_UNIT ( .MILLI., .METRE. ) );
#1032 = ADVANCED_FACE ( 'NONE', ( #579 ), #1657, .T. ) ;
#1033 = ORIENTED_EDGE ( 'NONE', *, *, #1175, .F. ) ;
#1034 = CARTESIAN_POINT ( 'NONE',  ( 0.9331235821119601148, 0.5675239515546879332, 0.3855553466739181645 ) ) ;
#1035 = FACE_OUTER_BOUND ( 'NONE', #155, .T. ) ;
#1036 = AXIS2_PLACEMENT_3D ( 'NONE', #1011, #667, #2083 ) ;
#1037 = CARTESIAN_POINT ( 'NONE',  ( -0.6342287495907004136, 1.581032597272129081, -0.6024037579841921008 ) ) ;
#1038 = CARTESIAN_POINT ( 'NONE',  ( -0.4781529534754031530, 2.243178870957373228, -1.229319927084458364 ) ) ;
#1039 = AXIS2_PLACEMENT_3D ( 'NONE', #608, #791, #2229 ) ;
#1040 = CARTESIAN_POINT ( 'NONE',  ( -0.2956371031839447605, 1.365139030795391006, 0.02310396290887315254 ) ) ;
#1041 = CARTESIAN_POINT ( 'NONE',  ( 0.3498512665725416748, 1.370760042286608194, 0.2524282696244852242 ) ) ;
#1042 = CARTESIAN_POINT ( 'NONE',  ( -0.6999999999999999556, -25.00000000000000000, 0.000000000000000000 ) ) ;
#1043 = ORIENTED_EDGE ( 'NONE', *, *, #613, .T. ) ;
#1044 = CARTESIAN_POINT ( 'NONE',  ( -0.09999999999999992228, 2.648051208222849340, 1.250000000000000222 ) ) ;
#1045 = ORIENTED_EDGE ( 'NONE', *, *, #320, .T. ) ;
#1046 = CARTESIAN_POINT ( 'NONE',  ( -0.2655137626106260917, 1.599630281418659372, 0.5820547207865645056 ) ) ;
#1047 = CARTESIAN_POINT ( 'NONE',  ( 0.2956371031835658414, 1.365139030795553543, -0.02310396290451939907 ) ) ;
#1048 = EDGE_CURVE ( 'NONE', #1184, #1668, #283, .T. ) ;
#1049 = CARTESIAN_POINT ( 'NONE',  ( -0.1375127342872081715, 2.140102743429256993, -1.141322466456285101 ) ) ;
#1050 = DIRECTION ( 'NONE',  ( 0.1259239903189194598, 0.005886981988465433968, 0.9920224252027916023 ) ) ;
#1051 = CARTESIAN_POINT ( 'NONE',  ( 0.09999999999999974187, 2.849999999999999201, -1.250000000000000000 ) ) ;
#1052 = CARTESIAN_POINT ( 'NONE',  ( 0.09999999999999982514, 2.849999999999999201, 1.250000000000000000 ) ) ;
#1053 = VERTEX_POINT ( 'NONE', #1287 ) ;
#1054 = CARTESIAN_POINT ( 'NONE',  ( -1.166247164223919608, 0.8185690671505836402, 0.09099983918962116503 ) ) ;
#1055 = DIRECTION ( 'NONE',  ( 1.000000000000000000, 0.000000000000000000, 0.000000000000000000 ) ) ;
#1056 = EDGE_LOOP ( 'NONE', ( #703, #1712, #208 ) ) ;
#1057 = CARTESIAN_POINT ( 'NONE',  ( -0.6982758620689661910, 1.989716766337283449, 0.8239401460951031320 ) ) ;
#1058 = CARTESIAN_POINT ( 'NONE',  ( -1.078955432987734664, 2.072844233699947747, 0.5083104022552880075 ) ) ;
#1059 = CARTESIAN_POINT ( 'NONE',  ( -0.05542204577831422868, 1.498956284204124856, -0.03333744126036040228 ) ) ;
#1060 = CARTESIAN_POINT ( 'NONE',  ( -1.194577466529016752, 2.495042681829167108, -0.4642293790212955185 ) ) ;
#1061 = EDGE_LOOP ( 'NONE', ( #546, #1241, #1008, #1703 ) ) ;
#1062 = ADVANCED_FACE ( 'NONE', ( #1850 ), #1317, .T. ) ;
#1063 = CARTESIAN_POINT ( 'NONE',  ( 0.1127924713739476281, 2.514525448318508882, -1.250000000000000000 ) ) ;
#1064 = CARTESIAN_POINT ( 'NONE',  ( -0.2106332012127975495, 1.540887599333793601, -0.4535456691589582201 ) ) ;
#1065 = DIRECTION ( 'NONE',  ( 0.000000000000000000, 0.000000000000000000, 1.000000000000000000 ) ) ;
#1066 = CARTESIAN_POINT ( 'NONE',  ( -0.09999999999999972800, 2.648051208222845787, 1.250000000000000000 ) ) ;
#1067 = EDGE_LOOP ( 'NONE', ( #955, #1981, #639 ) ) ;
#1068 = CARTESIAN_POINT ( 'NONE',  ( -0.8500000000000003109, 0.000000000000000000, 0.1663629469633258751 ) ) ;
#1069 = CARTESIAN_POINT ( 'NONE',  ( -1.158188657450634818, 2.191527140028725285, 0.4242391758739665342 ) ) ;
#1070 = CARTESIAN_POINT ( 'NONE',  ( 1.249999999999999778, 3.999999999999999112, 0.1000000000000000472 ) ) ;
#1071 = CARTESIAN_POINT ( 'NONE',  ( -1.094983277346242234, 1.552790199972458929, -0.7811334421781803705 ) ) ;
#1072 = ORIENTED_EDGE ( 'NONE', *, *, #215, .T. ) ;
#1073 = CARTESIAN_POINT ( 'NONE',  ( -1.248701170233033730, 2.414787731675305693, -0.05215103824977681407 ) ) ;
#1074 = CIRCLE ( 'NONE', #663, 0.3000000000000000444 ) ;
#1075 = CARTESIAN_POINT ( 'NONE',  ( -0.7485458709196094462, 0.3735406408779022303, 0.2724056259698687255 ) ) ;
#1076 = CARTESIAN_POINT ( 'NONE',  ( 0.8500000000000000888, -25.00000000000000000, 0.000000000000000000 ) ) ;
#1077 = CARTESIAN_POINT ( 'NONE',  ( -0.09999999999999974187, 3.999999999999999112, -0.1000000000000000472 ) ) ;
#1078 = AXIS2_PLACEMENT_3D ( 'NONE', #365, #542, #1065 ) ;
#1079 = DIRECTION ( 'NONE',  ( 0.000000000000000000, 0.000000000000000000, 1.000000000000000000 ) ) ;
#1080 = ORIENTED_EDGE ( 'NONE', *, *, #379, .F. ) ;
#1081 = CARTESIAN_POINT ( 'NONE',  ( -0.2499999999999997780, 2.487034183642659713, 0.1000000000000000472 ) ) ;
#1082 = CARTESIAN_POINT ( 'NONE',  ( -0.5958478200105041811, 1.690074918177810526, 0.6396518902169268106 ) ) ;
#1083 = CARTESIAN_POINT ( 'NONE',  ( -0.08077249341812345329, 1.497771143642130154, -0.1719785301106421527 ) ) ;
#1084 = CARTESIAN_POINT ( 'NONE',  ( -1.163051783545304918, 2.499589545773269972, -0.5466625277190668708 ) ) ;
#1085 = ORIENTED_EDGE ( 'NONE', *, *, #2108, .F. ) ;
#1086 = LINE ( 'NONE', #714, #1551 ) ;
#1087 = FACE_OUTER_BOUND ( 'NONE', #1067, .T. ) ;
#1088 = CYLINDRICAL_SURFACE ( 'NONE', #75, 1.149999999999999911 ) ;
#1089 = CARTESIAN_POINT ( 'NONE',  ( -1.248831442242862355, 2.416732083430292999, -0.05076742037219512949 ) ) ;
#1090 = ORIENTED_EDGE ( 'NONE', *, *, #320, .F. ) ;
#1091 = CARTESIAN_POINT ( 'NONE',  ( 1.246526082211696140, 2.403752928417927759, 0.1000000000000025174 ) ) ;
#1092 = CARTESIAN_POINT ( 'NONE',  ( -0.5439323619738578586, 1.732627808754377163, 0.7277870900116272246 ) ) ;
#1093 = CARTESIAN_POINT ( 'NONE',  ( -0.1070347701520004829, 1.503251085586182478, -0.2419369452420049860 ) ) ;
#1094 = CARTESIAN_POINT ( 'NONE',  ( 0.4781529534753947708, 2.243178870957432736, -1.229319927084463915 ) ) ;
#1095 = DIRECTION ( 'NONE',  ( -0.000000000000000000, -0.000000000000000000, -1.000000000000000000 ) ) ;
#1096 = CARTESIAN_POINT ( 'NONE',  ( 1.183374045696488519, 2.195535450087245266, 0.3395119977297833547 ) ) ;
#1097 = EDGE_CURVE ( 'NONE', #1591, #1775, #1186, .T. ) ;
#1098 = ORIENTED_EDGE ( 'NONE', *, *, #277, .F. ) ;
#1099 = CARTESIAN_POINT ( 'NONE',  ( -0.2956371031849291953, 1.365139030794969566, -1.696609491225957445E-11 ) ) ;
#1100 = EDGE_CURVE ( 'NONE', #1182, #2021, #1795, .T. ) ;
#1101 = CARTESIAN_POINT ( 'NONE',  ( 1.249999999999999778, 2.487034183642658380, 3.091853247333166762E-17 ) ) ;
#1102 = CARTESIAN_POINT ( 'NONE',  ( -0.7055815911698621878, 1.769682284017069618, 0.6692141670697363542 ) ) ;
#1103 = CARTESIAN_POINT ( 'NONE',  ( -1.249999999999997558, 1.651753729359039857, 0.000000000000000000 ) ) ;
#1104 = CARTESIAN_POINT ( 'NONE',  ( 1.250000000000164757, 2.487034280069124303, -0.1932042899917209289 ) ) ;
#1105 = ORIENTED_EDGE ( 'NONE', *, *, #1496, .T. ) ;
#1106 = CARTESIAN_POINT ( 'NONE',  ( -1.248727591186254759, 2.430095724374234045, 0.06862233074291353152 ) ) ;
#1107 = CARTESIAN_POINT ( 'NONE',  ( -1.000000000000000000, 0.000000000000000000, 3.049318610115481221E-17 ) ) ;
#1108 = B_SPLINE_CURVE_WITH_KNOTS ( 'NONE', 3,
 ( #1794, #192, #894, #1379, #510, #723, #906, #2157 ),
 .UNSPECIFIED., .F., .F.,
 ( 4, 2, 2, 4 ),
 ( 0.0002099759097525663522, 0.0006117144675522132730, 0.001013453025351860248, 0.001816930140951153981 ),
 .UNSPECIFIED. ) ;
#1109 = CARTESIAN_POINT ( 'NONE',  ( 0.7485458709196094462, 0.3735406408779022303, 0.2724056259698687255 ) ) ;
#1110 = CARTESIAN_POINT ( 'NONE',  ( 0.06615730850727248591, 1.498454407650127607, 0.1000000000000000472 ) ) ;
#1111 = CIRCLE ( 'NONE', #105, 0.1500000000000000500 ) ;
#1112 = VECTOR ( 'NONE', #817, 1000.000000000000000 ) ;
#1113 = CARTESIAN_POINT ( 'NONE',  ( 1.246475730622054634, 2.381572272316674344, 0.07578740647281874410 ) ) ;
#1114 = AXIS2_PLACEMENT_3D ( 'NONE', #1828, #1645, #1855 ) ;
#1115 = CIRCLE ( 'NONE', #1151, 2.566666666666666874 ) ;
#1116 = DIRECTION ( 'NONE',  ( -0.000000000000000000, 0.000000000000000000, -1.000000000000000000 ) ) ;
#1117 = APPLICATION_PROTOCOL_DEFINITION ( 'draft international standard', 'automotive_design', 1998, #115 ) ;
#1118 = CARTESIAN_POINT ( 'NONE',  ( -0.9676180389075395016, 0.000000000000000000, 0.1175810785615209603 ) ) ;
#1119 = CARTESIAN_POINT ( 'NONE',  ( 0.09999999999999985290, 2.648051208222848008, -1.250000000000000222 ) ) ;
#1120 = CARTESIAN_POINT ( 'NONE',  ( 0.09999999999999976963, 2.648051208222846231, 1.250000000000000222 ) ) ;
#1121 = ORIENTED_EDGE ( 'NONE', *, *, #312, .F. ) ;
#1122 = CARTESIAN_POINT ( 'NONE',  ( 0.6982758620689661910, 1.989716766337283449, 0.8239401460951031320 ) ) ;
#1123 = CARTESIAN_POINT ( 'NONE',  ( 1.215848246704424929, 2.260737740358575554, 0.2434644410530923953 ) ) ;
#1124 = DIRECTION ( 'NONE',  ( 0.000000000000000000, 1.000000000000000000, 0.000000000000000000 ) ) ;
#1125 = DIRECTION ( 'NONE',  ( -0.000000000000000000, -1.000000000000000000, -0.000000000000000000 ) ) ;
#1126 = DIRECTION ( 'NONE',  ( -1.000000000000000000, 0.000000000000000000, 0.000000000000000000 ) ) ;
#1127 = CARTESIAN_POINT ( 'NONE',  ( -1.249999999999997558, 1.651753729359039857, 0.1427297705227406621 ) ) ;
#1128 = CARTESIAN_POINT ( 'NONE',  ( 0.9450834404025271196, 2.530769076557673358, -0.8837957554902807766 ) ) ;
#1129 = CARTESIAN_POINT ( 'NONE',  ( 0.1474665721732067170, 1.548018891431126809, 0.4642293784495329922 ) ) ;
#1130 = CARTESIAN_POINT ( 'NONE',  ( -0.1255422725601320622, 2.381445072974218924, -1.250000000000000444 ) ) ;
#1131 = ADVANCED_FACE ( 'NONE', ( #2211 ), #741, .T. ) ;
#1132 = CARTESIAN_POINT ( 'NONE',  ( 0.3015670383618087036, 1.362635749628516857, 0.06931188876037026880 ) ) ;
#1133 = CARTESIAN_POINT ( 'NONE',  ( 0.3761537691223711954, 1.380432194527626111, 0.3208351737646008561 ) ) ;
#1134 = CARTESIAN_POINT ( 'NONE',  ( -0.09999999999999974187, 2.849999999999999201, 0.1000000000000000472 ) ) ;
#1135 = DIRECTION ( 'NONE',  ( 1.000000000000000000, 0.000000000000000000, 0.000000000000000000 ) ) ;
#1136 = DIRECTION ( 'NONE',  ( 0.000000000000000000, 1.000000000000000000, 0.000000000000000000 ) ) ;
#1137 = CARTESIAN_POINT ( 'NONE',  ( -0.1468972117344621575, 1.511634677298573148, 0.3090952482034409754 ) ) ;
#1138 = EDGE_CURVE ( 'NONE', #166, #326, #2044, .T. ) ;
#1139 = ORIENTED_EDGE ( 'NONE', *, *, #1100, .T. ) ;
#1140 = CARTESIAN_POINT ( 'NONE',  ( 0.8770893251412410496, 1.798318232294910946, 1.046964742625781986 ) ) ;
#1141 = CARTESIAN_POINT ( 'NONE',  ( 1.219069984573885712, 2.287132812690022110, -0.2587714809601835975 ) ) ;
#1142 = CARTESIAN_POINT ( 'NONE',  ( 1.249871454304997576, 2.456360388563923802, 0.03708782809010853498 ) ) ;
#1143 = FACE_OUTER_BOUND ( 'NONE', #189, .T. ) ;
#1144 = CIRCLE ( 'NONE', #1403, 2.566666666666666874 ) ;
#1145 = ORIENTED_EDGE ( 'NONE', *, *, #927, .T. ) ;
#1146 = FILL_AREA_STYLE ('',( #2033 ) ) ;
#1147 = CIRCLE ( 'NONE', #2022, 1.149999999999999911 ) ;
#1148 = DIRECTION ( 'NONE',  ( 0.000000000000000000, 0.000000000000000000, 1.000000000000000000 ) ) ;
#1149 = MANIFOLD_SOLID_BREP ( 'Fillet3', #1475 ) ;
#1150 = CARTESIAN_POINT ( 'NONE',  ( -1.103019926410895968, 2.508224100765944709, -0.6825683421788065752 ) ) ;
#1151 = AXIS2_PLACEMENT_3D ( 'NONE', #362, #194, #895 ) ;
#1152 = CARTESIAN_POINT ( 'NONE',  ( -1.227093905264469820, 2.306501775862331183, -0.2265012331002994872 ) ) ;
#1153 = CARTESIAN_POINT ( 'NONE',  ( 1.246475730621809497, 2.381572272319382400, -0.07578740647615915538 ) ) ;
#1154 = CARTESIAN_POINT ( 'NONE',  ( 0.09999999999999961697, 0.7500000000000006661, -1.250000000000000000 ) ) ;
#1155 = CARTESIAN_POINT ( 'NONE',  ( 0.5188401069834147616, 1.483228641044287421, -0.5220816287272489475 ) ) ;
#1156 = EDGE_LOOP ( 'NONE', ( #2118, #2152, #1941 ) ) ;
#1157 = CARTESIAN_POINT ( 'NONE',  ( -0.9346160608029928651, 1.991452074081945689, 0.6884732114071635545 ) ) ;
#1158 = EDGE_CURVE ( 'NONE', #560, #143, #116, .T. ) ;
#1159 = EDGE_LOOP ( 'NONE', ( #684, #2274, #1030, #1363 ) ) ;
#1160 = CARTESIAN_POINT ( 'NONE',  ( -0.3015670383618388461, 1.362635749628505089, -0.06931188876055099923 ) ) ;
#1161 = CARTESIAN_POINT ( 'NONE',  ( -0.8764433321712945535, 1.897835058611115677, -0.6488637981976128621 ) ) ;
#1162 = CARTESIAN_POINT ( 'NONE',  ( 0.2106332012127969111, 1.540887599333792934, -0.4535456691589581646 ) ) ;
#1163 = CARTESIAN_POINT ( 'NONE',  ( 0.5423360679624528169, 1.652486928284316869, 0.6122168532630081206 ) ) ;
#1164 = FACE_OUTER_BOUND ( 'NONE', #1168, .T. ) ;
#1165 = DIRECTION ( 'NONE',  ( -1.000000000000000000, 0.000000000000000000, 0.000000000000000000 ) ) ;
#1166 = CARTESIAN_POINT ( 'NONE',  ( 1.238084704043477036, 2.332792821946866990, -0.1469335154352899298 ) ) ;
#1167 = ADVANCED_FACE ( 'NONE', ( #1308 ), #2128, .T. ) ;
#1168 = EDGE_LOOP ( 'NONE', ( #2043, #1625, #316, #1569, #359 ) ) ;
#1169 = CARTESIAN_POINT ( 'NONE',  ( -0.1474665721732065227, 1.548018891431125255, 0.4642293784495263864 ) ) ;
#1170 = ORIENTED_EDGE ( 'NONE', *, *, #1588, .T. ) ;
#1171 = CARTESIAN_POINT ( 'NONE',  ( -0.3015670383618388461, 1.362635749628505089, -0.06931188876055099923 ) ) ;
#1172 = EDGE_CURVE ( 'NONE', #1777, #1920, #838, .T. ) ;
#1173 = CARTESIAN_POINT ( 'NONE',  ( -1.246526082212043862, 2.403752928414895962, 0.09999999999682107621 ) ) ;
#1174 = CARTESIAN_POINT ( 'NONE',  ( -1.224594505248778109, 2.283213140038441225, -0.2109881576735407882 ) ) ;
#1175 = EDGE_CURVE ( 'NONE', #1053, #2143, #992, .T. ) ;
#1176 = CARTESIAN_POINT ( 'NONE',  ( 0.6999999999999999556, 0.2552269690298273330, -1.311489893786750043E-18 ) ) ;
#1177 = CARTESIAN_POINT ( 'NONE',  ( 0.2956371031849291953, 1.365139030794969566, 2.349740971005164714E-11 ) ) ;
#1178 = CARTESIAN_POINT ( 'NONE',  ( 0.2109592249977957079, 1.541052803831044704, 0.4541340902682036718 ) ) ;
#1179 = CARTESIAN_POINT ( 'NONE',  ( 0.8471429607057020528, 1.778806845863160513, -0.6337340834717842819 ) ) ;
#1180 = CARTESIAN_POINT ( 'NONE',  ( 0.7412789486312817422, 1.859647242933228473, -0.7443529642442722194 ) ) ;
#1181 = VERTEX_POINT ( 'NONE', #1616 ) ;
#1182 = VERTEX_POINT ( 'NONE', #1253 ) ;
#1183 = CARTESIAN_POINT ( 'NONE',  ( -0.1425176973933949265, 2.017785267673741334, 1.074647445496970777 ) ) ;
#1184 = VERTEX_POINT ( 'NONE', #740 ) ;
#1185 = CARTESIAN_POINT ( 'NONE',  ( 1.166247164223919608, 0.8185690671505836402, -0.09099983918962119278 ) ) ;
#1186 = CIRCLE ( 'NONE', #481, 0.1500000000000000500 ) ;
#1187 = CARTESIAN_POINT ( 'NONE',  ( 0.6982758620689661910, 1.989716766337283449, 0.8239401460951031320 ) ) ;
#1188 = CARTESIAN_POINT ( 'NONE',  ( 0.1465516706301989713, 1.492399354596881444, 0.1932042895864657106 ) ) ;
#1189 = AXIS2_PLACEMENT_3D ( 'NONE', #1413, #1124, #245 ) ;
#1190 = EDGE_LOOP ( 'NONE', ( #767, #1219, #128, #625, #1764 ) ) ;
#1191 =( GEOMETRIC_REPRESENTATION_CONTEXT ( 3 ) GLOBAL_UNCERTAINTY_ASSIGNED_CONTEXT ( ( #636 ) ) GLOBAL_UNIT_ASSIGNED_CONTEXT ( ( #1683, #1505, #83 ) ) REPRESENTATION_CONTEXT ( 'NONE', 'WORKASPACE' ) );
#1192 = CARTESIAN_POINT ( 'NONE',  ( 0.3273883627673980778, 1.362499740804477444, -0.1940071967807977804 ) ) ;
#1193 = DIRECTION ( 'NONE',  ( -6.672013369141569161E-17, -1.000000000000000000, -0.000000000000000000 ) ) ;
#1194 = DIRECTION ( 'NONE',  ( 1.000000000000000000, 7.070883733601116999E-17, 0.000000000000000000 ) ) ;
#1195 = CARTESIAN_POINT ( 'NONE',  ( 0.4064735516554154326, 1.398957687830692409, -0.3784115059886717369 ) ) ;
#1196 = EDGE_LOOP ( 'NONE', ( #20, #129, #1170, #337 ) ) ;
#1197 = DIRECTION ( 'NONE',  ( 6.672013369141569161E-17, -1.000000000000000000, 0.000000000000000000 ) ) ;
#1198 = ORIENTED_EDGE ( 'NONE', *, *, #889, .T. ) ;
#1199 = CARTESIAN_POINT ( 'NONE',  ( -0.08129785374359095595, 1.497746582899053713, -0.1745658963175526490 ) ) ;
#1200 = ADVANCED_FACE ( 'NONE', ( #391 ), #525, .F. ) ;
#1201 = CARTESIAN_POINT ( 'NONE',  ( 0.8499999999999984235, 0.000000000000000000, -0.1663629469633257640 ) ) ;
#1202 = CARTESIAN_POINT ( 'NONE',  ( -1.078466031677909998, 2.072351219949347456, -0.5088828756832325384 ) ) ;
#1203 = EDGE_CURVE ( 'NONE', #2221, #1521, #174, .T. ) ;
#1204 = CARTESIAN_POINT ( 'NONE',  ( 0.1070347701520313888, 1.503251085586176483, -0.2419369452420562228 ) ) ;
#1205 = CARTESIAN_POINT ( 'NONE',  ( -0.3015670383618388461, 1.362635749628505089, 0.06931188876055160986 ) ) ;
#1206 = EDGE_CURVE ( 'NONE', #326, #143, #232, .T. ) ;
#1207 = CARTESIAN_POINT ( 'NONE',  ( 0.2115580436712574397, 1.541360162347361173, -0.4551524029503862256 ) ) ;
#1208 = ORIENTED_EDGE ( 'NONE', *, *, #792, .T. ) ;
#1209 = CARTESIAN_POINT ( 'NONE',  ( 1.249999999999999778, 2.849999999999999201, -1.250000000000000000 ) ) ;
#1210 = EDGE_LOOP ( 'NONE', ( #705, #187, #1701, #185 ) ) ;
#1211 = CARTESIAN_POINT ( 'NONE',  ( 0.7323819610924623413, 0.000000000000000000, -0.1175810785615210019 ) ) ;
#1212 =( LENGTH_UNIT ( ) NAMED_UNIT ( * ) SI_UNIT ( .MILLI., .METRE. ) );
#1213 = EDGE_CURVE ( 'NONE', #651, #1856, #1520, .T. ) ;
#1214 = CARTESIAN_POINT ( 'NONE',  ( -0.4094731292924731481, 1.400722300823942224, 0.3847948159360741749 ) ) ;
#1215 = CARTESIAN_POINT ( 'NONE',  ( -1.249997531406758844, 1.377636584694445387, -0.2944543989075292800 ) ) ;
#1216 = CARTESIAN_POINT ( 'NONE',  ( -0.09999999999999957534, 0.08333333333333325932, 0.1000000000000000472 ) ) ;
#1217 = CARTESIAN_POINT ( 'NONE',  ( -0.6784297136067461986, 1.816769418675995951, -0.7627324053143718086 ) ) ;
#1218 = CARTESIAN_POINT ( 'NONE',  ( 1.249999999652487981, 2.455612174233362310, -0.02948532810836989801 ) ) ;
#1219 = ORIENTED_EDGE ( 'NONE', *, *, #1340, .T. ) ;
#1220 = CARTESIAN_POINT ( 'NONE',  ( -0.6053591978988298594, 2.578632451369338163, 1.141322464785772040 ) ) ;
#1221 = ORIENTED_EDGE ( 'NONE', *, *, #1172, .F. ) ;
#1222 =( BOUNDED_SURFACE ( )  B_SPLINE_SURFACE ( 3, 2, ( 
 ( #374, #1574, #1796 ),
 ( #1952, #1418, #1381 ),
 ( #1392, #2113, #343 ),
 ( #1049, #678, #331 ),
 ( #1249, #1038, #1563 ),
 ( #529, #1769, #2159 ),
 ( #1987, #2290, #168 ),
 ( #501, #872, #1228 ),
 ( #1585, #1257, #2148 ),
 ( #1240, #1404, #1084 ),
 ( #147, #1071, #1060 ),
 ( #847, #2308, #1757 ),
 ( #689, #1215, #513 ),
 ( #698, #2301, #1936 ) ),
 .UNSPECIFIED., .F., .F., .F. ) 
 B_SPLINE_SURFACE_WITH_KNOTS ( ( 4, 2, 2, 2, 2, 2, 4 ),
 ( 3, 3 ),
 ( -2.450439082410701258E-06, 7.012488152555705363E-05, 0.0001427002021335248153, 0.0001789878624375086961, 0.0002152755227414925769, 0.0002515631830454764578, 0.0002878508433494603386 ),
 ( 0.000000000000000000, 1.000000000000000000 ),
 .UNSPECIFIED. ) 
 GEOMETRIC_REPRESENTATION_ITEM ( )  RATIONAL_B_SPLINE_SURFACE ( (
 ( 1.000000000000000000, 1.000000000000000000, 1.000000000000000000),
 ( 1.000000000000000000, 0.9999586979513601648, 1.000000000000000000),
 ( 1.000000000000000000, 0.9901123780526741580, 1.000000000000000000),
 ( 1.000000000000000000, 0.9507152958105524743, 1.000000000000000000),
 ( 1.000000000000000000, 0.9204701585374844841, 1.000000000000000000),
 ( 1.000000000000000000, 0.8630640863577533350, 1.000000000000000000),
 ( 1.000000000000000000, 0.8416993000853254525, 1.000000000000000000),
 ( 1.000000000000000000, 0.7968926828457294498, 1.000000000000000000),
 ( 1.000000000000000000, 0.7736735626971935620, 1.000000000000000000),
 ( 1.000000000000000000, 0.7293280336678014120, 1.000000000000000000),
 ( 1.000000000000000000, 0.7085986022123742512, 1.000000000000000000),
 ( 1.000000000000000000, 0.6784749576192312670, 1.000000000000000000),
 ( 1.000000000000000000, 0.6693140673796896811, 1.000000000000000000),
 ( 1.000000000000000000, 0.6695340634119860690, 1.000000000000000000) ) ) 
 REPRESENTATION_ITEM ( '' )  SURFACE ( )  );
#1223 = CIRCLE ( 'NONE', #366, 0.2999999999999999334 ) ;
#1224 = CARTESIAN_POINT ( 'NONE',  ( 0.2655137626106262583, 1.599630281418658928, -0.5820547207865628403 ) ) ;
#1225 = CARTESIAN_POINT ( 'NONE',  ( -0.06615730850731461887, 1.498454407650125164, -0.09999999999999978351 ) ) ;
#1226 = CIRCLE ( 'NONE', #225, 0.2999999999999999334 ) ;
#1227 = CARTESIAN_POINT ( 'NONE',  ( -1.242437474748379511, 2.321299900365710656, 0.1186776751733445434 ) ) ;
#1228 = CARTESIAN_POINT ( 'NONE',  ( -1.042573604851201763, 2.516874550885153550, -0.7633677765802031612 ) ) ;
#1229 = CARTESIAN_POINT ( 'NONE',  ( 0.1426016620106931587, 2.012862028483896282, -1.069852562567454868 ) ) ;
#1230 = VECTOR ( 'NONE', #2127, 1000.000000000000000 ) ;
#1231 = CARTESIAN_POINT ( 'NONE',  ( -1.188169872220109724, 2.229032840469669097, -0.3574442967079802247 ) ) ;
#1232 = CARTESIAN_POINT ( 'NONE',  ( 1.248539337863932897, 2.424128301790499318, -0.05883537391148181694 ) ) ;
#1233 = EDGE_LOOP ( 'NONE', ( #1254, #934, #2294, #2257 ) ) ;
#1234 = CARTESIAN_POINT ( 'NONE',  ( 1.246475730622054634, 2.381572272316674344, 0.07578740647281874410 ) ) ;
#1235 = ORIENTED_EDGE ( 'NONE', *, *, #212, .T. ) ;
#1236 = EDGE_CURVE ( 'NONE', #1775, #1591, #629, .T. ) ;
#1237 = CARTESIAN_POINT ( 'NONE',  ( -1.244063453020985310, 2.374285622559767273, 0.1277762238758122504 ) ) ;
#1238 = CARTESIAN_POINT ( 'NONE',  ( -0.2085220940759980046, 1.492956901548395221, -0.02682078365815854931 ) ) ;
#1239 = DIRECTION ( 'NONE',  ( -0.000000000000000000, -0.000000000000000000, 1.000000000000000000 ) ) ;
#1240 = CARTESIAN_POINT ( 'NONE',  ( -0.1478752881426642907, 1.579663075974028663, -0.5466625290412752136 ) ) ;
#1241 = ORIENTED_EDGE ( 'NONE', *, *, #2145, .T. ) ;
#1242 = CARTESIAN_POINT ( 'NONE',  ( 0.1473119430280141473, 1.536158190182652428, -0.4412571192443567880 ) ) ;
#1243 = FACE_OUTER_BOUND ( 'NONE', #901, .T. ) ;
#1244 = DIRECTION ( 'NONE',  ( 1.000000000000000000, 0.000000000000000000, 0.000000000000000000 ) ) ;
#1245 = CARTESIAN_POINT ( 'NONE',  ( -0.4002950068316411536, 2.607070125906291835, 1.220181348869800120 ) ) ;
#1246 = ORIENTED_EDGE ( 'NONE', *, *, #1407, .T. ) ;
#1247 = CARTESIAN_POINT ( 'NONE',  ( -0.3751153668999475110, 1.380050355417473895, 0.3181345362812019184 ) ) ;
#1248 = FACE_OUTER_BOUND ( 'NONE', #1190, .T. ) ;
#1249 = CARTESIAN_POINT ( 'NONE',  ( -0.1425176973933910407, 2.017785267673671168, -1.074647445496913267 ) ) ;
#1250 = CARTESIAN_POINT ( 'NONE',  ( -1.249999999999999778, 2.485027015133947526, -0.001454583498408255817 ) ) ;
#1251 = DIRECTION ( 'NONE',  ( 4.336808689942017736E-18, 1.000000000000000000, 0.000000000000000000 ) ) ;
#1252 = CARTESIAN_POINT ( 'NONE',  ( 0.2501517724926142217, 2.627683974079094043, -1.250000000000000000 ) ) ;
#1253 = CARTESIAN_POINT ( 'NONE',  ( -1.249999999999999778, 2.849999999999999201, 0.1000000000000000472 ) ) ;
#1254 = ORIENTED_EDGE ( 'NONE', *, *, #2280, .T. ) ;
#1255 = CARTESIAN_POINT ( 'NONE',  ( -1.219016876600305332, 2.234439909063819840, 0.2280159591413697673 ) ) ;
#1256 = CARTESIAN_POINT ( 'NONE',  ( -0.2184108690300775313, 1.491336510844225138, -0.08063120517896557593 ) ) ;
#1257 = CARTESIAN_POINT ( 'NONE',  ( -0.8770893251412491542, 1.798318232294903840, -1.046964742625769551 ) ) ;
#1258 = ORIENTED_EDGE ( 'NONE', *, *, #1931, .T. ) ;
#1259 = CARTESIAN_POINT ( 'NONE',  ( -1.245602734211250784, 2.392704339357662580, 0.08785733481838947645 ) ) ;
#1260 = AXIS2_PLACEMENT_3D ( 'NONE', #1704, #2233, #1318 ) ;
#1261 = COLOUR_RGB ( '',0.2509803921568627416, 0.2509803921568627416, 0.2509803921568627416 ) ;
#1262 = CARTESIAN_POINT ( 'NONE',  ( -1.159018370181099655, 2.192496740911902720, -0.4225951356224473265 ) ) ;
#1263 = EDGE_CURVE ( 'NONE', #1509, #1053, #1147, .T. ) ;
#1264 = CARTESIAN_POINT ( 'NONE',  ( 1.250000000000000000, 2.487034183642655716, -4.814469804359800436E-14 ) ) ;
#1265 = CARTESIAN_POINT ( 'NONE',  ( 0.8041333825276306690, 2.550755769615677515, 1.021508746187185013 ) ) ;
#1266 = VECTOR ( 'NONE', #2084, 1000.000000000000000 ) ;
#1267 = ORIENTED_EDGE ( 'NONE', *, *, #1818, .T. ) ;
#1268 = CARTESIAN_POINT ( 'NONE',  ( -0.4878658323929276341, 1.458807770037835239, -0.4922078890527916140 ) ) ;
#1269 = CARTESIAN_POINT ( 'NONE',  ( -1.082237159290191597, 2.114440598081861467, 0.5416208730838080188 ) ) ;
#1270 = CARTESIAN_POINT ( 'NONE',  ( -0.8499999999999984235, 0.000000000000000000, -0.1663629469633257640 ) ) ;
#1271 = CARTESIAN_POINT ( 'NONE',  ( 0.2414438532029513362, 2.499645174411028847, -1.248408388317482576 ) ) ;
#1272 = CARTESIAN_POINT ( 'NONE',  ( 1.249999999999999778, 2.487034183642659713, 1.250000000000000000 ) ) ;
#1273 = VERTEX_POINT ( 'NONE', #1234 ) ;
#1274 = CARTESIAN_POINT ( 'NONE',  ( -0.7000000000000000666, 0.3164788359587915045, -0.09099983918962116503 ) ) ;
#1275 = CARTESIAN_POINT ( 'NONE',  ( 0.6999999999999998446, 0.3164788359587915045, 0.09099983918962116503 ) ) ;
#1276 = CARTESIAN_POINT ( 'NONE',  ( 0.3498512665725409532, 1.370760042286610414, -0.2524282696244850577 ) ) ;
#1277 = ADVANCED_FACE ( 'NONE', ( #2164 ), #890, .F. ) ;
#1278 = CARTESIAN_POINT ( 'NONE',  ( -1.248539337849184694, 2.424128301633061700, -0.05883537405680663163 ) ) ;
#1279 = CARTESIAN_POINT ( 'NONE',  ( 1.250000001480151779, 2.455612174350050747, 0.02948532799802767654 ) ) ;
#1280 = CARTESIAN_POINT ( 'NONE',  ( -0.8069025458403682460, 1.741641998803534097, 0.6386300378170433056 ) ) ;
#1281 = CARTESIAN_POINT ( 'NONE',  ( -0.7485458709196094462, 0.3735406408779022303, 0.2724056259698687255 ) ) ;
#1282 = CARTESIAN_POINT ( 'NONE',  ( 0.8084844053442218348, 1.875380352662041394, -1.096174747146057005 ) ) ;
#1283 = VERTEX_POINT ( 'NONE', #1447 ) ;
#1284 = CARTESIAN_POINT ( 'NONE',  ( 1.249999999999997558, 1.651753729359039857, 0.000000000000000000 ) ) ;
#1285 = CARTESIAN_POINT ( 'NONE',  ( 1.078955432987733110, 2.072844233699958849, 0.5083104022552445977 ) ) ;
#1286 = LINE ( 'NONE', #2032, #371 ) ;
#1287 = CARTESIAN_POINT ( 'NONE',  ( -0.09999999999999974187, 2.849999999999999201, -1.250000000000000000 ) ) ;
#1288 = EDGE_CURVE ( 'NONE', #892, #900, #2135, .T. ) ;
#1289 = CARTESIAN_POINT ( 'NONE',  ( -0.8500000000000003109, 0.000000000000000000, 0.1663629469633258751 ) ) ;
#1290 = CARTESIAN_POINT ( 'NONE',  ( 0.09999999999999979738, 2.648051208222846231, -1.250000000000000222 ) ) ;
#1291 = EDGE_LOOP ( 'NONE', ( #306, #1971, #1414 ) ) ;
#1292 =( LENGTH_UNIT ( ) NAMED_UNIT ( * ) SI_UNIT ( .MILLI., .METRE. ) );
#1293 = ORIENTED_EDGE ( 'NONE', *, *, #250, .T. ) ;
#1294 = CARTESIAN_POINT ( 'NONE',  ( 0.7485458709196106675, 0.3735406408779021192, -0.2724056259698683369 ) ) ;
#1295 = CARTESIAN_POINT ( 'NONE',  ( 1.227191980809561933, 2.306771314712495968, 0.2260690565153553322 ) ) ;
#1296 = CARTESIAN_POINT ( 'NONE',  ( 0.2499999999999996669, 2.487034183642659713, 1.250000000000000000 ) ) ;
#1297 = CIRCLE ( 'NONE', #409, 0.2999999999999999889 ) ;
#1298 = CARTESIAN_POINT ( 'NONE',  ( 0.8500000000000000888, 0.000000000000000000, 0.000000000000000000 ) ) ;
#1299 = CARTESIAN_POINT ( 'NONE',  ( -0.2490262374015689839, 1.487740300714986308, -0.2020273385814361500 ) ) ;
#1300 = EDGE_CURVE ( 'NONE', #837, #1594, #1417, .T. ) ;
#1301 = CARTESIAN_POINT ( 'NONE',  ( 0.3406451054919019672, 1.367374684130828744, 0.2284851114651101911 ) ) ;
#1302 = ORIENTED_EDGE ( 'NONE', *, *, #956, .T. ) ;
#1303 = CARTESIAN_POINT ( 'NONE',  ( 1.042573604851196434, 2.516874550885151773, 0.7633677765802103776 ) ) ;
#1304 = CARTESIAN_POINT ( 'NONE',  ( 0.7323819610924623413, 0.000000000000000000, -0.1175810785615210019 ) ) ;
#1305 = CARTESIAN_POINT ( 'NONE',  ( 1.238142976945048934, 2.333085577329526483, 0.1465850652300781376 ) ) ;
#1306 = CARTESIAN_POINT ( 'NONE',  ( -0.6999999999999998446, 0.000000000000000000, -1.694065894508600678E-17 ) ) ;
#1307 = EDGE_CURVE ( 'NONE', #1673, #1579, #213, .T. ) ;
#1308 = FACE_OUTER_BOUND ( 'NONE', #1739, .T. ) ;
#1309 =( LENGTH_UNIT ( ) NAMED_UNIT ( * ) SI_UNIT ( .MILLI., .METRE. ) );
#1310 = CARTESIAN_POINT ( 'NONE',  ( -1.117701293304311116, 0.7615072622314718043, -0.2724056259698683369 ) ) ;
#1311 = CARTESIAN_POINT ( 'NONE',  ( -1.246475730621794176, 2.381572272319173678, -0.07578740647631281024 ) ) ;
#1312 = CARTESIAN_POINT ( 'NONE',  ( 0.1375127342872058123, 2.140102743429224574, 1.141322466456273776 ) ) ;
#1313 = CARTESIAN_POINT ( 'NONE',  ( 0.6999999999999998446, 0.000000000000000000, -0.03926990785650171650 ) ) ;
#1314 = CARTESIAN_POINT ( 'NONE',  ( 0.9295347614033827588, 1.990095114859235181, 0.6760845598211446816 ) ) ;
#1315 = FACE_OUTER_BOUND ( 'NONE', #1156, .T. ) ;
#1316 = ORIENTED_EDGE ( 'NONE', *, *, #1619, .F. ) ;
#1317 = CYLINDRICAL_SURFACE ( 'NONE', #996, 0.1500000000000000777 ) ;
#1318 = DIRECTION ( 'NONE',  ( 0.000000000000000000, 0.000000000000000000, 1.000000000000000000 ) ) ;
#1319 = CARTESIAN_POINT ( 'NONE',  ( -0.2769746004379521342, 1.489643312942087183, 0.2627575049233752957 ) ) ;
#1320 = CARTESIAN_POINT ( 'NONE',  ( 0.4781529534753992117, 2.243178870957432292, 1.229319927084467245 ) ) ;
#1321 = CARTESIAN_POINT ( 'NONE',  ( -1.249999999999999778, 2.849999999999999201, -0.1000000000000000472 ) ) ;
#1322 = CARTESIAN_POINT ( 'NONE',  ( 0.7055815911698931631, 1.769682284017018770, 0.6692141670697211442 ) ) ;
#1323 = EDGE_CURVE ( 'NONE', #1673, #2155, #888, .T. ) ;
#1324 = CLOSED_SHELL ( 'NONE', ( #230, #1277, #1027, #1332 ) ) ;
#1325 = DIRECTION ( 'NONE',  ( 0.000000000000000000, 0.000000000000000000, -1.000000000000000000 ) ) ;
#1326 = CIRCLE ( 'NONE', #739, 1.149999999999999911 ) ;
#1327 = ORIENTED_EDGE ( 'NONE', *, *, #1763, .F. ) ;
#1328 = CARTESIAN_POINT ( 'NONE',  ( -1.159280464817571410, 2.192812555071842695, 0.4220494520489468382 ) ) ;
#1329 = STYLED_ITEM ( 'NONE', ( #2231 ), #1149 ) ;
#1330 = CARTESIAN_POINT ( 'NONE',  ( -0.06615730850731428581, 1.498454407650125608, -0.1000000000000000472 ) ) ;
#1331 = CARTESIAN_POINT ( 'NONE',  ( 1.250000000000164757, 2.487034280069124303, 0.1932042899917209011 ) ) ;
#1332 = ADVANCED_FACE ( 'NONE', ( #939 ), #781, .T. ) ;
#1333 = CARTESIAN_POINT ( 'NONE',  ( 0.3013161336042193827, 1.589492961229427292, -0.5741700359620706129 ) ) ;
#1334 = CARTESIAN_POINT ( 'NONE',  ( -1.249999999999999778, 2.487034183642659713, 0.000000000000000000 ) ) ;
#1335 = CARTESIAN_POINT ( 'NONE',  ( 1.157896100883131885, 2.191182303074170168, -0.4248278704236426173 ) ) ;
#1336 = ADVANCED_FACE ( 'NONE', ( #425 ), #45, .T. ) ;
#1337 = ORIENTED_EDGE ( 'NONE', *, *, #785, .F. ) ;
#1338 = CARTESIAN_POINT ( 'NONE',  ( -0.3576242020986794001, 2.612929138512494198, 1.228437045236234315 ) ) ;
#1339 = ORIENTED_EDGE ( 'NONE', *, *, #273, .T. ) ;
#1340 = EDGE_CURVE ( 'NONE', #892, #166, #1286, .T. ) ;
#1341 = CARTESIAN_POINT ( 'NONE',  ( -0.2956371031859144072, 1.365139030794545238, -0.02310396293149438382 ) ) ;
#1342 = EDGE_LOOP ( 'NONE', ( #2217, #1614, #1909, #2306 ) ) ;
#1343 = CARTESIAN_POINT ( 'NONE',  ( 1.166247164223919608, 0.8185690671505836402, 0.000000000000000000 ) ) ;
#1344 = CARTESIAN_POINT ( 'NONE',  ( -1.160358732198854437, 2.117935436713721309, -0.3815438599439986977 ) ) ;
#1345 = CARTESIAN_POINT ( 'NONE',  ( 0.2956371031849291953, 1.365139030794969566, 2.349740971005164714E-11 ) ) ;
#1346 = CARTESIAN_POINT ( 'NONE',  ( 0.09999999999999974187, 2.849999999999999201, 1.250000000000000000 ) ) ;
#1347 = DIRECTION ( 'NONE',  ( 6.672013369141569161E-17, -1.000000000000000000, 0.000000000000000000 ) ) ;
#1348 = CARTESIAN_POINT ( 'NONE',  ( 0.3498512665725409532, 1.370760042286610414, -0.2524282696244850577 ) ) ;
#1349 = FACE_OUTER_BOUND ( 'NONE', #816, .T. ) ;
#1350 = UNCERTAINTY_MEASURE_WITH_UNIT (LENGTH_MEASURE( 1.000000000000000082E-05 ), #1031, 'distance_accuracy_value', 'NONE');
#1351 = ORIENTED_EDGE ( 'NONE', *, *, #610, .F. ) ;
#1352 = CARTESIAN_POINT ( 'NONE',  ( -0.3924485763773332692, 2.336970323397039362, 1.237939431919718780 ) ) ;
#1353 = ORIENTED_EDGE ( 'NONE', *, *, #610, .T. ) ;
#1354 = CARTESIAN_POINT ( 'NONE',  ( 1.249999999999999778, 2.487034183642660157, 4.065758146820641628E-17 ) ) ;
#1355 = EDGE_LOOP ( 'NONE', ( #2165, #2195, #469 ) ) ;
#1356 = CARTESIAN_POINT ( 'NONE',  ( 1.131037961527305624, 2.379803251255903973, 0.5820547207865639505 ) ) ;
#1357 = B_SPLINE_CURVE_WITH_KNOTS ( 'NONE', 3,
 ( #1474, #1463, #2176, #2199 ),
 .UNSPECIFIED., .F., .F.,
 ( 4, 4 ),
 ( 0.000000000000000000, 1.000000000000000000 ),
 .UNSPECIFIED. ) ;
#1358 = CARTESIAN_POINT ( 'NONE',  ( -1.033691561491776101, 2.029424542024969469, -0.5539498464947152367 ) ) ;
#1359 = CARTESIAN_POINT ( 'NONE',  ( 0.5035236013179672510, 1.052411079003396699, -2.538280457507977673E-19 ) ) ;
#1360 = CARTESIAN_POINT ( 'NONE',  ( 0.6098675764419217993, 1.559686895703830123, 0.5890078260928581777 ) ) ;
#1361 = CARTESIAN_POINT ( 'NONE',  ( -0.3122061050167063700, 1.358201592537715996, -0.1321061172284603846 ) ) ;
#1362 = CARTESIAN_POINT ( 'NONE',  ( 0.4769654986014697506, 1.450361382569647972, -0.4790075846403974991 ) ) ;
#1363 = ORIENTED_EDGE ( 'NONE', *, *, #1175, .T. ) ;
#1364 = AXIS2_PLACEMENT_3D ( 'NONE', #1507, #548, #349 ) ;
#1365 = CARTESIAN_POINT ( 'NONE',  ( -1.238207337242954953, 2.488742200727902087, 0.2877416528680332153 ) ) ;
#1366 = EDGE_LOOP ( 'NONE', ( #913, #908 ) ) ;
#1367 = CARTESIAN_POINT ( 'NONE',  ( 0.9676180389075400567, 0.000000000000000000, -0.1175810785615210435 ) ) ;
#1368 = ORIENTED_EDGE ( 'NONE', *, *, #1700, .F. ) ;
#1369 = DIRECTION ( 'NONE',  ( 0.000000000000000000, 1.000000000000000000, -0.000000000000000000 ) ) ;
#1370 = CARTESIAN_POINT ( 'NONE',  ( -0.3018794527780486736, 1.499829866957145708, -0.3284131640244874473 ) ) ;
#1371 = ADVANCED_FACE ( 'NONE', ( #926 ), #2220, .T. ) ;
#1372 = CARTESIAN_POINT ( 'NONE',  ( -0.7933661861874267140, 1.728978542505300142, -0.6398276956267400228 ) ) ;
#1373 = FACE_OUTER_BOUND ( 'NONE', #1061, .T. ) ;
#1374 = CARTESIAN_POINT ( 'NONE',  ( 1.249871454304996243, 2.456360388563845198, -0.03708782808999406405 ) ) ;
#1375 = CARTESIAN_POINT ( 'NONE',  ( 1.227199876937439482, 2.259440006820906621, -0.1962422410546147966 ) ) ;
#1376 = ORIENTED_EDGE ( 'NONE', *, *, #448, .F. ) ;
#1377 = EDGE_CURVE ( 'NONE', #1273, #2119, #392, .T. ) ;
#1378 = CARTESIAN_POINT ( 'NONE',  ( 1.117701293304311116, 0.7615072622314718043, -0.2724056259698683369 ) ) ;
#1379 = CARTESIAN_POINT ( 'NONE',  ( 0.1483289518648651106, 1.719708037768482578, 0.7979936670949799860 ) ) ;
#1380 = LINE ( 'NONE', #1743, #2316 ) ;
#1381 = CARTESIAN_POINT ( 'NONE',  ( -0.2302170042560297558, 2.630385142741811233, -1.250000000000000222 ) ) ;
#1382 = CARTESIAN_POINT ( 'NONE',  ( 1.248727591186257868, 2.430095724374329524, -0.06862233074280066347 ) ) ;
#1383 = CARTESIAN_POINT ( 'NONE',  ( -1.249999999999999778, 2.487034183642659713, 0.000000000000000000 ) ) ;
#1384 = CARTESIAN_POINT ( 'NONE',  ( 0.7558654257512535946, 1.693368749822349750, -0.6374649533410846614 ) ) ;
#1385 = EDGE_LOOP ( 'NONE', ( #949, #412, #1411, #2259 ) ) ;
#1386 = CARTESIAN_POINT ( 'NONE',  ( -0.8084844053442201695, 1.875380352662040950, 1.096174747146059225 ) ) ;
#1387 = ORIENTED_EDGE ( 'NONE', *, *, #710, .F. ) ;
#1388 = CARTESIAN_POINT ( 'NONE',  ( 0.06615730850727248591, 1.498454407650127607, 0.1000000000000000472 ) ) ;
#1389 = FACE_OUTER_BOUND ( 'NONE', #1638, .T. ) ;
#1390 =( BOUNDED_SURFACE ( )  B_SPLINE_SURFACE ( 3, 2, ( 
 ( #2049, #1875, #1706 ),
 ( #1915, #1370, #2062 ),
 ( #1732, #1742, #145 ),
 ( #808, #1535, #455 ),
 ( #1508, #308, #1525 ),
 ( #2249, #267, #641 ),
 ( #2082, #2234, #475 ),
 ( #977, #1010, #1719 ),
 ( #119, #2273, #2098 ),
 ( #1558, #1161, #1886 ),
 ( #2263, #628, #441 ),
 ( #488, #1358, #279 ),
 ( #2287, #1202, #132 ),
 ( #820, #985, #1344 ),
 ( #319, #844, #2071 ),
 ( #1695, #463, #1926 ),
 ( #1152, #1174, #1544 ),
 ( #94, #1021, #676 ),
 ( #1898, #294, #881 ),
 ( #1402, #2110, #2137 ) ),
 .UNSPECIFIED., .F., .F., .F. ) 
 B_SPLINE_SURFACE_WITH_KNOTS ( ( 4, 2, 2, 2, 2, 2, 2, 2, 2, 4 ),
 ( 3, 3 ),
 ( -5.515878552520003808E-18, 0.0003100091572329458263, 0.0006200183144658971820, 0.0009300274716988485377, 0.001240036628931799785, 0.001550045786164751249, 0.001860054943397702496, 0.002170064100630653744, 0.002325068679247129476, 0.002480073257863605208 ),
 ( 0.000000000000000000, 1.000000000000000000 ),
 .UNSPECIFIED. ) 
 GEOMETRIC_REPRESENTATION_ITEM ( )  RATIONAL_B_SPLINE_SURFACE ( (
 ( 1.000000000000000000, 0.9063860508969233676, 1.000000000000000000),
 ( 1.000000000000000000, 0.9052625271303009757, 1.000000000000000000),
 ( 1.000000000000000000, 0.9068492317679520687, 1.000000000000000000),
 ( 1.000000000000000000, 0.9142891670094751566, 1.000000000000000000),
 ( 1.000000000000000000, 0.9195375339601712383, 1.000000000000000000),
 ( 1.000000000000000000, 0.9315792518012964152, 1.000000000000000000),
 ( 1.000000000000000000, 0.9384955546473028321, 1.000000000000000000),
 ( 1.000000000000000000, 0.9520236477425758626, 1.000000000000000000),
 ( 1.000000000000000000, 0.9585122435371423721, 1.000000000000000000),
 ( 1.000000000000000000, 0.9690814301389046870, 1.000000000000000000),
 ( 1.000000000000000000, 0.9735112537870045379, 1.000000000000000000),
 ( 1.000000000000000000, 0.9813073919487591557, 1.000000000000000000),
 ( 1.000000000000000000, 0.9846588694572080414, 1.000000000000000000),
 ( 1.000000000000000000, 0.9900524566124766501, 1.000000000000000000),
 ( 1.000000000000000000, 0.9921335984046057987, 1.000000000000000000),
 ( 1.000000000000000000, 0.9948526771454140327, 1.000000000000000000),
 ( 1.000000000000000000, 0.9956893424965986839, 1.000000000000000000),
 ( 1.000000000000000000, 0.9972292666196611588, 1.000000000000000000),
 ( 1.000000000000000000, 0.9979358902953938681, 1.000000000000000000),
 ( 1.000000000000000000, 0.9985013301533585128, 1.000000000000000000) ) ) 
 REPRESENTATION_ITEM ( '' )  SURFACE ( )  );
#1391 = CARTESIAN_POINT ( 'NONE',  ( -0.3498512665725431181, 1.370760042286610414, 0.2524282696244898871 ) ) ;
#1392 = CARTESIAN_POINT ( 'NONE',  ( -0.1225297330030491461, 2.389170535676010676, -1.228437043561554587 ) ) ;
#1393 = DIRECTION ( 'NONE',  ( 0.000000000000000000, 0.000000000000000000, -1.000000000000000000 ) ) ;
#1394 = LINE ( 'NONE', #692, #1230 ) ;
#1395 = CARTESIAN_POINT ( 'NONE',  ( 1.249999999999999778, 2.487034183642659713, -0.2522461849881989515 ) ) ;
#1396 = ADVANCED_FACE ( 'NONE', ( #1656 ), #770, .T. ) ;
#1397 = ORIENTED_EDGE ( 'NONE', *, *, #2078, .F. ) ;
#1398 = CARTESIAN_POINT ( 'NONE',  ( -0.8041436677326021520, 2.550754317823805906, 1.021500608377052366 ) ) ;
#1399 = ORIENTED_EDGE ( 'NONE', *, *, #785, .T. ) ;
#1400 = CIRCLE ( 'NONE', #71, 0.2999999999999999334 ) ;
#1401 = CARTESIAN_POINT ( 'NONE',  ( -0.8691833818632519471, 1.946788941460982469, 0.7077615237688367200 ) ) ;
#1402 = CARTESIAN_POINT ( 'NONE',  ( -1.246526082212791486, 2.403752928406619915, -0.09999999999053292565 ) ) ;
#1403 = AXIS2_PLACEMENT_3D ( 'NONE', #1450, #1895, #103 ) ;
#1404 = CARTESIAN_POINT ( 'NONE',  ( -1.020959414688326961, 1.636337341021180336, -0.8910253594004015065 ) ) ;
#1405 = ORIENTED_EDGE ( 'NONE', *, *, #710, .T. ) ;
#1406 = LINE ( 'NONE', #1272, #2130 ) ;
#1407 = EDGE_CURVE ( 'NONE', #651, #338, #2318, .T. ) ;
#1408 = AXIS2_PLACEMENT_3D ( 'NONE', #1076, #1251, #2292 ) ;
#1409 = CYLINDRICAL_SURFACE ( 'NONE', #3, 1.000000000000000000 ) ;
#1410 = DIRECTION ( 'NONE',  ( 0.000000000000000000, -0.000000000000000000, 1.000000000000000000 ) ) ;
#1411 = ORIENTED_EDGE ( 'NONE', *, *, #2250, .F. ) ;
#1412 = EDGE_LOOP ( 'NONE', ( #1397, #1399, #963, #582 ) ) ;
#1413 = CARTESIAN_POINT ( 'NONE',  ( 0.8500000000000000888, -25.00000000000000000, 0.000000000000000000 ) ) ;
#1414 = ORIENTED_EDGE ( 'NONE', *, *, #178, .T. ) ;
#1415 = CARTESIAN_POINT ( 'NONE',  ( -0.4067484848825906885, 1.399131759834770339, 0.3789112733292574475 ) ) ;
#1416 = CARTESIAN_POINT ( 'NONE',  ( -0.05542204577828491185, 1.498956284204125966, 0.03333744126041435218 ) ) ;
#1417 = B_SPLINE_CURVE_WITH_KNOTS ( 'NONE', 3,
 ( #559, #201, #902, #1776, #1265, #569, #1994, #380, #1815, #879 ),
 .UNSPECIFIED., .F., .F.,
 ( 4, 2, 2, 2, 4 ),
 ( -6.944543456648836815E-06, 0.0004461470061315644226, 0.0008992385557197776075, 0.001352330105307990955, 0.001805421654896204086 ),
 .UNSPECIFIED. ) ;
#1418 = CARTESIAN_POINT ( 'NONE',  ( -0.1714815451784636458, 2.573701045979175372, -1.249999864120031612 ) ) ;
#1419 = CARTESIAN_POINT ( 'NONE',  ( -0.7323819610924611201, 0.000000000000000000, 0.1175810785615209048 ) ) ;
#1420 = CARTESIAN_POINT ( 'NONE',  ( 1.246475730622054634, 2.381572272316674344, 0.07578740647281874410 ) ) ;
#1421 = LINE ( 'NONE', #899, #1867 ) ;
#1422 = SPHERICAL_SURFACE ( 'NONE', #842, 1.149999999999999911 ) ;
#1423 = CARTESIAN_POINT ( 'NONE',  ( -1.250000001480173539, 2.455612174351443855, -0.02948532799947536920 ) ) ;
#1424 = ORIENTED_EDGE ( 'NONE', *, *, #1661, .T. ) ;
#1425 = CARTESIAN_POINT ( 'NONE',  ( -1.238142976945063589, 2.333085577329611304, 0.1465850652301117496 ) ) ;
#1426 = SURFACE_STYLE_FILL_AREA ( #1960 ) ;
#1427 = SPHERICAL_SURFACE ( 'NONE', #1446, 1.149999999999999911 ) ;
#1428 = FACE_OUTER_BOUND ( 'NONE', #100, .T. ) ;
#1429 = CARTESIAN_POINT ( 'NONE',  ( -1.166247164223919608, 0.8185690671505836402, 0.000000000000000000 ) ) ;
#1430 = CARTESIAN_POINT ( 'NONE',  ( 1.249999999999990674, 2.451882240276188174, -0.02547657634394514745 ) ) ;
#1431 = ADVANCED_FACE ( 'NONE', ( #1315 ), #80, .T. ) ;
#1432 = CARTESIAN_POINT ( 'NONE',  ( 0.1086089300692722470, 1.503582171334889361, 0.2445891175418612451 ) ) ;
#1433 = ORIENTED_EDGE ( 'NONE', *, *, #551, .T. ) ;
#1434 = EDGE_CURVE ( 'NONE', #801, #866, #1963, .T. ) ;
#1435 = CARTESIAN_POINT ( 'NONE',  ( -1.545483906875204871, 2.378768551850502622, 0.09999999999999753530 ) ) ;
#1436 = CARTESIAN_POINT ( 'NONE',  ( -0.4783565146069260199, 1.692218046696771783, 0.7025898436974640227 ) ) ;
#1437 = CARTESIAN_POINT ( 'NONE',  ( -0.4900629955753914024, 1.478045362229277959, -0.4272301733782156719 ) ) ;
#1438 = B_SPLINE_CURVE_WITH_KNOTS ( 'NONE', 3,
 ( #1171, #794, #1341, #2260 ),
 .UNSPECIFIED., .F., .F.,
 ( 4, 4 ),
 ( 0.000000000000000000, 6.931188874358487108E-05 ),
 .UNSPECIFIED. ) ;
#1439 = PRESENTATION_LAYER_ASSIGNMENT (  '', '', ( #2166 ) ) ;
#1440 = CARTESIAN_POINT ( 'NONE',  ( 1.250000000000000666, 1.377633791192202972, -0.09999999999580640175 ) ) ;
#1441 = ADVANCED_FACE ( 'NONE', ( #1143 ), #2055, .F. ) ;
#1442 = DIRECTION ( 'NONE',  ( 0.000000000000000000, 0.000000000000000000, -1.000000000000000000 ) ) ;
#1443 = AXIS2_PLACEMENT_3D ( 'NONE', #63, #2218, #606 ) ;
#1444 = CARTESIAN_POINT ( 'NONE',  ( 1.117701293304310672, 0.7615072622314723594, 0.2724056259698685589 ) ) ;
#1445 = CARTESIAN_POINT ( 'NONE',  ( 0.3122061050167057039, 1.358201592537717772, -0.1321061172284588858 ) ) ;
#1446 = AXIS2_PLACEMENT_3D ( 'NONE', #430, #2036, #918 ) ;
#1447 = CARTESIAN_POINT ( 'NONE',  ( -0.3015670383618388461, 1.362635749628505089, 0.06931188876055160986 ) ) ;
#1448 = DIRECTION ( 'NONE',  ( 0.000000000000000000, 0.6755589193185502772, 0.7373060060308423980 ) ) ;
#1449 = CARTESIAN_POINT ( 'NONE',  ( -0.3587637475133358955, 1.621649463638320299, 0.6273347221706432331 ) ) ;
#1450 = CARTESIAN_POINT ( 'NONE',  ( 0.000000000000000000, 0.08333333333333325932, -1.250000000000000000 ) ) ;
#1451 = CARTESIAN_POINT ( 'NONE',  ( 0.6270027657409408262, 2.078193731311900549, -1.186488054311503948 ) ) ;
#1452 = CARTESIAN_POINT ( 'NONE',  ( 0.8084844053442192813, 1.875380352662040506, 1.096174747146057227 ) ) ;
#1453 = CARTESIAN_POINT ( 'NONE',  ( 1.157839868292736885, 1.639965617437331824, 0.4272301733782162825 ) ) ;
#1454 = CARTESIAN_POINT ( 'NONE',  ( 0.7000000000000000666, -25.00000000000000000, 0.000000000000000000 ) ) ;
#1455 = ADVANCED_FACE ( 'NONE', ( #90 ), #1456, .T. ) ;
#1456 = CYLINDRICAL_SURFACE ( 'NONE', #405, 1.000000000000000000 ) ;
#1457 = CARTESIAN_POINT ( 'NONE',  ( -0.3019840348915501238, 1.589860597902738482, 0.5749020112264124904 ) ) ;
#1458 =( NAMED_UNIT ( * ) SI_UNIT ( $, .STERADIAN. ) SOLID_ANGLE_UNIT ( ) );
#1459 = CARTESIAN_POINT ( 'NONE',  ( -1.166247164223919608, 0.8185690671505836402, -0.09099983918962119278 ) ) ;
#1460 = CARTESIAN_POINT ( 'NONE',  ( 1.194577466529011645, 2.495042681829167552, -0.4642293790213107285 ) ) ;
#1461 = FILL_AREA_STYLE_COLOUR ( '', #1982 ) ;
#1462 = CARTESIAN_POINT ( 'NONE',  ( 0.8500000000000003109, 0.000000000000000000, 0.1663629469633258751 ) ) ;
#1463 = CARTESIAN_POINT ( 'NONE',  ( 1.166247164223919608, 0.8185690671505836402, 0.000000000000000000 ) ) ;
#1464 = CARTESIAN_POINT ( 'NONE',  ( 0.5354838746260038862, 1.496590599486992135, 0.5374716960573125979 ) ) ;
#1465 = ADVANCED_FACE ( 'NONE', ( #2103 ), #122, .F. ) ;
#1466 = PLANE ( 'NONE',  #517 ) ;
#1467 = CARTESIAN_POINT ( 'NONE',  ( 0.000000000000000000, 0.08333333333333325932, -0.1000000000000000472 ) ) ;
#1468 = CARTESIAN_POINT ( 'NONE',  ( -0.6999999999999998446, 0.000000000000000000, 0.03926990785650170263 ) ) ;
#1469 = CARTESIAN_POINT ( 'NONE',  ( 0.1467950953562939809, 1.504231224620320218, -0.2877416534398153924 ) ) ;
#1470 = ORIENTED_EDGE ( 'NONE', *, *, #448, .T. ) ;
#1471 = CARTESIAN_POINT ( 'NONE',  ( -1.249871454304997798, 2.456360388563795905, 0.03708782809000278624 ) ) ;
#1472 = ORIENTED_EDGE ( 'NONE', *, *, #1588, .F. ) ;
#1473 = CARTESIAN_POINT ( 'NONE',  ( -0.1400363906979938122, 2.115034273888457328, -1.154039984271998165 ) ) ;
#1474 = CARTESIAN_POINT ( 'NONE',  ( 1.000000000000000000, 0.000000000000000000, 1.524659305057740610E-17 ) ) ;
#1475 = CLOSED_SHELL ( 'NONE', ( #523, #2214, #1511, #729, #1455, #749, #440, #1441, #829, #1476, #33, #1336, #1131, #140, #2312, #2039, #721, #1431, #1371, #1592, #1615, #1911, #7, #1396, #1771, #2288, #1859, #2134, #1167, #1943, #2015, #387, #841, #127, #352, #2239, #2035, #442, #505, #406, #1200, #995, #1723, #822, #207, #932, #1465, #1575 ) ) ;
#1476 = ADVANCED_FACE ( 'NONE', ( #1349 ), #2077, .F. ) ;
#1477 = DIRECTION ( 'NONE',  ( 1.000000000000000000, 0.000000000000000000, 0.000000000000000000 ) ) ;
#1478 = AXIS2_PLACEMENT_3D ( 'NONE', #1849, #577, #401 ) ;
#1479 = ORIENTED_EDGE ( 'NONE', *, *, #1158, .T. ) ;
#1480 = DIRECTION ( 'NONE',  ( 0.000000000000000000, 1.000000000000000000, 0.000000000000000000 ) ) ;
#1481 = CARTESIAN_POINT ( 'NONE',  ( -0.9676180389075400567, 0.000000000000000000, -0.1175810785615210435 ) ) ;
#1482 = CARTESIAN_POINT ( 'NONE',  ( 0.3498512665725416748, 1.370760042286608194, 0.2524282696244852242 ) ) ;
#1483 = CARTESIAN_POINT ( 'NONE',  ( 0.1467950953562937866, 1.504231224620318885, 0.2877416534398094528 ) ) ;
#1484 = ORIENTED_EDGE ( 'NONE', *, *, #956, .F. ) ;
#1485 = CARTESIAN_POINT ( 'NONE',  ( 1.249999999999999778, 2.487034183642660157, 4.065758146820641628E-17 ) ) ;
#1486 = CARTESIAN_POINT ( 'NONE',  ( 1.035671068825563035, 2.073693828729581856, 0.5932662797871306459 ) ) ;
#1487 = CARTESIAN_POINT ( 'NONE',  ( 0.6348194052315375702, 1.581564171352936254, 0.6026581564181181516 ) ) ;
#1488 = B_SPLINE_CURVE_WITH_KNOTS ( 'NONE', 3,
 ( #565, #1040, #1626, #1799 ),
 .UNSPECIFIED., .F., .F.,
 ( 4, 4 ),
 ( 6.931188874358487108E-05, 0.0001386237775211026139 ),
 .UNSPECIFIED. ) ;
#1489 = ORIENTED_EDGE ( 'NONE', *, *, #1015, .F. ) ;
#1490 = CARTESIAN_POINT ( 'NONE',  ( 0.000000000000000000, 0.08333333333333325932, 0.1000000000000000472 ) ) ;
#1491 = LINE ( 'NONE', #2045, #1112 ) ;
#1492 = CARTESIAN_POINT ( 'NONE',  ( -0.3498512665724878290, 1.370760042286694347, 0.2524282696244898871 ) ) ;
#1493 = VERTEX_POINT ( 'NONE', #336 ) ;
#1494 = CARTESIAN_POINT ( 'NONE',  ( -0.3498512665724907156, 1.370760042286696567, -0.2524282696244974922 ) ) ;
#1495 = CARTESIAN_POINT ( 'NONE',  ( 0.09999999999999992228, 2.648051208222849340, 1.250000000000000222 ) ) ;
#1496 = EDGE_CURVE ( 'NONE', #856, #1053, #704, .T. ) ;
#1497 = DIRECTION ( 'NONE',  ( -6.672013369141569161E-17, -1.000000000000000000, 0.000000000000000000 ) ) ;
#1498 = B_SPLINE_SURFACE_WITH_KNOTS ( 'NONE', 3, 3, ( 
 ( #1731, #1343, #998, #474 ),
 ( #2097, #1557, #118, #1570 ),
 ( #1741, #1378, #2286, #487 ),
 ( #1201, #509, #131, #1718 ),
 ( #1211, #462, #318, #1224 ),
 ( #144, #1767, #1947, #340 ),
 ( #843, #1934, #831, #328 ),
 ( #2070, #2272, #2120, #807 ),
 ( #819, #1034, #1753, #1187 ),
 ( #1543, #293, #1534, #1356 ),
 ( #2081, #1914, #857, #2297 ),
 ( #1524, #2248, #1009, #686 ) ),
 .UNSPECIFIED., .T., .F., .F.,
 ( 4, 1, 1, 1, 2, 1, 1, 1, 4 ),
 ( 4, 4 ),
 ( 0.000000000000000000, 0.1250000000000000000, 0.2500000000000000000, 0.3750000000000000000, 0.5000000000000000000, 0.6250000000000000000, 0.7500000000000000000, 0.8750000000000000000, 1.000000000000000000 ),
 ( 0.000000000000000000, 1.000000000000000000 ),
 .UNSPECIFIED. ) ;
#1499 = CARTESIAN_POINT ( 'NONE',  ( 0.5194600342184582109, 1.483725722877176745, 0.5226595247829071145 ) ) ;
#1500 = CARTESIAN_POINT ( 'NONE',  ( 0.3498512665725416748, 1.370760042286608194, 0.2524282696244852242 ) ) ;
#1501 = EDGE_CURVE ( 'NONE', #2107, #1579, #848, .T. ) ;
#1502 = ORIENTED_EDGE ( 'NONE', *, *, #476, .F. ) ;
#1503 = SURFACE_STYLE_USAGE ( .BOTH. , #265 ) ;
#1504 = EDGE_LOOP ( 'NONE', ( #1995, #1090, #214, #74 ) ) ;
#1505 =( NAMED_UNIT ( * ) PLANE_ANGLE_UNIT ( ) SI_UNIT ( $, .RADIAN. ) );
#1506 = SPHERICAL_SURFACE ( 'NONE', #1553, 1.149999999999999911 ) ;
#1507 = CARTESIAN_POINT ( 'NONE',  ( -0.8500000000000000888, -25.00000000000000000, 0.000000000000000000 ) ) ;
#1508 = CARTESIAN_POINT ( 'NONE',  ( -0.3579492159506019178, 1.621184974697364334, -0.6266613967659034889 ) ) ;
#1509 = VERTEX_POINT ( 'NONE', #1077 ) ;
#1510 = CARTESIAN_POINT ( 'NONE',  ( 0.2310955324084149054, 1.487975741316825973, 0.1416022568607211984 ) ) ;
#1511 = ADVANCED_FACE ( 'NONE', ( #1590 ), #30, .F. ) ;
#1512 = DIRECTION ( 'NONE',  ( -6.672013369141569161E-17, -1.000000000000000000, 0.000000000000000000 ) ) ;
#1513 = CARTESIAN_POINT ( 'NONE',  ( 0.1468972117344393979, 1.511634677298576701, 0.3090952482034449167 ) ) ;
#1514 = PRESENTATION_LAYER_ASSIGNMENT (  '', '', ( #959 ) ) ;
#1515 = CARTESIAN_POINT ( 'NONE',  ( 0.9580419544612928107, 1.883724336462668347, -0.5933425872656010736 ) ) ;
#1516 = PRODUCT_DEFINITION_CONTEXT ( 'detailed design', #790, 'design' ) ;
#1517 = AXIS2_PLACEMENT_3D ( 'NONE', #490, #1125, #2016 ) ;
#1518 = EDGE_LOOP ( 'NONE', ( #524, #1489, #1958, #1805, #1302, #1072, #1405 ) ) ;
#1519 = CARTESIAN_POINT ( 'NONE',  ( -0.1482914987781368543, 1.656353424684307019, 0.6967050963306054001 ) ) ;
#1520 = CIRCLE ( 'NONE', #2171, 1.149999999999999911 ) ;
#1521 = VERTEX_POINT ( 'NONE', #738 ) ;
#1522 = DIRECTION ( 'NONE',  ( 0.000000000000000000, 0.000000000000000000, 1.000000000000000000 ) ) ;
#1523 = CIRCLE ( 'NONE', #79, 0.3000000000000000444 ) ;
#1524 = CARTESIAN_POINT ( 'NONE',  ( 1.000000000000000000, 0.000000000000000000, 3.049318610115481221E-17 ) ) ;
#1525 = CARTESIAN_POINT ( 'NONE',  ( -0.5188401069832614398, 1.483228641044088469, -0.5220816287270506617 ) ) ;
#1526 = CARTESIAN_POINT ( 'NONE',  ( 0.9346919343598483199, 1.991455638797733574, -0.6887781377875814570 ) ) ;
#1527 = CARTESIAN_POINT ( 'NONE',  ( 1.249999999999999778, 2.849999999999999201, 1.250000000000000000 ) ) ;
#1528 = CARTESIAN_POINT ( 'NONE',  ( 0.3015670383618082040, 1.362635749628517967, 0.06931188876037032431 ) ) ;
#1529 = CARTESIAN_POINT ( 'NONE',  ( 1.245602734212011509, 2.392704339344905673, -0.08785733480908783366 ) ) ;
#1530 = ORIENTED_EDGE ( 'NONE', *, *, #1097, .F. ) ;
#1531 =( BOUNDED_SURFACE ( )  B_SPLINE_SURFACE ( 3, 2, ( 
 ( #1173, #1897, #1807 ),
 ( #1237, #204, #905 ),
 ( #1621, #1425, #23 ),
 ( #2136, #2156, #2180 ),
 ( #176, #1595, #1255 ),
 ( #1959, #167, #360 ),
 ( #1069, #695, #350 ),
 ( #1269, #1058, #1582 ),
 ( #549, #1973, #571 ),
 ( #2007, #2307, #1793 ),
 ( #1401, #191, #1998 ),
 ( #1778, #1983, #1280 ),
 ( #373, #1102, #394 ),
 ( #1092, #1082, #733 ),
 ( #1436, #870, #527 ),
 ( #1449, #880, #1 ),
 ( #562, #2169, #537 ),
 ( #893, #711, #1415 ),
 ( #382, #2146, #1247 ),
 ( #1819, #1608, #217 ) ),
 .UNSPECIFIED., .F., .F., .F. ) 
 B_SPLINE_SURFACE_WITH_KNOTS ( ( 4, 2, 2, 2, 2, 2, 2, 2, 2, 4 ),
 ( 3, 3 ),
 ( -6.330317671963958670E-16, 0.0001537794043331911073, 0.0003075588086670152260, 0.0006151176173346635176, 0.0009226764260023117550, 0.001230235234669959992, 0.001537794043337608121, 0.001845352852005256467, 0.002152911660672904813, 0.002460470469340553159 ),
 ( 0.000000000000000000, 1.000000000000000000 ),
 .UNSPECIFIED. ) 
 GEOMETRIC_REPRESENTATION_ITEM ( )  RATIONAL_B_SPLINE_SURFACE ( (
 ( 1.000000000000000000, 0.9985013301534840791, 1.000000000000000000),
 ( 1.000000000000000000, 0.9979308520813930938, 1.000000000000000000),
 ( 1.000000000000000000, 0.9972371759819033121, 1.000000000000000000),
 ( 1.000000000000000000, 0.9956998758084592005, 1.000000000000000000),
 ( 1.000000000000000000, 0.9948519135481788123, 1.000000000000000000),
 ( 1.000000000000000000, 0.9921211280163176882, 1.000000000000000000),
 ( 1.000000000000000000, 0.9900727602454000298, 1.000000000000000000),
 ( 1.000000000000000000, 0.9846949133940960941, 1.000000000000000000),
 ( 1.000000000000000000, 0.9813197747935035187, 1.000000000000000000),
 ( 1.000000000000000000, 0.9735785450573336552, 1.000000000000000000),
 ( 1.000000000000000000, 0.9691185573308319645, 1.000000000000000000),
 ( 1.000000000000000000, 0.9586515281513555697, 1.000000000000000000),
 ( 1.000000000000000000, 0.9521160731260359666, 1.000000000000000000),
 ( 1.000000000000000000, 0.9386491165217655253, 1.000000000000000000),
 ( 1.000000000000000000, 0.9316839788426283242, 1.000000000000000000),
 ( 1.000000000000000000, 0.9196164688076367000, 1.000000000000000000),
 ( 1.000000000000000000, 0.9143507809956674670, 1.000000000000000000),
 ( 1.000000000000000000, 0.9068667823127176675, 1.000000000000000000),
 ( 1.000000000000000000, 0.9052384561477597735, 1.000000000000000000),
 ( 1.000000000000000000, 0.9063860508969519003, 1.000000000000000000) ) ) 
 REPRESENTATION_ITEM ( '' )  SURFACE ( )  );
#1532 = CARTESIAN_POINT ( 'NONE',  ( -1.219644486086894908, 2.491437381232775472, -0.4030364183749113316 ) ) ;
#1533 = ORIENTED_EDGE ( 'NONE', *, *, #1048, .T. ) ;
#1534 = CARTESIAN_POINT ( 'NONE',  ( 1.157839868292736885, 1.639965617437331824, 0.4272301733782162825 ) ) ;
#1535 = CARTESIAN_POINT ( 'NONE',  ( -0.4029213548140385126, 1.559928737874121341, -0.4927271379882183777 ) ) ;
#1536 = CARTESIAN_POINT ( 'NONE',  ( 0.2311761451169873915, 1.487954385112323585, -0.1419897239889816865 ) ) ;
#1537 = LINE ( 'NONE', #2074, #1266 ) ;
#1538 = CARTESIAN_POINT ( 'NONE',  ( 0.06615730850728546164, 1.498454407650127163, 0.09999999999982148169 ) ) ;
#1539 = ORIENTED_EDGE ( 'NONE', *, *, #875, .T. ) ;
#1540 = CARTESIAN_POINT ( 'NONE',  ( -0.1225297330030473003, 2.389170535675982254, 1.228437043561543929 ) ) ;
#1541 = EDGE_CURVE ( 'NONE', #1968, #1053, #1421, .T. ) ;
#1542 = DIRECTION ( 'NONE',  ( 0.9920396156904506269, 0.000000000000000000, -0.1259261724215536282 ) ) ;
#1543 = CARTESIAN_POINT ( 'NONE',  ( 0.9676180389075395016, 0.000000000000000000, 0.1175810785615209603 ) ) ;
#1544 = CARTESIAN_POINT ( 'NONE',  ( -1.227199876937102863, 2.259440006819690261, -0.1962422410560205055 ) ) ;
#1545 = VERTEX_POINT ( 'NONE', #2117 ) ;
#1546 = CARTESIAN_POINT ( 'NONE',  ( 1.249999999999999778, 2.485027015202616152, -0.001454583596491196675 ) ) ;
#1547 = CARTESIAN_POINT ( 'NONE',  ( 1.246475730621809497, 2.381572272319382400, -0.07578740647615915538 ) ) ;
#1548 = CARTESIAN_POINT ( 'NONE',  ( -0.8500000000000000888, -25.00000000000000000, 0.000000000000000000 ) ) ;
#1549 = CARTESIAN_POINT ( 'NONE',  ( 0.2769746004380032600, 1.489643312942030562, -0.2627575049233651372 ) ) ;
#1550 = EDGE_CURVE ( 'NONE', #1777, #1605, #472, .T. ) ;
#1551 = VECTOR ( 'NONE', #1393, 1000.000000000000000 ) ;
#1552 = ORIENTED_EDGE ( 'NONE', *, *, #288, .T. ) ;
#1553 = AXIS2_PLACEMENT_3D ( 'NONE', #626, #994, #640 ) ;
#1554 = ORIENTED_EDGE ( 'NONE', *, *, #516, .F. ) ;
#1555 = CARTESIAN_POINT ( 'NONE',  ( 0.9331235821119590046, 0.5675239515546879332, -0.3855553466739188306 ) ) ;
#1556 = AXIS2_PLACEMENT_3D ( 'NONE', #751, #1678, #1477 ) ;
#1557 = CARTESIAN_POINT ( 'NONE',  ( 1.166247164223919608, 0.8185690671505836402, -0.09099983918962119278 ) ) ;
#1558 = CARTESIAN_POINT ( 'NONE',  ( -0.8686574768253181311, 1.946407420209345096, -0.7080708212619737374 ) ) ;
#1559 = CIRCLE ( 'NONE', #1754, 1.149999999999999911 ) ;
#1560 =( BOUNDED_SURFACE ( )  B_SPLINE_SURFACE ( 3, 2, ( 
 ( #109, #285, #1889 ),
 ( #1003, #799, #1722 ),
 ( #123, #825, #811 ),
 ( #1538, #1735, #1528 ) ),
 .UNSPECIFIED., .F., .F., .T. ) 
 B_SPLINE_SURFACE_WITH_KNOTS ( ( 4, 4 ),
 ( 3, 3 ),
 ( -8.204699940284054804E-17, 0.0001999999999998216854 ),
 ( 0.000000000000000000, 1.000000000000000000 ),
 .UNSPECIFIED. ) 
 GEOMETRIC_REPRESENTATION_ITEM ( )  RATIONAL_B_SPLINE_SURFACE ( (
 ( 1.000000000000000000, 0.8900589728457805050, 1.000000000000000000),
 ( 1.000000000000000000, 0.8911245344702634075, 1.000000000000000000),
 ( 1.000000000000000000, 0.8911245344702659610, 1.000000000000000000),
 ( 1.000000000000000000, 0.8900589728457836136, 1.000000000000000000) ) ) 
 REPRESENTATION_ITEM ( '' )  SURFACE ( )  );
#1561 = CARTESIAN_POINT ( 'NONE',  ( -0.6865113979133609101, 1.628639536916992370, -0.6235303441983794936 ) ) ;
#1562 = B_SPLINE_SURFACE_WITH_KNOTS ( 'NONE', 3, 3, ( 
 ( #975, #2058, #803, #282 ),
 ( #1791, #21, #2144, #1972 ),
 ( #1772, #1964, #8, #1587 ),
 ( #1811, #997, #1639, #2186 ),
 ( #935, #1627, #231, #182 ),
 ( #897, #1274, #1825, #1991 ),
 ( #209, #181, #16, #715 ),
 ( #1419, #1075, #197, #1046 ),
 ( #1068, #1765, #526, #1057 ),
 ( #948, #449, #2042, #1879 ),
 ( #2153, #1054, #706, #495 ),
 ( #1107, #53, #1604, #600 ) ),
 .UNSPECIFIED., .T., .F., .F.,
 ( 4, 1, 1, 1, 2, 1, 1, 1, 4 ),
 ( 4, 4 ),
 ( 0.000000000000000000, 0.1250000000000000000, 0.2500000000000000000, 0.3750000000000000000, 0.5000000000000000000, 0.6250000000000000000, 0.7500000000000000000, 0.8750000000000000000, 1.000000000000000000 ),
 ( 0.000000000000000000, 1.000000000000000000 ),
 .UNSPECIFIED. ) ;
#1563 = CARTESIAN_POINT ( 'NONE',  ( -0.7270061330379392617, 2.561607146331039697, -1.074647448818513595 ) ) ;
#1564 = CARTESIAN_POINT ( 'NONE',  ( 1.545483906875677382, 2.378768551847960211, -0.09999999999386974259 ) ) ;
#1565 = CARTESIAN_POINT ( 'NONE',  ( 1.249988553687928938, 2.481012685249569749, 0.004363745325951016649 ) ) ;
#1566 = CARTESIAN_POINT ( 'NONE',  ( 0.7047864423079517326, 1.769092359671513792, -0.6691516481402798311 ) ) ;
#1567 = CARTESIAN_POINT ( 'NONE',  ( -1.250000000000000666, 2.487034183642661933, 0.09999999999797405670 ) ) ;
#1568 = ORIENTED_EDGE ( 'NONE', *, *, #1097, .T. ) ;
#1569 = ORIENTED_EDGE ( 'NONE', *, *, #2197, .F. ) ;
#1570 = CARTESIAN_POINT ( 'NONE',  ( 1.249999999999999778, 2.487034183642660157, -0.1944597018558600621 ) ) ;
#1571 = CARTESIAN_POINT ( 'NONE',  ( -0.06615730850731399437, 1.498454407650125608, 0.09999999999999885369 ) ) ;
#1572 = CARTESIAN_POINT ( 'NONE',  ( -1.089387165334737784, 2.018698793328307151, -0.4992479621042268945 ) ) ;
#1573 = CARTESIAN_POINT ( 'NONE',  ( 1.201138352749206550, 2.187492715780614994, -0.2879210704091976214 ) ) ;
#1574 = CARTESIAN_POINT ( 'NONE',  ( -0.09999999999999985290, 2.648051208222848008, -1.250000000000000222 ) ) ;
#1575 = ADVANCED_FACE ( 'NONE', ( #10 ), #2226, .F. ) ;
#1576 = CARTESIAN_POINT ( 'NONE',  ( 0.1468972117344393424, 1.511634677298575147, -0.3090952482034337589 ) ) ;
#1577 = CARTESIAN_POINT ( 'NONE',  ( -1.045708509392254237, 2.077116231767938359, -0.5987840721613332251 ) ) ;
#1578 = CARTESIAN_POINT ( 'NONE',  ( 1.249999999999999778, 2.487034183642659713, -0.1000000000000000472 ) ) ;
#1579 = VERTEX_POINT ( 'NONE', #2151 ) ;
#1580 = CARTESIAN_POINT ( 'NONE',  ( -1.249999999999999778, 2.487034183642660157, 4.065758146821874223E-17 ) ) ;
#1581 = VERTEX_POINT ( 'NONE', #1955 ) ;
#1582 = CARTESIAN_POINT ( 'NONE',  ( -1.091489877585187340, 2.027161393789864707, 0.4837452837215359125 ) ) ;
#1583 =( NAMED_UNIT ( * ) PLANE_ANGLE_UNIT ( ) SI_UNIT ( $, .RADIAN. ) );
#1584 = B_SPLINE_CURVE_WITH_KNOTS ( 'NONE', 3,
 ( #1330, #1199, #454, #317 ),
 .UNSPECIFIED., .F., .F.,
 ( 4, 4 ),
 ( 1.334769128151018189E-19, 0.0002245294508575470204 ),
 .UNSPECIFIED. ) ;
#1585 = CARTESIAN_POINT ( 'NONE',  ( -0.1482914987781365213, 1.656353424684299025, -0.6967050963305914113 ) ) ;
#1586 = CARTESIAN_POINT ( 'NONE',  ( 0.1483289584103859304, 1.719705792243250375, -0.7979905282889367957 ) ) ;
#1587 = CARTESIAN_POINT ( 'NONE',  ( -1.131037961527305180, 2.379803251255902197, -0.5820547207865627293 ) ) ;
#1588 = EDGE_CURVE ( 'NONE', #1882, #2247, #378, .T. ) ;
#1589 = CARTESIAN_POINT ( 'NONE',  ( -0.5363197384814240021, 1.726345143433952289, -0.7398165406225556406 ) ) ;
#1590 = FACE_OUTER_BOUND ( 'NONE', #2224, .T. ) ;
#1591 = VERTEX_POINT ( 'NONE', #2304 ) ;
#1592 = ADVANCED_FACE ( 'NONE', ( #702 ), #1088, .T. ) ;
#1593 = CARTESIAN_POINT ( 'NONE',  ( -1.249999999999999778, 2.487034183642659713, 0.1000000000000000472 ) ) ;
#1594 = VERTEX_POINT ( 'NONE', #211 ) ;
#1595 = CARTESIAN_POINT ( 'NONE',  ( -1.215848246704429592, 2.260737740358572445, 0.2434644410530920344 ) ) ;
#1596 = CARTESIAN_POINT ( 'NONE',  ( -1.249999999999999778, 3.999999999999999112, 1.250000000000000000 ) ) ;
#1597 = AXIS2_PLACEMENT_3D ( 'NONE', #561, #860, #46 ) ;
#1598 = CARTESIAN_POINT ( 'NONE',  ( -0.1480830682036890222, 1.584089574100720377, 0.5685232447291018731 ) ) ;
#1599 =( GEOMETRIC_REPRESENTATION_CONTEXT ( 3 ) GLOBAL_UNCERTAINTY_ASSIGNED_CONTEXT ( ( #1350 ) ) GLOBAL_UNIT_ASSIGNED_CONTEXT ( ( #1031, #1017, #1921 ) ) REPRESENTATION_CONTEXT ( 'NONE', 'WORKASPACE' ) );
#1600 = CARTESIAN_POINT ( 'NONE',  ( -1.249996186399824571, 2.483020168471193223, -0.002909616228241142851 ) ) ;
#1601 = COLOUR_RGB ( '',0.7921568627450980005, 0.8196078431372548767, 0.9333333333333333481 ) ;
#1602 = CARTESIAN_POINT ( 'NONE',  ( -0.2184108690300775313, 1.491336510844224916, 0.08063120517896668615 ) ) ;
#1603 = CARTESIAN_POINT ( 'NONE',  ( 0.8500000000000000888, 0.000000000000000000, 0.000000000000000000 ) ) ;
#1604 = CARTESIAN_POINT ( 'NONE',  ( -1.249999999999997558, 1.651753729359039857, 0.000000000000000000 ) ) ;
#1605 = VERTEX_POINT ( 'NONE', #693 ) ;
#1606 = DIRECTION ( 'NONE',  ( 0.000000000000000000, 0.000000000000000000, 1.000000000000000000 ) ) ;
#1607 = ORIENTED_EDGE ( 'NONE', *, *, #1213, .F. ) ;
#1608 = CARTESIAN_POINT ( 'NONE',  ( -0.2769746004379523008, 1.489643312942089182, 0.2627575049233770166 ) ) ;
#1609 = SURFACE_STYLE_USAGE ( .BOTH. , #361 ) ;
#1610 = FACE_OUTER_BOUND ( 'NONE', #497, .T. ) ;
#1611 = CARTESIAN_POINT ( 'NONE',  ( -1.249999999652519733, 2.455612174232709943, 0.02948532810777433275 ) ) ;
#1612 = CARTESIAN_POINT ( 'NONE',  ( 1.000000000000000000, -25.00000000000000000, 1.836970198721030982E-17 ) ) ;
#1613 = CARTESIAN_POINT ( 'NONE',  ( 0.4002950068316412091, 2.607070125906291391, -1.220181348869800120 ) ) ;
#1614 = ORIENTED_EDGE ( 'NONE', *, *, #1300, .T. ) ;
#1615 = ADVANCED_FACE ( 'NONE', ( #533 ), #346, .T. ) ;
#1616 = CARTESIAN_POINT ( 'NONE',  ( -1.246475730622074396, 2.381572272316482053, 0.07578740647254951501 ) ) ;
#1617 = B_SPLINE_CURVE_WITH_KNOTS ( 'NONE', 3,
 ( #750, #64, #2188, #1110 ),
 .UNSPECIFIED., .F., .F.,
 ( 4, 4 ),
 ( 8.131516293641283255E-20, 0.0002000000000000001722 ),
 .UNSPECIFIED. ) ;
#1618 = ORIENTED_EDGE ( 'NONE', *, *, #271, .T. ) ;
#1619 = EDGE_CURVE ( 'NONE', #304, #805, #2268, .T. ) ;
#1620 = CARTESIAN_POINT ( 'NONE',  ( -1.233114265593928671, 2.275283201162017210, -0.1765282026570074436 ) ) ;
#1621 = CARTESIAN_POINT ( 'NONE',  ( -1.239835725364020202, 2.350951498862504874, 0.1602047329548643706 ) ) ;
#1622 =( NAMED_UNIT ( * ) SI_UNIT ( $, .STERADIAN. ) SOLID_ANGLE_UNIT ( ) );
#1623 = CARTESIAN_POINT ( 'NONE',  ( -0.09999999999999982514, 3.999999999999999112, 1.250000000000000000 ) ) ;
#1624 = CARTESIAN_POINT ( 'NONE',  ( 0.1465516706301989713, 1.492399354596881444, -0.1932042895864618526 ) ) ;
#1625 = ORIENTED_EDGE ( 'NONE', *, *, #1682, .F. ) ;
#1626 = CARTESIAN_POINT ( 'NONE',  ( -0.2976525925989564336, 1.364267214868744693, 0.04620792583471233783 ) ) ;
#1627 = CARTESIAN_POINT ( 'NONE',  ( -0.7485458709196106675, 0.3735406408779021192, -0.2724056259698683369 ) ) ;
#1628 = CARTESIAN_POINT ( 'NONE',  ( 0.7323819610924611201, 0.000000000000000000, 0.1175810785615209048 ) ) ;
#1629 = DIRECTION ( 'NONE',  ( 0.000000000000000000, -0.000000000000000000, -1.000000000000000000 ) ) ;
#1630 = DIRECTION ( 'NONE',  ( 7.070883733601116999E-17, 0.000000000000000000, -1.000000000000000000 ) ) ;
#1631 = CARTESIAN_POINT ( 'NONE',  ( -0.5346076550027454299, 1.495867769820357074, -0.5367615190503791656 ) ) ;
#1632 = DIRECTION ( 'NONE',  ( -0.1259239903189167953, -0.005886981988465272639, 0.9920224252027920464 ) ) ;
#1633 = CARTESIAN_POINT ( 'NONE',  ( -1.249999999999999778, 2.487034183642660157, -0.1944597018558600621 ) ) ;
#1634 = MECHANICAL_DESIGN_GEOMETRIC_PRESENTATION_REPRESENTATION (  '', ( #2166 ), #624 ) ;
#1635 = CARTESIAN_POINT ( 'NONE',  ( 0.8921544729305784793, 2.538282293949397417, -0.9367406265415182398 ) ) ;
#1636 =( NAMED_UNIT ( * ) PLANE_ANGLE_UNIT ( ) SI_UNIT ( $, .RADIAN. ) );
#1637 = AXIS2_PLACEMENT_3D ( 'NONE', #432, #106, #1733 ) ;
#1638 = EDGE_LOOP ( 'NONE', ( #1005, #1121, #1387, #2230, #1846 ) ) ;
#1639 = CARTESIAN_POINT ( 'NONE',  ( -0.8239514319340628390, 1.559005489833306557, -0.6047477463845118972 ) ) ;
#1640 = MECHANICAL_DESIGN_GEOMETRIC_PRESENTATION_REPRESENTATION (  '', ( #1329 ), #1599 ) ;
#1641 = CARTESIAN_POINT ( 'NONE',  ( -0.1477316453662655404, 1.808534298445291011, -0.9014889647684819485 ) ) ;
#1642 = CARTESIAN_POINT ( 'NONE',  ( 1.219016876600304000, 2.234439909063846041, 0.2280159591413777886 ) ) ;
#1643 = AXIS2_PLACEMENT_3D ( 'NONE', #779, #222, #234 ) ;
#1644 =( BOUNDED_SURFACE ( )  B_SPLINE_SURFACE ( 3, 2, ( 
 ( #528, #2147, #2 ),
 ( #858, #1238, #1059 ),
 ( #1779, #712, #1416 ),
 ( #1808, #2298, #1571 ) ),
 .UNSPECIFIED., .F., .F., .T. ) 
 B_SPLINE_SURFACE_WITH_KNOTS ( ( 4, 4 ),
 ( 3, 3 ),
 ( 8.185726402265558477E-17, 0.0002000000000000821379 ),
 ( 0.000000000000000000, 1.000000000000000000 ),
 .UNSPECIFIED. ) 
 GEOMETRIC_REPRESENTATION_ITEM ( )  RATIONAL_B_SPLINE_SURFACE ( (
 ( 1.000000000000000000, 0.8900589728457797278, 1.000000000000000000),
 ( 1.000000000000000000, 0.8911245344702661830, 1.000000000000000000),
 ( 1.000000000000000000, 0.8911245344702654059, 1.000000000000000000),
 ( 1.000000000000000000, 0.8900589728457811711, 1.000000000000000000) ) ) 
 REPRESENTATION_ITEM ( '' )  SURFACE ( )  );
#1645 = DIRECTION ( 'NONE',  ( -4.336808689942017736E-18, 1.000000000000000000, 0.000000000000000000 ) ) ;
#1646 = CARTESIAN_POINT ( 'NONE',  ( 1.249999999999999778, 2.459342299659060593, 0.03349464298162444648 ) ) ;
#1647 = CARTESIAN_POINT ( 'NONE',  ( -0.1465517241379312441, 1.492399349031904743, -0.1944597018558599510 ) ) ;
#1648 = CARTESIAN_POINT ( 'NONE',  ( 0.1125673217058135167, 2.517243068347120083, -1.250000000000000666 ) ) ;
#1649 = EDGE_LOOP ( 'NONE', ( #252, #536, #450 ) ) ;
#1650 =( NAMED_UNIT ( * ) SI_UNIT ( $, .STERADIAN. ) SOLID_ANGLE_UNIT ( ) );
#1651 = B_SPLINE_CURVE_WITH_KNOTS ( 'NONE', 3,
 ( #1745, #148, #2291, #679, #180, #883, #909 ),
 .UNSPECIFIED., .F., .F.,
 ( 4, 3, 4 ),
 ( 0.000000000000000000, 0.0001224829580827238443, 0.0001299194120275082905 ),
 .UNSPECIFIED. ) ;
#1652 = ORIENTED_EDGE ( 'NONE', *, *, #1377, .T. ) ;
#1653 = CARTESIAN_POINT ( 'NONE',  ( 1.131037961527305624, 2.379803251255903973, 0.5820547207865639505 ) ) ;
#1654 = EDGE_CURVE ( 'NONE', #1273, #304, #1297, .T. ) ;
#1655 = CARTESIAN_POINT ( 'NONE',  ( 0.3015670383618386241, 1.362635749628505533, -0.06931188876055144332 ) ) ;
#1656 = FACE_OUTER_BOUND ( 'NONE', #2002, .T. ) ;
#1657 = PLANE ( 'NONE',  #2207 ) ;
#1658 = SURFACE_SIDE_STYLE ('',( #783 ) ) ;
#1659 = CARTESIAN_POINT ( 'NONE',  ( -1.000000000000000000, 0.000000000000000000, 3.049318610115481221E-17 ) ) ;
#1660 = CARTESIAN_POINT ( 'NONE',  ( -0.1167164591779531191, 1.218183161579798446, -0.3636418346912869137 ) ) ;
#1661 = EDGE_CURVE ( 'NONE', #1662, #452, #2158, .T. ) ;
#1662 = VERTEX_POINT ( 'NONE', #1666 ) ;
#1663 = CARTESIAN_POINT ( 'NONE',  ( 0.3576242020986601378, 2.612929138512499527, 1.228437045236241199 ) ) ;
#1664 = ORIENTED_EDGE ( 'NONE', *, *, #1768, .F. ) ;
#1665 = CARTESIAN_POINT ( 'NONE',  ( -0.1473119460303576600, 1.536158367714491213, -0.4412580759971689304 ) ) ;
#1666 = CARTESIAN_POINT ( 'NONE',  ( 0.3015670383618386241, 1.362635749628505533, -0.06931188876055144332 ) ) ;
#1667 = CARTESIAN_POINT ( 'NONE',  ( 0.4094731292925581911, 1.400722300823997513, 0.3847948159362425402 ) ) ;
#1668 = VERTEX_POINT ( 'NONE', #389 ) ;
#1669 = CARTESIAN_POINT ( 'NONE',  ( -0.4774235484957100595, 1.691646335466466144, 0.7022138707500662491 ) ) ;
#1670 = FILL_AREA_STYLE_COLOUR ( '', #1601 ) ;
#1671 = CARTESIAN_POINT ( 'NONE',  ( 0.8500000000000000888, -25.00000000000000000, 0.000000000000000000 ) ) ;
#1672 = CARTESIAN_POINT ( 'NONE',  ( 0.1482914987781356053, 1.656353424684307907, -0.6967050963306071765 ) ) ;
#1673 = VERTEX_POINT ( 'NONE', #1454 ) ;
#1674 = CARTESIAN_POINT ( 'NONE',  ( 0.1465517241379312441, 1.492399349031904743, -0.1944597018558599510 ) ) ;
#1675 = CARTESIAN_POINT ( 'NONE',  ( 1.050503920552439130, 1.979897631504908162, 0.5264385384130744194 ) ) ;
#1676 = CIRCLE ( 'NONE', #439, 0.1500000000000000500 ) ;
#1677 = AXIS2_PLACEMENT_3D ( 'NONE', #2072, #95, #1497 ) ;
#1678 = DIRECTION ( 'NONE',  ( -0.000000000000000000, -0.000000000000000000, -1.000000000000000000 ) ) ;
#1679 = CIRCLE ( 'NONE', #630, 0.2999999999999999334 ) ;
#1680 = ORIENTED_EDGE ( 'NONE', *, *, #25, .T. ) ;
#1681 = CARTESIAN_POINT ( 'NONE',  ( -1.249996589996002161, 2.484018299335557955, -0.003648513206266099183 ) ) ;
#1682 = EDGE_CURVE ( 'NONE', #2096, #2221, #1617, .T. ) ;
#1683 =( LENGTH_UNIT ( ) NAMED_UNIT ( * ) SI_UNIT ( .MILLI., .METRE. ) );
#1684 = CARTESIAN_POINT ( 'NONE',  ( -1.157839868292736885, 1.639965617437331824, 0.4272301733782162825 ) ) ;
#1685 = CARTESIAN_POINT ( 'NONE',  ( -0.09999999999999974187, 3.999999999999999112, 0.1000000000000000472 ) ) ;
#1686 = CARTESIAN_POINT ( 'NONE',  ( 0.9450834404025268976, 2.530769076557673358, 0.8837957554902807766 ) ) ;
#1687 = FACE_OUTER_BOUND ( 'NONE', #2099, .T. ) ;
#1688 = CARTESIAN_POINT ( 'NONE',  ( 0.2956371031849291953, 1.365139030794969566, 2.349740971005164714E-11 ) ) ;
#1689 = DIRECTION ( 'NONE',  ( -1.000000000000000000, 0.000000000000000000, 0.000000000000000000 ) ) ;
#1690 = CARTESIAN_POINT ( 'NONE',  ( -1.249989765024870358, 2.482509821290139751, -0.005472312291173976433 ) ) ;
#1691 = ORIENTED_EDGE ( 'NONE', *, *, #339, .T. ) ;
#1692 = CARTESIAN_POINT ( 'NONE',  ( 0.000000000000000000, 0.000000000000000000, 0.000000000000000000 ) ) ;
#1693 = CARTESIAN_POINT ( 'NONE',  ( -0.8041333825276306690, 2.550755769615676627, -1.021508746187184791 ) ) ;
#1694 = EDGE_CURVE ( 'NONE', #1493, #1730, #4, .T. ) ;
#1695 = CARTESIAN_POINT ( 'NONE',  ( -1.218748814486120713, 2.286396174975493079, -0.2599967546879106695 ) ) ;
#1696 = CARTESIAN_POINT ( 'NONE',  ( 0.06615730850729709123, 1.498454407650127829, 0.09999999999991625310 ) ) ;
#1697 = CARTESIAN_POINT ( 'NONE',  ( 0.5439323619738549720, 1.732627808754402920, 0.7277870900116613084 ) ) ;
#1698 = CARTESIAN_POINT ( 'NONE',  ( 0.4774235484958097575, 1.691646335466526097, 0.7022138707501149879 ) ) ;
#1699 = CARTESIAN_POINT ( 'NONE',  ( 0.8764433321720794812, 1.897835058611677450, -0.6488637981973175428 ) ) ;
#1700 = EDGE_CURVE ( 'NONE', #1591, #805, #1357, .T. ) ;
#1701 = ORIENTED_EDGE ( 'NONE', *, *, #1158, .F. ) ;
#1702 = CARTESIAN_POINT ( 'NONE',  ( -1.246526082211446562, 2.403752928414941259, -0.1000000000000000472 ) ) ;
#1703 = ORIENTED_EDGE ( 'NONE', *, *, #578, .F. ) ;
#1704 = CARTESIAN_POINT ( 'NONE',  ( 0.09999999999999974187, 2.849999999999999201, 0.1000000000000000472 ) ) ;
#1705 = ORIENTED_EDGE ( 'NONE', *, *, #1654, .T. ) ;
#1706 = CARTESIAN_POINT ( 'NONE',  ( -0.3498512665725401760, 1.370760042286607527, -0.2524282696244800617 ) ) ;
#1707 = PLANE ( 'NONE',  #1637 ) ;
#1708 = CARTESIAN_POINT ( 'NONE',  ( -0.06615730850731423029, 1.498454407650125608, 0.1000000000000000472 ) ) ;
#1709 = EDGE_CURVE ( 'NONE', #314, #1920, #1717, .T. ) ;
#1710 = CARTESIAN_POINT ( 'NONE',  ( 1.188020350760594424, 2.228781982936237860, 0.3578763079140697134 ) ) ;
#1711 = CARTESIAN_POINT ( 'NONE',  ( 1.218748814486509957, 2.286396174976391915, -0.2599967546865328272 ) ) ;
#1712 = ORIENTED_EDGE ( 'NONE', *, *, #1023, .T. ) ;
#1713 = CARTESIAN_POINT ( 'NONE',  ( -0.9450834404025262314, 2.530769076557673358, 0.8837957554902814428 ) ) ;
#1714 = AXIS2_PLACEMENT_3D ( 'NONE', #727, #1813, #1629 ) ;
#1715 = EDGE_LOOP ( 'NONE', ( #1085, #1316, #993 ) ) ;
#1716 = FACE_OUTER_BOUND ( 'NONE', #2296, .T. ) ;
#1717 = CIRCLE ( 'NONE', #1643, 1.149999999999999911 ) ;
#1718 = CARTESIAN_POINT ( 'NONE',  ( 0.6982758620689648588, 1.989716766337283893, -0.8239401460951047973 ) ) ;
#1719 = CARTESIAN_POINT ( 'NONE',  ( -0.7558654257507546603, 1.693368749821917207, -0.6374649533410380320 ) ) ;
#1720 = CARTESIAN_POINT ( 'NONE',  ( 0.2184108690300773647, 1.491336510844225804, -0.08063120517896545103 ) ) ;
#1721 = CARTESIAN_POINT ( 'NONE',  ( 0.8069025458403618067, 1.741641998803503011, 0.6386300378170386427 ) ) ;
#1722 = CARTESIAN_POINT ( 'NONE',  ( 0.2936951345039539585, 1.365916619724687031, -0.02285016311150343121 ) ) ;
#1723 = ADVANCED_FACE ( 'NONE', ( #568 ), #154, .F. ) ;
#1724 = DIRECTION ( 'NONE',  ( -0.000000000000000000, 0.000000000000000000, -1.000000000000000000 ) ) ;
#1725 = CARTESIAN_POINT ( 'NONE',  ( 1.035492554648600461, 2.073525338527001161, -0.5935093484446268830 ) ) ;
#1726 = ORIENTED_EDGE ( 'NONE', *, *, #1206, .F. ) ;
#1727 = CARTESIAN_POINT ( 'NONE',  ( -0.1466248855365975823, 1.851786846500584449, 0.9367406282026226050 ) ) ;
#1728 = ORIENTED_EDGE ( 'NONE', *, *, #1015, .T. ) ;
#1729 = DIRECTION ( 'NONE',  ( 1.000000000000000000, 0.000000000000000000, 0.000000000000000000 ) ) ;
#1730 = VERTEX_POINT ( 'NONE', #1177 ) ;
#1731 = CARTESIAN_POINT ( 'NONE',  ( 1.000000000000000000, 0.000000000000000000, 3.049318610115481221E-17 ) ) ;
#1732 = CARTESIAN_POINT ( 'NONE',  ( -0.2115580436711858858, 1.541360162347313656, -0.4551524029502188595 ) ) ;
#1733 = DIRECTION ( 'NONE',  ( 0.000000000000000000, 0.000000000000000000, 1.000000000000000000 ) ) ;
#1734 = CARTESIAN_POINT ( 'NONE',  ( 0.4774394751951294147, 1.450733707595599720, 0.4795754104245222305 ) ) ;
#1735 = CARTESIAN_POINT ( 'NONE',  ( 0.2184108690300505251, 1.491336510844229801, 0.08063120517882180205 ) ) ;
#1736 = CARTESIAN_POINT ( 'NONE',  ( 1.050341489015409469, 1.979699268452727701, -0.5266460462671643805 ) ) ;
#1737 = ORIENTED_EDGE ( 'NONE', *, *, #2108, .T. ) ;
#1738 = CARTESIAN_POINT ( 'NONE',  ( -0.1482941724855334209, 1.700648892228405984, 0.7633677785160064566 ) ) ;
#1739 = EDGE_LOOP ( 'NONE', ( #506, #1533, #647, #1726 ) ) ;
#1740 = CARTESIAN_POINT ( 'NONE',  ( 1.117701293304311116, 0.7615072622314718043, -0.2724056259698683369 ) ) ;
#1741 = CARTESIAN_POINT ( 'NONE',  ( 0.9676180389075400567, 0.000000000000000000, -0.1175810785615210435 ) ) ;
#1742 = CARTESIAN_POINT ( 'NONE',  ( -0.3317939219777186199, 1.516358027878470516, -0.3879109947819893156 ) ) ;
#1743 = CARTESIAN_POINT ( 'NONE',  ( -1.249999999999999778, 3.999999999999999112, 0.1000000000000000472 ) ) ;
#1744 = CARTESIAN_POINT ( 'NONE',  ( 0.7565550379427357086, 1.694026463819712891, 0.6375045836888526551 ) ) ;
#1745 = CARTESIAN_POINT ( 'NONE',  ( -1.246475730622074396, 2.381572272316482053, 0.07578740647254951501 ) ) ;
#1746 = DIRECTION ( 'NONE',  ( -1.000000000000000000, 0.000000000000000000, 0.000000000000000000 ) ) ;
#1747 = CARTESIAN_POINT ( 'NONE',  ( 1.244079718374034416, 2.374480250356370448, -0.1275927379204273293 ) ) ;
#1748 = CIRCLE ( 'NONE', #1364, 0.1500000000000000500 ) ;
#1749 = ORIENTED_EDGE ( 'NONE', *, *, #1863, .F. ) ;
#1750 = CARTESIAN_POINT ( 'NONE',  ( -0.09999999999999976963, 2.648051208222846231, 1.250000000000000222 ) ) ;
#1751 = CIRCLE ( 'NONE', #259, 0.2999999999999999889 ) ;
#1752 = ORIENTED_EDGE ( 'NONE', *, *, #312, .T. ) ;
#1753 = CARTESIAN_POINT ( 'NONE',  ( 0.8239514319340640602, 1.559005489833306335, 0.6047477463845105650 ) ) ;
#1754 = AXIS2_PLACEMENT_3D ( 'NONE', #161, #2138, #862 ) ;
#1755 = CARTESIAN_POINT ( 'NONE',  ( 0.2490262374023705094, 1.487740300716549280, -0.2020273385806099498 ) ) ;
#1756 = CARTESIAN_POINT ( 'NONE',  ( 1.178643514590185015, 2.146777343131977211, -0.3438788467831591644 ) ) ;
#1757 = CARTESIAN_POINT ( 'NONE',  ( -1.238207337242957840, 2.488742200727901643, -0.2877416528680172281 ) ) ;
#1758 = CARTESIAN_POINT ( 'NONE',  ( 0.1231363365278708155, 2.380738415184485923, -1.226547532646601546 ) ) ;
#1759 = CARTESIAN_POINT ( 'NONE',  ( -0.1086089300692831272, 1.503582171334888917, 0.2445891175418651586 ) ) ;
#1760 = DIRECTION ( 'NONE',  ( -4.336808689942017736E-18, 1.000000000000000000, 0.000000000000000000 ) ) ;
#1761 = EDGE_LOOP ( 'NONE', ( #61, #1235, #1293 ) ) ;
#1762 = CARTESIAN_POINT ( 'NONE',  ( 0.1468972117344393979, 1.511634677298576701, 0.3090952482034449167 ) ) ;
#1763 = EDGE_CURVE ( 'NONE', #856, #892, #1537, .T. ) ;
#1764 = ORIENTED_EDGE ( 'NONE', *, *, #280, .T. ) ;
#1765 = CARTESIAN_POINT ( 'NONE',  ( -0.9331235821119601148, 0.5675239515546879332, 0.3855553466739181645 ) ) ;
#1766 = B_SPLINE_CURVE_WITH_KNOTS ( 'NONE', 3,
 ( #2102, #644, #1361, #1013 ),
 .UNSPECIFIED., .F., .F.,
 ( 4, 4 ),
 ( 0.000000000000000000, 0.0001895494124649405769 ),
 .UNSPECIFIED. ) ;
#1767 = CARTESIAN_POINT ( 'NONE',  ( 0.7000000000000000666, 0.3164788359587915045, -0.09099983918962116503 ) ) ;
#1768 = EDGE_CURVE ( 'NONE', #1920, #338, #135, .T. ) ;
#1769 = CARTESIAN_POINT ( 'NONE',  ( -0.6270027657409417143, 2.078193731311924530, -1.186488054311505502 ) ) ;
#1770 = DIRECTION ( 'NONE',  ( 0.9920396156904437435, 0.000000000000000000, -0.1259261724216075573 ) ) ;
#1771 = ADVANCED_FACE ( 'NONE', ( #121 ), #284, .T. ) ;
#1772 = CARTESIAN_POINT ( 'NONE',  ( -0.9676180389075400567, 0.000000000000000000, -0.1175810785615210435 ) ) ;
#1773 = CARTESIAN_POINT ( 'NONE',  ( -0.3013161336042129435, 1.589492961229424406, -0.5741700359620637295 ) ) ;
#1774 = CARTESIAN_POINT ( 'NONE',  ( 1.246475730621814160, 2.381572272319450789, -0.07578740647611277581 ) ) ;
#1775 = VERTEX_POINT ( 'NONE', #1888 ) ;
#1776 = CARTESIAN_POINT ( 'NONE',  ( 0.6774720849017848989, 2.568575489390147126, 1.105738479407255781 ) ) ;
#1777 = VERTEX_POINT ( 'NONE', #444 ) ;
#1778 = CARTESIAN_POINT ( 'NONE',  ( -0.7428804495206218217, 1.860715131169033087, 0.7440536335153959957 ) ) ;
#1779 = CARTESIAN_POINT ( 'NONE',  ( -0.2936951345039949812, 1.365916619724572900, 0.02285016311123195740 ) ) ;
#1780 = EDGE_LOOP ( 'NONE', ( #1221, #2122, #1786, #1618 ) ) ;
#1781 = CARTESIAN_POINT ( 'NONE',  ( -0.1426016620106932420, 2.012862028483895838, 1.069852562567454868 ) ) ;
#1782 = ORIENTED_EDGE ( 'NONE', *, *, #243, .T. ) ;
#1783 = CARTESIAN_POINT ( 'NONE',  ( 0.1379286063325666500, 2.131420498802569785, -1.137150792842801961 ) ) ;
#1784 = CARTESIAN_POINT ( 'NONE',  ( -0.08068569765322228249, 1.497775201368568121, 0.1715510933095554802 ) ) ;
#1785 = DIRECTION ( 'NONE',  ( 0.000000000000000000, 1.000000000000000000, 0.000000000000000000 ) ) ;
#1786 = ORIENTED_EDGE ( 'NONE', *, *, #1797, .F. ) ;
#1787 = EDGE_LOOP ( 'NONE', ( #14, #1353, #1208, #601, #1552, #1045 ) ) ;
#1788 = CARTESIAN_POINT ( 'NONE',  ( -1.249999999999999556, 2.459342299659397213, -0.03349464298184080813 ) ) ;
#1789 = B_SPLINE_CURVE_WITH_KNOTS ( 'NONE', 3,
 ( #423, #1665, #1812, #29, #1641, #1473, #1130, #2209 ),
 .UNSPECIFIED., .F., .F.,
 ( 4, 2, 2, 4 ),
 ( 0.0002099759097525665148, 0.0006117144675522135982, 0.001013453025351860682, 0.001816930140951154848 ),
 .UNSPECIFIED. ) ;
#1790 = ORIENTED_EDGE ( 'NONE', *, *, #578, .T. ) ;
#1791 = CARTESIAN_POINT ( 'NONE',  ( -1.000000000000000000, 0.000000000000000000, -0.03926990785650168875 ) ) ;
#1792 = AXIS2_PLACEMENT_3D ( 'NONE', #1989, #699, #552 ) ;
#1793 = CARTESIAN_POINT ( 'NONE',  ( -0.9588229580947095210, 1.884507277778757706, 0.5928674372156127470 ) ) ;
#1794 = CARTESIAN_POINT ( 'NONE',  ( 0.1468972117344393979, 1.511634677298576701, 0.3090952482034449167 ) ) ;
#1795 = CIRCLE ( 'NONE', #1986, 1.149999999999999911 ) ;
#1796 = CARTESIAN_POINT ( 'NONE',  ( -0.09999999999999979738, 2.648051208222846231, -1.250000000000000222 ) ) ;
#1797 = EDGE_CURVE ( 'NONE', #2143, #1605, #480, .T. ) ;
#1798 = AXIS2_PLACEMENT_3D ( 'NONE', #264, #223, #973 ) ;
#1799 = CARTESIAN_POINT ( 'NONE',  ( -0.3015670383618388461, 1.362635749628505089, 0.06931188876055160986 ) ) ;
#1800 = AXIS2_PLACEMENT_3D ( 'NONE', #744, #453, #2060 ) ;
#1801 = CARTESIAN_POINT ( 'NONE',  ( -0.3121947948913791904, 1.358206331063290806, 0.1320394940540174922 ) ) ;
#1802 = DIRECTION ( 'NONE',  ( 0.000000000000000000, 1.000000000000000000, 0.000000000000000000 ) ) ;
#1803 = EDGE_CURVE ( 'NONE', #1283, #1894, #1826, .T. ) ;
#1804 = DIRECTION ( 'NONE',  ( 0.000000000000000000, 0.000000000000000000, 1.000000000000000000 ) ) ;
#1805 = ORIENTED_EDGE ( 'NONE', *, *, #277, .T. ) ;
#1806 = DIRECTION ( 'NONE',  ( 1.000000000000000000, 0.000000000000000000, 0.000000000000000000 ) ) ;
#1807 = CARTESIAN_POINT ( 'NONE',  ( -1.246475730622006672, 2.381572272315474859, 0.07578740647326674684 ) ) ;
#1808 = CARTESIAN_POINT ( 'NONE',  ( -0.3015670383618289097, 1.362635749628509529, 0.06931188876049347580 ) ) ;
#1809 = LINE ( 'NONE', #1623, #367 ) ;
#1810 = CARTESIAN_POINT ( 'NONE',  ( -1.248539337863765919, 2.424128301790115625, 0.05883537391134127659 ) ) ;
#1811 = CARTESIAN_POINT ( 'NONE',  ( -0.8499999999999984235, 0.000000000000000000, -0.1663629469633257640 ) ) ;
#1812 = CARTESIAN_POINT ( 'NONE',  ( -0.1480830800891722865, 1.584090273860671028, -0.5685250894320645898 ) ) ;
#1813 = DIRECTION ( 'NONE',  ( 0.000000000000000000, -1.000000000000000000, 0.000000000000000000 ) ) ;
#1814 = EDGE_LOOP ( 'NONE', ( #1139, #694, #1969, #720 ) ) ;
#1815 = CARTESIAN_POINT ( 'NONE',  ( 1.249999999999999778, 2.487034183642658824, 0.2522481005373562457 ) ) ;
#1816 = VERTEX_POINT ( 'NONE', #1547 ) ;
#1817 = CARTESIAN_POINT ( 'NONE',  ( -1.233255899422410318, 2.275738610211695434, 0.1759647999474353297 ) ) ;
#1818 = EDGE_CURVE ( 'NONE', #900, #1956, #708, .T. ) ;
#1819 = CARTESIAN_POINT ( 'NONE',  ( -0.1468972117344626571, 1.511634677298574703, 0.3090952482034452498 ) ) ;
#1820 = CARTESIAN_POINT ( 'NONE',  ( -0.6982758620689661910, 1.989716766337283449, 0.8239401460951031320 ) ) ;
#1821 = CARTESIAN_POINT ( 'NONE',  ( 0.1425176973933942326, 2.017785267673743999, -1.074647445496973219 ) ) ;
#1822 = ORIENTED_EDGE ( 'NONE', *, *, #760, .T. ) ;
#1823 = CARTESIAN_POINT ( 'NONE',  ( 0.1478752881426653454, 1.579663075974031994, 0.5466625290412829852 ) ) ;
#1824 = EDGE_LOOP ( 'NONE', ( #1016, #1880, #1752, #648, #1892, #1782, #1837 ) ) ;
#1825 = CARTESIAN_POINT ( 'NONE',  ( -0.3979028638681293417, 1.466257250307571258, -0.1427297705227406344 ) ) ;
#1826 = B_SPLINE_CURVE_WITH_KNOTS ( 'NONE', 3,
 ( #1205, #1917, #310, #1877, #979, #798, #834 ),
 .UNSPECIFIED., .F., .F.,
 ( 4, 3, 4 ),
 ( 0.000000000000000000, 0.0001123832318808001764, 0.0001898547810935254055 ),
 .UNSPECIFIED. ) ;
#1827 = CARTESIAN_POINT ( 'NONE',  ( 1.160635811344188140, 2.118350599194737782, 0.3810088034917087918 ) ) ;
#1828 = CARTESIAN_POINT ( 'NONE',  ( -0.8500000000000000888, -25.00000000000000000, 0.000000000000000000 ) ) ;
#1829 = CARTESIAN_POINT ( 'NONE',  ( 1.248831442242910317, 2.416732083430331635, 0.05076742037160615617 ) ) ;
#1830 = FACE_OUTER_BOUND ( 'NONE', #1342, .T. ) ;
#1831 = CARTESIAN_POINT ( 'NONE',  ( -0.7323819610924623413, 0.000000000000000000, -0.1175810785615210019 ) ) ;
#1832 = CARTESIAN_POINT ( 'NONE',  ( 0.09999999999999992228, 2.648051208222849340, -1.250000000000000222 ) ) ;
#1833 = ORIENTED_EDGE ( 'NONE', *, *, #215, .F. ) ;
#1834 = CARTESIAN_POINT ( 'NONE',  ( 0.3979028638681293417, 1.466257250307571258, -0.1427297705227406344 ) ) ;
#1835 = CARTESIAN_POINT ( 'NONE',  ( 0.3271480336081271645, 1.362411440278982866, -0.1933822576291693296 ) ) ;
#1836 = AXIS2_PLACEMENT_3D ( 'NONE', #2237, #457, #2276 ) ;
#1837 = ORIENTED_EDGE ( 'NONE', *, *, #2115, .F. ) ;
#1838 = CARTESIAN_POINT ( 'NONE',  ( 1.233255899422771140, 2.275738610213102753, 0.1759647999457410183 ) ) ;
#1839 = EDGE_CURVE ( 'NONE', #2245, #574, #2235, .T. ) ;
#1840 = CARTESIAN_POINT ( 'NONE',  ( 0.8500000000000001998, 0.000000000000000000, 0.000000000000000000 ) ) ;
#1841 = SHAPE_DEFINITION_REPRESENTATION ( #1913, #2184 ) ;
#1842 = CARTESIAN_POINT ( 'NONE',  ( -0.3979028638681293417, 1.466257250307571258, -0.1427297705227406344 ) ) ;
#1843 = CARTESIAN_POINT ( 'NONE',  ( 0.1465517241379313829, 1.492399349031905853, -0.09999999999797436201 ) ) ;
#1844 = ORIENTED_EDGE ( 'NONE', *, *, #40, .F. ) ;
#1845 = CARTESIAN_POINT ( 'NONE',  ( 0.1714815451784307831, 2.573701045979122526, 1.249999864120031834 ) ) ;
#1846 = ORIENTED_EDGE ( 'NONE', *, *, #1839, .F. ) ;
#1847 = DIRECTION ( 'NONE',  ( -1.000000000000000000, 0.000000000000000000, 0.000000000000000000 ) ) ;
#1848 = CARTESIAN_POINT ( 'NONE',  ( 1.248727591186254759, 2.430095724374238042, 0.06862233074291754220 ) ) ;
#1849 = CARTESIAN_POINT ( 'NONE',  ( 0.000000000000000000, 0.08333333333333325932, -1.250000000000000000 ) ) ;
#1850 = FACE_OUTER_BOUND ( 'NONE', #1412, .T. ) ;
#1851 = CARTESIAN_POINT ( 'NONE',  ( -1.166247164223919608, 0.8185690671505836402, 0.000000000000000000 ) ) ;
#1852 = CARTESIAN_POINT ( 'NONE',  ( 0.3078096811261404331, 1.360033936934150312, 0.1061574080811872878 ) ) ;
#1853 = CARTESIAN_POINT ( 'NONE',  ( 0.3498512665724878845, 1.370760042286693903, 0.2524282696244889435 ) ) ;
#1854 = CARTESIAN_POINT ( 'NONE',  ( 0.2976525926012309475, 1.364267214867797007, 0.04620792584807885406 ) ) ;
#1855 = DIRECTION ( 'NONE',  ( 1.000000000000000000, 0.000000000000000000, 0.000000000000000000 ) ) ;
#1856 = VERTEX_POINT ( 'NONE', #1346 ) ;
#1857 = DIRECTION ( 'NONE',  ( 0.000000000000000000, 0.000000000000000000, 1.000000000000000000 ) ) ;
#1858 = CARTESIAN_POINT ( 'NONE',  ( -0.6999999999999998446, 0.000000000000000000, -0.03926990785650171650 ) ) ;
#1859 = ADVANCED_FACE ( 'NONE', ( #1373 ), #1222, .T. ) ;
#1860 = CARTESIAN_POINT ( 'NONE',  ( -0.2491498240987579660, 1.487748715012923384, 0.2022958992738801420 ) ) ;
#1861 = CARTESIAN_POINT ( 'NONE',  ( 1.212316722492831289, 1.420255868797452692, 0.4822545038535431816 ) ) ;
#1862 =( GEOMETRIC_REPRESENTATION_CONTEXT ( 3 ) GLOBAL_UNCERTAINTY_ASSIGNED_CONTEXT ( ( #2256 ) ) GLOBAL_UNIT_ASSIGNED_CONTEXT ( ( #1292, #1636, #1650 ) ) REPRESENTATION_CONTEXT ( 'NONE', 'WORKASPACE' ) );
#1863 = EDGE_CURVE ( 'NONE', #2143, #314, #1559, .T. ) ;
#1864 = CARTESIAN_POINT ( 'NONE',  ( 0.2184108690300626543, 1.491336510844231134, 0.08063120517889431349 ) ) ;
#1865 = CARTESIAN_POINT ( 'NONE',  ( 1.249999999999999778, 2.487034183642660157, 2.032879073410320814E-17 ) ) ;
#1866 = AXIS2_PLACEMENT_3D ( 'NONE', #221, #2187, #377 ) ;
#1867 = VECTOR ( 'NONE', #865, 1000.000000000000000 ) ;
#1868 = CARTESIAN_POINT ( 'NONE',  ( -0.6999999999999999556, 0.2552269690298273330, -1.311489893786750043E-18 ) ) ;
#1869 = AXIS2_PLACEMENT_3D ( 'NONE', #632, #1512, #824 ) ;
#1870 = EDGE_CURVE ( 'NONE', #143, #1668, #1904, .T. ) ;
#1871 = ORIENTED_EDGE ( 'NONE', *, *, #938, .F. ) ;
#1872 = SURFACE_STYLE_FILL_AREA ( #1146 ) ;
#1873 = CARTESIAN_POINT ( 'NONE',  ( 1.000000000000000000, 0.000000000000000000, 3.049318610115481221E-17 ) ) ;
#1874 = LINE ( 'NONE', #429, #884 ) ;
#1875 = CARTESIAN_POINT ( 'NONE',  ( -0.2769746004380036486, 1.489643312942029452, -0.2627575049233655258 ) ) ;
#1876 = CARTESIAN_POINT ( 'NONE',  ( 1.249862838236877050, 2.447948204198137301, -0.02831414226236466866 ) ) ;
#1877 = CARTESIAN_POINT ( 'NONE',  ( -0.3257548038085597009, 1.362885215542618100, 0.1790610599529270652 ) ) ;
#1878 = CARTESIAN_POINT ( 'NONE',  ( 1.091042632225770470, 2.026621845647860187, -0.4842851262262234391 ) ) ;
#1879 = CARTESIAN_POINT ( 'NONE',  ( -1.131037961527305624, 2.379803251255903973, 0.5820547207865639505 ) ) ;
#1880 = ORIENTED_EDGE ( 'NONE', *, *, #1434, .T. ) ;
#1881 = CARTESIAN_POINT ( 'NONE',  ( -1.249871454304996243, 2.456360388563782582, -0.03708782809005411324 ) ) ;
#1882 = VERTEX_POINT ( 'NONE', #539 ) ;
#1883 = CARTESIAN_POINT ( 'NONE',  ( -1.249999999999999556, 2.487034183642659269, -0.2522481005373559682 ) ) ;
#1884 =( BOUNDED_SURFACE ( )  B_SPLINE_SURFACE ( 3, 2, ( 
 ( #1225, #1256, #1984 ),
 ( #1083, #1948, #341 ),
 ( #1093, #1299, #37 ),
 ( #238, #754, #764 ) ),
 .UNSPECIFIED., .F., .F., .F. ) 
 B_SPLINE_SURFACE_WITH_KNOTS ( ( 4, 4 ),
 ( 3, 3 ),
 ( 3.794707603699265519E-19, 0.0002721260379537546984 ),
 ( 0.000000000000000000, 1.000000000000000000 ),
 .UNSPECIFIED. ) 
 GEOMETRIC_REPRESENTATION_ITEM ( )  RATIONAL_B_SPLINE_SURFACE ( (
 ( 1.000000000000000000, 0.8900589728457809491, 1.000000000000000000),
 ( 1.000000000000000000, 0.8904824858376791941, 1.000000000000000000),
 ( 1.000000000000000000, 0.8971111498005788221, 1.000000000000000000),
 ( 1.000000000000000000, 0.9063860508969492358, 1.000000000000000000) ) ) 
 REPRESENTATION_ITEM ( '' )  SURFACE ( )  );
#1885 = ORIENTED_EDGE ( 'NONE', *, *, #1307, .F. ) ;
#1886 = CARTESIAN_POINT ( 'NONE',  ( -0.9074570671743775740, 1.835626422535017621, -0.6165295916896578188 ) ) ;
#1887 = CARTESIAN_POINT ( 'NONE',  ( 0.1741778515938738336, 1.522713386201171915, -0.3837912910394529753 ) ) ;
#1888 = CARTESIAN_POINT ( 'NONE',  ( 0.6999999999999998446, 0.000000000000000000, -1.694065894508600678E-17 ) ) ;
#1889 = CARTESIAN_POINT ( 'NONE',  ( 0.3015670383618296868, 1.362635749628509085, -0.06931188876049454439 ) ) ;
#1890 = CARTESIAN_POINT ( 'NONE',  ( 0.3761062794199813153, 1.380414731260378058, -0.3207116637102688239 ) ) ;
#1891 = CARTESIAN_POINT ( 'NONE',  ( 1.239781980358436231, 2.350691413290788123, -0.1605624898346566520 ) ) ;
#1892 = ORIENTED_EDGE ( 'NONE', *, *, #962, .T. ) ;
#1893 = CARTESIAN_POINT ( 'NONE',  ( -0.1474625560824076864, 1.798596022900699420, 0.8837957535544893606 ) ) ;
#1894 = VERTEX_POINT ( 'NONE', #1975 ) ;
#1895 = DIRECTION ( 'NONE',  ( 0.000000000000000000, 0.000000000000000000, 1.000000000000000000 ) ) ;
#1896 = ORIENTED_EDGE ( 'NONE', *, *, #1541, .F. ) ;
#1897 = CARTESIAN_POINT ( 'NONE',  ( -1.245602734211508800, 2.392704339354299492, 0.08785733481528165689 ) ) ;
#1898 = CARTESIAN_POINT ( 'NONE',  ( -1.244079718373828136, 2.374480250353912858, -0.1275927379228539715 ) ) ;
#1899 = EDGE_CURVE ( 'NONE', #143, #837, #1115, .T. ) ;
#1900 = CARTESIAN_POINT ( 'NONE',  ( 0.09999999999999972800, 2.648051208222845787, 1.250000000000000000 ) ) ;
#1901 = CARTESIAN_POINT ( 'NONE',  ( 0.4034081221122742811, 1.560239316956320454, 0.4933325729565196660 ) ) ;
#1902 = B_SPLINE_CURVE_WITH_KNOTS ( 'NONE', 3,
 ( #655, #1176, #1359, #1345 ),
 .UNSPECIFIED., .F., .F.,
 ( 4, 4 ),
 ( 0.000000000000000000, 0.8064582525924743894 ),
 .UNSPECIFIED. ) ;
#1903 = CARTESIAN_POINT ( 'NONE',  ( 0.3572795331380898554, 1.620795290126799015, 0.6261853687597614959 ) ) ;
#1904 = B_SPLINE_CURVE_WITH_KNOTS ( 'NONE', 3,
 ( #550, #2125, #1961, #353, #1781, #179, #882, #1598, #5, #713 ),
 .UNSPECIFIED., .F., .F.,
 ( 4, 2, 2, 2, 4 ),
 ( -6.945058896722524800E-06, 0.0003954646318108632781, 0.0007978743225184490792, 0.001200284013226034880, 0.001602693703933620682 ),
 .UNSPECIFIED. ) ;
#1905 = CLOSED_SHELL ( 'NONE', ( #2048, #1062, #1032, #544 ) ) ;
#1906 = CARTESIAN_POINT ( 'NONE',  ( 0.6091111115165078749, 1.559027881227364798, -0.5885737556615416866 ) ) ;
#1907 = UNCERTAINTY_MEASURE_WITH_UNIT (LENGTH_MEASURE( 1.000000000000000082E-05 ), #1309, 'distance_accuracy_value', 'NONE');
#1908 = ORIENTED_EDGE ( 'NONE', *, *, #243, .F. ) ;
#1909 = ORIENTED_EDGE ( 'NONE', *, *, #434, .F. ) ;
#1910 = CARTESIAN_POINT ( 'NONE',  ( 1.249999999999997558, 1.651753729359039857, -0.1427297705227406621 ) ) ;
#1911 = ADVANCED_FACE ( 'NONE', ( #1610 ), #1427, .T. ) ;
#1912 = AXIS2_PLACEMENT_3D ( 'NONE', #1020, #1369, #1925 ) ;
#1913 = PRODUCT_DEFINITION_SHAPE ( 'NONE', 'NONE',  #869 ) ;
#1914 = CARTESIAN_POINT ( 'NONE',  ( 1.166247164223919608, 0.8185690671505836402, 0.09099983918962116503 ) ) ;
#1915 = CARTESIAN_POINT ( 'NONE',  ( -0.1747103368210310426, 1.522929632385981558, -0.3852492846687355921 ) ) ;
#1916 = CARTESIAN_POINT ( 'NONE',  ( 1.159018370181106095, 2.192496740911910269, -0.4225951356224319500 ) ) ;
#1917 = CARTESIAN_POINT ( 'NONE',  ( -0.3078096811261660237, 1.360033936934153198, 0.1061574080813074694 ) ) ;
#1918 = CARTESIAN_POINT ( 'NONE',  ( 1.249999999999999778, 2.487034183642660157, 2.032879073410320814E-17 ) ) ;
#1919 = CARTESIAN_POINT ( 'NONE',  ( 0.3028286587403508090, 1.590327437247355036, -0.5757952270313874132 ) ) ;
#1920 = VERTEX_POINT ( 'NONE', #724 ) ;
#1921 =( NAMED_UNIT ( * ) SI_UNIT ( $, .STERADIAN. ) SOLID_ANGLE_UNIT ( ) );
#1922 = ORIENTED_EDGE ( 'NONE', *, *, #1976, .F. ) ;
#1923 = DIRECTION ( 'NONE',  ( 0.1259239903188656418, -0.005886981988363664681, 0.9920224252027991518 ) ) ;
#1924 = ORIENTED_EDGE ( 'NONE', *, *, #1172, .T. ) ;
#1925 = DIRECTION ( 'NONE',  ( 0.000000000000000000, 0.000000000000000000, 1.000000000000000000 ) ) ;
#1926 = CARTESIAN_POINT ( 'NONE',  ( -1.219021561155880340, 2.234470433767755448, -0.2279791901130014675 ) ) ;
#1927 = CARTESIAN_POINT ( 'NONE',  ( 0.2769746004379583515, 1.489643312942061870, -0.2627575049233759064 ) ) ;
#1928 = CARTESIAN_POINT ( 'NONE',  ( 0.6589351901676145928, 1.603478481511383169, 0.6127868802373045432 ) ) ;
#1929 = CARTESIAN_POINT ( 'NONE',  ( 0.7441634446751836940, 1.861554348351858179, 0.7439237449179524342 ) ) ;
#1930 = CARTESIAN_POINT ( 'NONE',  ( 1.239708055795742725, 2.314689547073051301, -0.1335538492407365441 ) ) ;
#1931 = EDGE_CURVE ( 'NONE', #314, #1509, #746, .T. ) ;
#1932 = ORIENTED_EDGE ( 'NONE', *, *, #2013, .T. ) ;
#1933 = DIRECTION ( 'NONE',  ( 1.000000000000000000, -0.000000000000000000, -0.000000000000000000 ) ) ;
#1934 = CARTESIAN_POINT ( 'NONE',  ( 0.6999999999999998446, 0.3164788359587915045, 0.09099983918962116503 ) ) ;
#1935 = CARTESIAN_POINT ( 'NONE',  ( -0.4883410368760689457, 1.459176118477552020, 0.4927200107181308186 ) ) ;
#1936 = CARTESIAN_POINT ( 'NONE',  ( -1.250000000000000666, 2.487034183642661933, -0.09999999999795534944 ) ) ;
#1937 = CARTESIAN_POINT ( 'NONE',  ( 1.244071758687375073, 2.374385006433725742, 0.1276818816969367831 ) ) ;
#1938 = CARTESIAN_POINT ( 'NONE',  ( -1.246526082211446562, 2.403752928414941259, -0.1000000000000000472 ) ) ;
#1939 = CARTESIAN_POINT ( 'NONE',  ( 1.249999999999999778, 2.459342299657633291, -0.03349464298032683168 ) ) ;
#1940 = VECTOR ( 'NONE', #687, 1000.000000000000000 ) ;
#1941 = ORIENTED_EDGE ( 'NONE', *, *, #1407, .F. ) ;
#1942 = CARTESIAN_POINT ( 'NONE',  ( -0.4781529534753919397, 2.243178870957427851, 1.229319927084459474 ) ) ;
#1943 = ADVANCED_FACE ( 'NONE', ( #228 ), #812, .T. ) ;
#1944 = CIRCLE ( 'NONE', #924, 1.000000000000000000 ) ;
#1945 = ORIENTED_EDGE ( 'NONE', *, *, #587, .T. ) ;
#1946 = AXIS2_PLACEMENT_3D ( 'NONE', #165, #1980, #728 ) ;
#1947 = CARTESIAN_POINT ( 'NONE',  ( 0.3979028638681293417, 1.466257250307571258, -0.1427297705227406344 ) ) ;
#1948 = CARTESIAN_POINT ( 'NONE',  ( -0.2311761451167165249, 1.487954385112551625, -0.1419897239882955686 ) ) ;
#1949 = CIRCLE ( 'NONE', #1912, 1.149999999999999911 ) ;
#1950 = ORIENTED_EDGE ( 'NONE', *, *, #859, .F. ) ;
#1951 = CARTESIAN_POINT ( 'NONE',  ( -1.246475730622074396, 2.381572272316482053, 0.07578740647254951501 ) ) ;
#1952 = CARTESIAN_POINT ( 'NONE',  ( -0.1125673217575531293, 2.517243068352114754, -1.250000000000000666 ) ) ;
#1953 = CARTESIAN_POINT ( 'NONE',  ( -1.249999999999999778, 2.849999999999999201, 1.250000000000000000 ) ) ;
#1954 = CARTESIAN_POINT ( 'NONE',  ( -1.249999999999997558, 1.651753729359039857, 0.000000000000000000 ) ) ;
#1955 = CARTESIAN_POINT ( 'NONE',  ( -1.000000000000000000, -25.00000000000000000, -1.836970198721030982E-17 ) ) ;
#1956 = VERTEX_POINT ( 'NONE', #1311 ) ;
#1957 = DIRECTION ( 'NONE',  ( 0.000000000000000000, 1.000000000000000000, 0.000000000000000000 ) ) ;
#1958 = ORIENTED_EDGE ( 'NONE', *, *, #2115, .T. ) ;
#1959 = CARTESIAN_POINT ( 'NONE',  ( -1.187291712130934984, 2.227689920903172638, 0.3597847747269889429 ) ) ;
#1960 = FILL_AREA_STYLE ('',( #24 ) ) ;
#1961 = CARTESIAN_POINT ( 'NONE',  ( -0.1231363365278703298, 2.380738415184486811, 1.226547532646601324 ) ) ;
#1962 = CARTESIAN_POINT ( 'NONE',  ( 1.246526082211446784, 2.403752928414941259, 0.1000000000000000472 ) ) ;
#1963 = B_SPLINE_CURVE_WITH_KNOTS ( 'NONE', 3,
 ( #1306, #1868, #588, #1099 ),
 .UNSPECIFIED., .F., .F.,
 ( 4, 4 ),
 ( 0.000000000000000000, 0.8064582525924743894 ),
 .UNSPECIFIED. ) ;
#1964 = CARTESIAN_POINT ( 'NONE',  ( -1.117701293304311116, 0.7615072622314718043, -0.2724056259698683369 ) ) ;
#1965 = CARTESIAN_POINT ( 'NONE',  ( -0.06615730850731468826, 1.498454407650125386, 0.1000000000000012268 ) ) ;
#1966 =( BOUNDED_SURFACE ( )  B_SPLINE_SURFACE ( 3, 2, ( 
 ( #1853, #2011, #921 ),
 ( #253, #957, #262 ),
 ( #971, #1510, #88 ),
 ( #2038, #1864, #1696 ) ),
 .UNSPECIFIED., .F., .F., .T. ) 
 B_SPLINE_SURFACE_WITH_KNOTS ( ( 4, 4 ),
 ( 3, 3 ),
 ( -5.434563389583590975E-18, 0.0002730215292347730038 ),
 ( 0.000000000000000000, 1.000000000000000000 ),
 .UNSPECIFIED. ) 
 GEOMETRIC_REPRESENTATION_ITEM ( )  RATIONAL_B_SPLINE_SURFACE ( (
 ( 1.000000000000000000, 0.9063860508969521224, 1.000000000000000000),
 ( 1.000000000000000000, 0.8971397358373803810, 1.000000000000000000),
 ( 1.000000000000000000, 0.8904514536619041465, 1.000000000000000000),
 ( 1.000000000000000000, 0.8900589728457797278, 1.000000000000000000) ) ) 
 REPRESENTATION_ITEM ( '' )  SURFACE ( )  );
#1967 = DIRECTION ( 'NONE',  ( 0.000000000000000000, 0.000000000000000000, -1.000000000000000000 ) ) ;
#1968 = VERTEX_POINT ( 'NONE', #941 ) ;
#1969 = ORIENTED_EDGE ( 'NONE', *, *, #25, .F. ) ;
#1970 = CARTESIAN_POINT ( 'NONE',  ( 0.06615730850727248591, 1.498454407650127607, 0.1000000000000000472 ) ) ;
#1971 = ORIENTED_EDGE ( 'NONE', *, *, #889, .F. ) ;
#1972 = CARTESIAN_POINT ( 'NONE',  ( -1.249999999999999778, 2.487034183642660157, -0.1944597018558600621 ) ) ;
#1973 = CARTESIAN_POINT ( 'NONE',  ( -1.033870693951288722, 2.029607901715625218, 0.5537289601694722618 ) ) ;
#1974 = CARTESIAN_POINT ( 'NONE',  ( 0.09999999999999982514, 3.999999999999999112, 1.250000000000000000 ) ) ;
#1975 = CARTESIAN_POINT ( 'NONE',  ( -0.3498512665725431181, 1.370760042286610414, 0.2524282696244898871 ) ) ;
#1976 = EDGE_CURVE ( 'NONE', #92, #138, #1523, .T. ) ;
#1977 = CARTESIAN_POINT ( 'NONE',  ( 0.09999999999999982514, 3.999999999999999112, -0.1000000000000000472 ) ) ;
#1978 = CYLINDRICAL_SURFACE ( 'NONE', #522, 1.149999999999999911 ) ;
#1979 = CARTESIAN_POINT ( 'NONE',  ( 1.246526082211714348, 2.403752928418143586, -0.09999999999974062970 ) ) ;
#1980 = DIRECTION ( 'NONE',  ( 0.000000000000000000, 1.000000000000000000, 0.000000000000000000 ) ) ;
#1981 = ORIENTED_EDGE ( 'NONE', *, *, #379, .T. ) ;
#1982 = COLOUR_RGB ( '',0.7921568627450980005, 0.8196078431372548767, 0.9333333333333333481 ) ;
#1983 = CARTESIAN_POINT ( 'NONE',  ( -0.7637069259157771572, 1.812539509173441310, 0.6715577881274358285 ) ) ;
#1984 = CARTESIAN_POINT ( 'NONE',  ( -0.3015670383618295758, 1.362635749628508641, -0.06931188876049411418 ) ) ;
#1985 = PRODUCT_RELATED_PRODUCT_CATEGORY ( 'part', '', ( #77 ) ) ;
#1986 = AXIS2_PLACEMENT_3D ( 'NONE', #1134, #1116, #771 ) ;
#1987 = CARTESIAN_POINT ( 'NONE',  ( -0.1474625560824088799, 1.798596022900694091, -0.8837957535544838095 ) ) ;
#1988 = AXIS2_PLACEMENT_3D ( 'NONE', #911, #1244, #1967 ) ;
#1989 = CARTESIAN_POINT ( 'NONE',  ( 0.09999999999999982514, 2.849999999999999201, -0.1000000000000000472 ) ) ;
#1990 = STYLED_ITEM ( 'NONE', ( #753 ), #2184 ) ;
#1991 = CARTESIAN_POINT ( 'NONE',  ( -0.1465517241379312441, 1.492399349031904743, -0.1944597018558599510 ) ) ;
#1992 = CYLINDRICAL_SURFACE ( 'NONE', #1408, 0.1500000000000000777 ) ;
#1993 = CARTESIAN_POINT ( 'NONE',  ( 1.250000000000000000, 2.487034183642651719, -9.633005366866416464E-14 ) ) ;
#1994 = CARTESIAN_POINT ( 'NONE',  ( 1.103019926410895524, 2.508224100765944264, 0.6825683421788067973 ) ) ;
#1995 = ORIENTED_EDGE ( 'NONE', *, *, #2179, .T. ) ;
#1996 =( BOUNDED_SURFACE ( )  B_SPLINE_SURFACE ( 3, 2, ( 
 ( #296, #1720, #120 ),
 ( #823, #1536, #479 ),
 ( #1192, #1755, #1204 ),
 ( #500, #1927, #321 ) ),
 .UNSPECIFIED., .F., .F., .F. ) 
 B_SPLINE_SURFACE_WITH_KNOTS ( ( 4, 4 ),
 ( 3, 3 ),
 ( 8.250778532614688743E-17, 0.0002721260379537681425 ),
 ( 0.000000000000000000, 1.000000000000000000 ),
 .UNSPECIFIED. ) 
 GEOMETRIC_REPRESENTATION_ITEM ( )  RATIONAL_B_SPLINE_SURFACE ( (
 ( 1.000000000000000000, 0.8900589728457805050, 1.000000000000000000),
 ( 1.000000000000000000, 0.8904824858376843011, 1.000000000000000000),
 ( 1.000000000000000000, 0.8971111498005719387, 1.000000000000000000),
 ( 1.000000000000000000, 0.9063860508969554530, 1.000000000000000000) ) ) 
 REPRESENTATION_ITEM ( '' )  SURFACE ( )  );
#1997 = FACE_OUTER_BOUND ( 'NONE', #1715, .T. ) ;
#1998 = CARTESIAN_POINT ( 'NONE',  ( -0.9079067405939714730, 1.836054561286839970, 0.6162973906621288522 ) ) ;
#1999 = CARTESIAN_POINT ( 'NONE',  ( -0.2655137626106262583, 1.599630281418658928, -0.5820547207865628403 ) ) ;
#2000 = CARTESIAN_POINT ( 'NONE',  ( 0.7270061330379370412, 2.561607146331045914, -1.074647448818514928 ) ) ;
#2001 = CARTESIAN_POINT ( 'NONE',  ( 0.1480830682036889667, 1.584089574100719933, -0.5685232447291016511 ) ) ;
#2002 = EDGE_LOOP ( 'NONE', ( #1896, #1790, #1327, #1105 ) ) ;
#2003 = CARTESIAN_POINT ( 'NONE',  ( 0.2655137626106260917, 1.599630281418659372, 0.5820547207865645056 ) ) ;
#2004 = CARTESIAN_POINT ( 'NONE',  ( 1.188548174089507858, 2.162134850088275773, 0.3216801613752046096 ) ) ;
#2005 = CARTESIAN_POINT ( 'NONE',  ( -1.249999999999999778, 2.487034183642655716, -4.655652430175714375E-14 ) ) ;
#2006 = CARTESIAN_POINT ( 'NONE',  ( 1.249999999999999334, 2.451882240274003255, 0.02547657634099220747 ) ) ;
#2007 = CARTESIAN_POINT ( 'NONE',  ( -0.9295347614033566686, 1.990095114859236070, 0.6760845598211842056 ) ) ;
#2008 = CARTESIAN_POINT ( 'NONE',  ( -0.6982758620689648588, 1.989716766337283893, -0.8239401460951047973 ) ) ;
#2009 = CARTESIAN_POINT ( 'NONE',  ( 0.1478752881426654286, 1.579663075974031106, -0.5466625290412825411 ) ) ;
#2010 = CARTESIAN_POINT ( 'NONE',  ( -1.249996589996002383, 2.484018299335612134, 0.003648513206216834337 ) ) ;
#2011 = CARTESIAN_POINT ( 'NONE',  ( 0.2769746004379520787, 1.489643312942087405, 0.2627575049233743520 ) ) ;
#2012 = CARTESIAN_POINT ( 'NONE',  ( 1.082237159290227790, 2.114440598081935185, 0.5416208730837849261 ) ) ;
#2013 = EDGE_CURVE ( 'NONE', #2119, #1493, #57, .T. ) ;
#2014 = DIRECTION ( 'NONE',  ( 0.000000000000000000, 1.000000000000000000, 0.000000000000000000 ) ) ;
#2015 = ADVANCED_FACE ( 'NONE', ( #953 ), #774, .T. ) ;
#2016 = DIRECTION ( 'NONE',  ( 0.000000000000000000, 0.000000000000000000, 1.000000000000000000 ) ) ;
#2017 = CARTESIAN_POINT ( 'NONE',  ( 0.8500000000000001998, 0.000000000000000000, 0.000000000000000000 ) ) ;
#2018 = CARTESIAN_POINT ( 'NONE',  ( 1.163051783545299145, 2.499589545773270860, -0.5466625277190800825 ) ) ;
#2019 = ORIENTED_EDGE ( 'NONE', *, *, #593, .T. ) ;
#2020 = CIRCLE ( 'NONE', #149, 0.1500000000000000500 ) ;
#2021 = VERTEX_POINT ( 'NONE', #1685 ) ;
#2022 = AXIS2_PLACEMENT_3D ( 'NONE', #2315, #535, #1079 ) ;
#2023 = CARTESIAN_POINT ( 'NONE',  ( 1.249999999999999778, 2.487034183642660157, 0.1944597018558601731 ) ) ;
#2024 = CARTESIAN_POINT ( 'NONE',  ( 1.246526082212062292, 2.403752928415118006, 0.09999999999661504657 ) ) ;
#2025 = DIRECTION ( 'NONE',  ( -0.000000000000000000, -0.000000000000000000, -1.000000000000000000 ) ) ;
#2026 = CARTESIAN_POINT ( 'NONE',  ( -1.249999999999999778, 2.487034183642659713, 1.250000000000000000 ) ) ;
#2027 = CARTESIAN_POINT ( 'NONE',  ( -1.166247164223919608, 0.8185690671505836402, 0.09099983918962116503 ) ) ;
#2028 = CARTESIAN_POINT ( 'NONE',  ( 0.3326826201410648665, 1.364616139697903296, 0.2039306827237344910 ) ) ;
#2029 = CARTESIAN_POINT ( 'NONE',  ( 1.086676002851185041, 2.510558919149449952, 0.6967050976528088579 ) ) ;
#2030 = CARTESIAN_POINT ( 'NONE',  ( 0.9676180389075395016, 0.000000000000000000, 0.1175810785615209603 ) ) ;
#2031 = CARTESIAN_POINT ( 'NONE',  ( 1.224697716420776405, 2.283514693082921987, 0.2105690966519180307 ) ) ;
#2032 = CARTESIAN_POINT ( 'NONE',  ( -1.249999999999999778, 2.487034183642659713, 1.250000000000000000 ) ) ;
#2033 = FILL_AREA_STYLE_COLOUR ( '', #1261 ) ;
#2034 = FACE_OUTER_BOUND ( 'NONE', #534, .T. ) ;
#2035 = ADVANCED_FACE ( 'NONE', ( #786 ), #2277, .F. ) ;
#2036 = DIRECTION ( 'NONE',  ( 0.000000000000000000, 1.000000000000000000, 0.000000000000000000 ) ) ;
#2037 = CARTESIAN_POINT ( 'NONE',  ( 0.1466248855365978043, 1.851786846500583783, 0.9367406282026221609 ) ) ;
#2038 = CARTESIAN_POINT ( 'NONE',  ( 0.3015670383618171968, 1.362635749628514859, 0.06931188876042106151 ) ) ;
#2039 = ADVANCED_FACE ( 'NONE', ( #532 ), #1978, .T. ) ;
#2040 = CARTESIAN_POINT ( 'NONE',  ( 1.153756582925816732, 2.155852247267305177, 0.4006928153342722565 ) ) ;
#2041 = CARTESIAN_POINT ( 'NONE',  ( 0.09999999999999974187, 2.849999999999999201, 0.1000000000000000472 ) ) ;
#2042 = CARTESIAN_POINT ( 'NONE',  ( -1.157839868292736885, 1.639965617437331824, 0.4272301733782162825 ) ) ;
#2043 = ORIENTED_EDGE ( 'NONE', *, *, #685, .T. ) ;
#2044 = LINE ( 'NONE', #2026, #190 ) ;
#2045 = CARTESIAN_POINT ( 'NONE',  ( 0.000000000000000000, 2.849999999999999201, 1.250000000000000000 ) ) ;
#2046 = DIRECTION ( 'NONE',  ( 1.000000000000000000, -0.000000000000000000, -0.000000000000000000 ) ) ;
#2047 = CARTESIAN_POINT ( 'NONE',  ( -0.1071916578523587071, 1.503284083994682385, 0.2422012774904432897 ) ) ;
#2048 = ADVANCED_FACE ( 'NONE', ( #1243 ), #1992, .T. ) ;
#2049 = CARTESIAN_POINT ( 'NONE',  ( -0.1468972117344903849, 1.511634677298514529, -0.3090952482034425297 ) ) ;
#2050 = COLOUR_RGB ( '',0.7921568627450980005, 0.8196078431372548767, 0.9333333333333333481 ) ;
#2051 = CARTESIAN_POINT ( 'NONE',  ( -0.09999999999999974187, 2.849999999999999201, 0.1000000000000000472 ) ) ;
#2052 = CARTESIAN_POINT ( 'NONE',  ( 0.4783565146068956553, 1.692218046696760458, 0.7025898436974544747 ) ) ;
#2053 = AXIS2_PLACEMENT_3D ( 'NONE', #1671, #1136, #916 ) ;
#2054 = DIRECTION ( 'NONE',  ( 0.000000000000000000, 1.000000000000000000, 0.000000000000000000 ) ) ;
#2055 = CYLINDRICAL_SURFACE ( 'NONE', #1798, 1.416666666666666741 ) ;
#2056 = AXIS2_PLACEMENT_3D ( 'NONE', #969, #85, #614 ) ;
#2057 = CARTESIAN_POINT ( 'NONE',  ( -0.6757766336208730351, 1.816831491880623872, 0.7487405126334972794 ) ) ;
#2058 = CARTESIAN_POINT ( 'NONE',  ( -1.166247164223919608, 0.8185690671505836402, 0.000000000000000000 ) ) ;
#2059 = ORIENTED_EDGE ( 'NONE', *, *, #1236, .F. ) ;
#2060 = DIRECTION ( 'NONE',  ( 0.9344628985898251194, 0.000000000000000000, -0.3560605161473286984 ) ) ;
#2061 = CARTESIAN_POINT ( 'NONE',  ( -0.4002767654213916781, 2.607072642540403606, -1.220186485344873395 ) ) ;
#2062 = CARTESIAN_POINT ( 'NONE',  ( -0.3753698601273353641, 1.380143937958073552, -0.3187964138285983573 ) ) ;
#2063 = DIRECTION ( 'NONE',  ( -1.000000000000000000, 0.000000000000000000, 0.000000000000000000 ) ) ;
#2064 = CARTESIAN_POINT ( 'NONE',  ( 0.3587637475133717002, 1.621649463638336064, 0.6273347221706563337 ) ) ;
#2065 = CARTESIAN_POINT ( 'NONE',  ( 0.3019840348915986405, 1.589860597902764017, 0.5749020112264662252 ) ) ;
#2066 = CARTESIAN_POINT ( 'NONE',  ( 0.3317939219777528703, 1.516358027878540460, -0.3879109947821328119 ) ) ;
#2067 = CARTESIAN_POINT ( 'NONE',  ( -1.020959414688317191, 1.636337341021194325, 0.8910253594004143851 ) ) ;
#2068 = CARTESIAN_POINT ( 'NONE',  ( -0.09999999999999974187, 2.849999999999999201, 1.250000000000000000 ) ) ;
#2069 = B_SPLINE_CURVE_WITH_KNOTS ( 'NONE', 3,
 ( #1918, #669, #2266, #657, #1374, #1382, #502 ),
 .UNSPECIFIED., .F., .F.,
 ( 4, 3, 4 ),
 ( -7.100433878478125634E-06, 0.000000000000000000, 0.0001230858603456513477 ),
 .UNSPECIFIED. ) ;
#2070 = CARTESIAN_POINT ( 'NONE',  ( 0.7323819610924611201, 0.000000000000000000, 0.1175810785615209048 ) ) ;
#2071 = CARTESIAN_POINT ( 'NONE',  ( -1.188694953368735208, 2.162444504414863911, -0.3212735094980904704 ) ) ;
#2072 = CARTESIAN_POINT ( 'NONE',  ( 1.249999999999999778, 3.999999999999999112, 1.250000000000000000 ) ) ;
#2073 = B_SPLINE_SURFACE_WITH_KNOTS ( 'NONE', 3, 3, ( 
 ( #1873, #117, #471, #1354 ),
 ( #2271, #1185, #1910, #305 ),
 ( #1367, #1740, #840, #674 ),
 ( #142, #1555, #2284, #76 ),
 ( #1304, #1294, #54, #399 ),
 ( #1313, #910, #1834, #1674 ),
 ( #2175, #1275, #768, #944 ),
 ( #1628, #1109, #567, #2003 ),
 ( #1462, #388, #43, #1122 ),
 ( #2030, #1444, #1453, #1653 ),
 ( #748, #233, #936, #2023 ),
 ( #778, #585, #1284, #1485 ) ),
 .UNSPECIFIED., .T., .F., .F.,
 ( 4, 1, 1, 1, 2, 1, 1, 1, 4 ),
 ( 4, 4 ),
 ( 0.000000000000000000, 0.1250000000000000000, 0.2500000000000000000, 0.3750000000000000000, 0.5000000000000000000, 0.6250000000000000000, 0.7500000000000000000, 0.8750000000000000000, 1.000000000000000000 ),
 ( 0.000000000000000000, 1.000000000000000000 ),
 .UNSPECIFIED. ) ;
#2074 = CARTESIAN_POINT ( 'NONE',  ( -1.249999999999999556, 0.7500000000000005551, -0.1000000000000000472 ) ) ;
#2075 = CARTESIAN_POINT ( 'NONE',  ( 0.6757766336210216940, 1.816831491880720018, 0.7487405126335006100 ) ) ;
#2076 = CARTESIAN_POINT ( 'NONE',  ( 0.6865113979134058741, 1.628639536917035446, -0.6235303441983955919 ) ) ;
#2077 = PLANE ( 'NONE',  #1714 ) ;
#2078 = EDGE_CURVE ( 'NONE', #2155, #2107, #1394, .T. ) ;
#2079 = ORIENTED_EDGE ( 'NONE', *, *, #1263, .F. ) ;
#2080 = CARTESIAN_POINT ( 'NONE',  ( -0.2496606245907357635, 2.627750595499808384, -1.250000000000000444 ) ) ;
#2081 = CARTESIAN_POINT ( 'NONE',  ( 1.000000000000000000, 0.000000000000000000, 0.03926990785650174426 ) ) ;
#2082 = CARTESIAN_POINT ( 'NONE',  ( -0.5424662637464936488, 1.731707991270743818, -0.7273756545624896486 ) ) ;
#2083 = DIRECTION ( 'NONE',  ( 0.000000000000000000, 0.000000000000000000, 1.000000000000000000 ) ) ;
#2084 = DIRECTION ( 'NONE',  ( 6.672013369141569161E-17, -1.000000000000000000, 0.000000000000000000 ) ) ;
#2085 = DIRECTION ( 'NONE',  ( 0.000000000000000000, 0.6755589193043978202, -0.7373060060438095809 ) ) ;
#2086 = CIRCLE ( 'NONE', #295, 1.149999999999999911 ) ;
#2087 = CARTESIAN_POINT ( 'NONE',  ( 0.8056514271131951510, 1.740480473405149331, -0.6387716555690498010 ) ) ;
#2088 = ORIENTED_EDGE ( 'NONE', *, *, #152, .F. ) ;
#2089 = CIRCLE ( 'NONE', #1036, 0.1500000000000000500 ) ;
#2090 = CARTESIAN_POINT ( 'NONE',  ( -0.1467950953562938698, 1.504231224620320440, 0.2877416534398160586 ) ) ;
#2091 = VECTOR ( 'NONE', #1760, 1000.000000000000000 ) ;
#2092 = ORIENTED_EDGE ( 'NONE', *, *, #691, .T. ) ;
#2093 = DIRECTION ( 'NONE',  ( 0.000000000000000000, 0.000000000000000000, 1.000000000000000000 ) ) ;
#2094 = AXIS2_PLACEMENT_3D ( 'NONE', #1692, #1148, #1135 ) ;
#2095 = B_SPLINE_CURVE_WITH_KNOTS ( 'NONE', 3,
 ( #411, #2185, #2010, #398, #1471, #1106, #51 ),
 .UNSPECIFIED., .F., .F.,
 ( 4, 3, 4 ),
 ( -7.100433878483788896E-06, 0.000000000000000000, 0.0001230858603459808638 ),
 .UNSPECIFIED. ) ;
#2096 = VERTEX_POINT ( 'NONE', #885 ) ;
#2097 = CARTESIAN_POINT ( 'NONE',  ( 1.000000000000000000, 0.000000000000000000, -0.03926990785650168875 ) ) ;
#2098 = CARTESIAN_POINT ( 'NONE',  ( -0.8056514271126825610, 1.740480473404595774, -0.6387716555690455822 ) ) ;
#2099 = EDGE_LOOP ( 'NONE', ( #943, #1339, #1691, #1924, #195 ) ) ;
#2100 = DIRECTION ( 'NONE',  ( 0.000000000000000000, 0.000000000000000000, 1.000000000000000000 ) ) ;
#2101 = CARTESIAN_POINT ( 'NONE',  ( 0.1468972117344622408, 1.511634677298574259, 0.3090952482034441395 ) ) ;
#2102 = CARTESIAN_POINT ( 'NONE',  ( -0.3498512665724907156, 1.370760042286696567, -0.2524282696244974922 ) ) ;
#2103 = FACE_OUTER_BOUND ( 'NONE', #370, .T. ) ;
#2104 = B_SPLINE_CURVE_WITH_KNOTS ( 'NONE', 3,
 ( #1348, #1890, #286, #111, #813, #2254, #2076, #466, #1179, #124, #960, #1756, #1573, #2300, #2124, #512 ),
 .UNSPECIFIED., .F., .F.,
 ( 4, 2, 2, 2, 2, 2, 2, 4 ),
 ( 0.000000000000000000, 0.0002209393874043553876, 0.0004418787748087107752, 0.0006628181622130661357, 0.0008837575496174215504, 0.001325636324426132271, 0.001546575711830487903, 0.001767515099234843534 ),
 .UNSPECIFIED. ) ;
#2105 = VERTEX_POINT ( 'NONE', #163 ) ;
#2106 = CARTESIAN_POINT ( 'NONE',  ( -1.094983277346230244, 1.552790199972468477, 0.7811334421781989112 ) ) ;
#2107 = VERTEX_POINT ( 'NONE', #518 ) ;
#2108 = EDGE_CURVE ( 'NONE', #805, #1273, #583, .T. ) ;
#2109 = FACE_OUTER_BOUND ( 'NONE', #757, .T. ) ;
#2110 = CARTESIAN_POINT ( 'NONE',  ( -1.245602734212010398, 2.392704339344911446, -0.08785733480908822224 ) ) ;
#2111 = EDGE_CURVE ( 'NONE', #1668, #2245, #420, .T. ) ;
#2112 = CARTESIAN_POINT ( 'NONE',  ( -0.3498512665724907156, 1.370760042286696567, -0.2524282696244974922 ) ) ;
#2113 = CARTESIAN_POINT ( 'NONE',  ( -0.2414438532029708206, 2.499645174411017301, -1.248408388317480799 ) ) ;
#2114 = CARTESIAN_POINT ( 'NONE',  ( -0.09999999999999972800, 2.648051208222845787, 1.250000000000000000 ) ) ;
#2115 = EDGE_CURVE ( 'NONE', #2105, #166, #445, .T. ) ;
#2116 = CARTESIAN_POINT ( 'NONE',  ( 1.248701170233033952, 2.414787731675310578, 0.05215103824977812552 ) ) ;
#2117 = CARTESIAN_POINT ( 'NONE',  ( 1.246526082211462549, 2.403752928415131329, -0.1000000000000000472 ) ) ;
#2118 = ORIENTED_EDGE ( 'NONE', *, *, #1213, .T. ) ;
#2119 = VERTEX_POINT ( 'NONE', #1041 ) ;
#2120 = CARTESIAN_POINT ( 'NONE',  ( 0.4900629955753907918, 1.478045362229278181, 0.4272301733782165045 ) ) ;
#2121 = DIRECTION ( 'NONE',  ( 0.000000000000000000, 0.000000000000000000, -1.000000000000000000 ) ) ;
#2122 = ORIENTED_EDGE ( 'NONE', *, *, #1550, .T. ) ;
#2123 = CARTESIAN_POINT ( 'NONE',  ( -1.242448610726281322, 2.321466108783503124, -0.1185594000481445393 ) ) ;
#2124 = CARTESIAN_POINT ( 'NONE',  ( 1.242448610726333502, 2.321466108783391658, -0.1185594000463065512 ) ) ;
#2125 = CARTESIAN_POINT ( 'NONE',  ( -0.1127924713740238172, 2.514525448318516876, 1.250000000000000000 ) ) ;
#2126 = CARTESIAN_POINT ( 'NONE',  ( -1.248852292780135986, 2.431587877565983380, 0.06684498197554560039 ) ) ;
#2127 = DIRECTION ( 'NONE',  ( 4.336808689942017736E-18, 1.000000000000000000, 0.000000000000000000 ) ) ;
#2128 =( BOUNDED_SURFACE ( )  B_SPLINE_SURFACE ( 3, 2, ( 
 ( #1750, #649, #1044 ),
 ( #2244, #1006, #2258 ),
 ( #1338, #156, #1540 ),
 ( #1220, #1352, #2269 ),
 ( #315, #1942, #1183 ),
 ( #101, #802, #1727 ),
 ( #1713, #2295, #1893 ),
 ( #2283, #1386, #1738 ),
 ( #507, #683, #1519 ),
 ( #325, #2067, #828 ),
 ( #661, #2106, #1169 ),
 ( #1365, #290, #2090 ),
 ( #638, #485, #855 ),
 ( #1567, #815, #139 ) ),
 .UNSPECIFIED., .F., .F., .T. ) 
 B_SPLINE_SURFACE_WITH_KNOTS ( ( 4, 2, 2, 2, 2, 2, 4 ),
 ( 3, 3 ),
 ( -2.450439082410816878E-06, 7.012488152555638955E-05, 0.0001427002021335235956, 0.0001789878624375071782, 0.0002152755227414907880, 0.0002515631830454743978, 0.0002878508433494580076 ),
 ( 0.000000000000000000, 1.000000000000000000 ),
 .UNSPECIFIED. ) 
 GEOMETRIC_REPRESENTATION_ITEM ( )  RATIONAL_B_SPLINE_SURFACE ( (
 ( 1.000000000000000000, 1.000000000000000000, 1.000000000000000000),
 ( 1.000000000000000000, 0.9999586979513618301, 1.000000000000000000),
 ( 1.000000000000000000, 0.9901123780526704943, 1.000000000000000000),
 ( 1.000000000000000000, 0.9507152958105572482, 1.000000000000000000),
 ( 1.000000000000000000, 0.9204701585374968076, 1.000000000000000000),
 ( 1.000000000000000000, 0.8630640863577497823, 1.000000000000000000),
 ( 1.000000000000000000, 0.8416993000853263407, 1.000000000000000000),
 ( 1.000000000000000000, 0.7968926828457334466, 1.000000000000000000),
 ( 1.000000000000000000, 0.7736735626971973367, 1.000000000000000000),
 ( 1.000000000000000000, 0.7293280336678040765, 1.000000000000000000),
 ( 1.000000000000000000, 0.7085986022123768047, 1.000000000000000000),
 ( 1.000000000000000000, 0.6784749576192340426, 1.000000000000000000),
 ( 1.000000000000000000, 0.6693140673796896811, 1.000000000000000000),
 ( 1.000000000000000000, 0.6695340634119860690, 1.000000000000000000) ) ) 
 REPRESENTATION_ITEM ( '' )  SURFACE ( )  );
#2129 = CARTESIAN_POINT ( 'NONE',  ( 1.219645236280993528, 2.491437272150869298, -0.4030326652506983631 ) ) ;
#2130 = VECTOR ( 'NONE', #196, 1000.000000000000000 ) ;
#2131 = CARTESIAN_POINT ( 'NONE',  ( -0.6774852318469734014, 2.568573646777303932, 1.105730656031935322 ) ) ;
#2132 = AXIS2_PLACEMENT_3D ( 'NONE', #806, #93, #1729 ) ;
#2133 = ORIENTED_EDGE ( 'NONE', *, *, #1048, .F. ) ;
#2134 = ADVANCED_FACE ( 'NONE', ( #2150 ), #1409, .T. ) ;
#2135 = CIRCLE ( 'NONE', #227, 1.000000000000000000 ) ;
#2136 = CARTESIAN_POINT ( 'NONE',  ( -1.227191980809553939, 2.306771314712445342, 0.2260690565153539444 ) ) ;
#2137 = CARTESIAN_POINT ( 'NONE',  ( -1.246475730622402356, 2.381572272304962379, -0.07578740646716461415 ) ) ;
#2138 = DIRECTION ( 'NONE',  ( 1.000000000000000000, -7.070883733601115767E-17, 0.000000000000000000 ) ) ;
#2139 = CARTESIAN_POINT ( 'NONE',  ( -1.249999999999999778, 2.487034183642659713, 0.000000000000000000 ) ) ;
#2140 = DIRECTION ( 'NONE',  ( -0.1259239903190707000, 0.005886981988196020137, 0.9920224252027740608 ) ) ;
#2141 = DIRECTION ( 'NONE',  ( -1.000000000000000000, 0.000000000000000000, 0.000000000000000000 ) ) ;
#2142 = CARTESIAN_POINT ( 'NONE',  ( -1.248852292780142204, 2.431587877566047773, -0.06684498197610333481 ) ) ;
#2143 = VERTEX_POINT ( 'NONE', #1051 ) ;
#2144 = CARTESIAN_POINT ( 'NONE',  ( -1.249999999999997558, 1.651753729359039857, -0.1427297705227406621 ) ) ;
#2145 = EDGE_CURVE ( 'NONE', #92, #900, #609, .T. ) ;
#2146 = CARTESIAN_POINT ( 'NONE',  ( -0.3016272523240620673, 1.499726713758037233, 0.3277482908887238144 ) ) ;
#2147 = CARTESIAN_POINT ( 'NONE',  ( -0.2184108690300892164, 1.491336510844223806, -0.08063120517903188400 ) ) ;
#2148 = CARTESIAN_POINT ( 'NONE',  ( -1.086676002851189038, 2.510558919149451729, -0.6967050976528019746 ) ) ;
#2149 = CARTESIAN_POINT ( 'NONE',  ( -1.249988553687928050, 2.481012685249569749, -0.004363745325950850115 ) ) ;
#2150 = FACE_OUTER_BOUND ( 'NONE', #1056, .T. ) ;
#2151 = CARTESIAN_POINT ( 'NONE',  ( 0.7000000000000000666, 0.000000000000000000, 0.000000000000000000 ) ) ;
#2152 = ORIENTED_EDGE ( 'NONE', *, *, #618, .T. ) ;
#2153 = CARTESIAN_POINT ( 'NONE',  ( -1.000000000000000000, 0.000000000000000000, 0.03926990785650174426 ) ) ;
#2154 = CARTESIAN_POINT ( 'NONE',  ( -1.219645236280993750, 2.491437272150870186, 0.4030326652506983631 ) ) ;
#2155 = VERTEX_POINT ( 'NONE', #1612 ) ;
#2156 = CARTESIAN_POINT ( 'NONE',  ( -1.224697716420758420, 2.283514693082832281, 0.2105690966518889151 ) ) ;
#2157 = CARTESIAN_POINT ( 'NONE',  ( 0.09999999999999972800, 2.648051208222845787, 1.250000000000000000 ) ) ;
#2158 = B_SPLINE_CURVE_WITH_KNOTS ( 'NONE', 3,
 ( #1655, #1445, #1835, #1276 ),
 .UNSPECIFIED., .F., .F.,
 ( 4, 4 ),
 ( 1.714274154578467395E-19, 0.0001895494124649374057 ),
 .UNSPECIFIED. ) ;
#2159 = CARTESIAN_POINT ( 'NONE',  ( -0.8921544729305836974, 2.538282293949399193, -0.9367406265415130218 ) ) ;
#2160 = CARTESIAN_POINT ( 'NONE',  ( -1.246475730621795508, 2.381572272319176342, 0.07578740647630864691 ) ) ;
#2161 = DIRECTION ( 'NONE',  ( 0.000000000000000000, 0.000000000000000000, 1.000000000000000000 ) ) ;
#2162 = CARTESIAN_POINT ( 'NONE',  ( 1.250000000000000000, 2.487034183642660157, 4.065758146815711247E-17 ) ) ;
#2163 = EDGE_LOOP ( 'NONE', ( #920, #673, #2314 ) ) ;
#2164 = FACE_OUTER_BOUND ( 'NONE', #220, .T. ) ;
#2165 = ORIENTED_EDGE ( 'NONE', *, *, #2189, .T. ) ;
#2166 = STYLED_ITEM ( 'NONE', ( #871 ), #407 ) ;
#2167 = CARTESIAN_POINT ( 'NONE',  ( -0.7935878560535005732, 1.729198694296915750, 0.6397321782782765531 ) ) ;
#2168 = CIRCLE ( 'NONE', #1260, 1.149999999999999911 ) ;
#2169 = CARTESIAN_POINT ( 'NONE',  ( -0.4034081221122428618, 1.560239316956361755, 0.4933325729565175011 ) ) ;
#2170 = CARTESIAN_POINT ( 'NONE',  ( -0.3979028638681293417, 1.466257250307571258, 0.1427297705227406344 ) ) ;
#2171 = AXIS2_PLACEMENT_3D ( 'NONE', #368, #2177, #1630 ) ;
#2172 = DIRECTION ( 'NONE',  ( 0.9344628985898423279, 0.000000000000000000, -0.3560605161472833458 ) ) ;
#2173 = AXIS2_PLACEMENT_3D ( 'NONE', #2203, #2192, #591 ) ;
#2174 = CARTESIAN_POINT ( 'NONE',  ( 1.249999999999999778, 2.849999999999999201, 0.1000000000000000472 ) ) ;
#2175 = CARTESIAN_POINT ( 'NONE',  ( 0.6999999999999998446, 0.000000000000000000, 0.03926990785650170263 ) ) ;
#2176 = CARTESIAN_POINT ( 'NONE',  ( 1.249999999999997558, 1.651753729359039857, 0.000000000000000000 ) ) ;
#2177 = DIRECTION ( 'NONE',  ( 1.000000000000000000, -0.000000000000000000, 7.070883733601115767E-17 ) ) ;
#2178 = CARTESIAN_POINT ( 'NONE',  ( 1.248852292780125772, 2.431587877565862588, 0.06684498197544923304 ) ) ;
#2179 = EDGE_CURVE ( 'NONE', #1662, #2096, #1679, .T. ) ;
#2180 = CARTESIAN_POINT ( 'NONE',  ( -1.227296133777911358, 2.259775642235807069, 0.1958322446283084495 ) ) ;
#2181 = CARTESIAN_POINT ( 'NONE',  ( -0.9331235821119601148, 0.5675239515546879332, 0.3855553466739181645 ) ) ;
#2182 = CARTESIAN_POINT ( 'NONE',  ( 0.3924485763773482572, 2.336970323397000282, -1.237939431919724331 ) ) ;
#2183 = EDGE_CURVE ( 'NONE', #452, #381, #742, .T. ) ;
#2184 = ADVANCED_BREP_SHAPE_REPRESENTATION ( 'MF52A1103F3380', ( #384, #407, #1149, #2094 ), #1191 ) ;
#2185 = CARTESIAN_POINT ( 'NONE',  ( -1.249999999999999778, 2.485526061291712274, 0.001824105992106547216 ) ) ;
#2186 = CARTESIAN_POINT ( 'NONE',  ( -0.6982758620689648588, 1.989716766337283893, -0.8239401460951047973 ) ) ;
#2187 = DIRECTION ( 'NONE',  ( -0.000000000000000000, -1.000000000000000000, -0.000000000000000000 ) ) ;
#2188 = CARTESIAN_POINT ( 'NONE',  ( 0.05542137404870818573, 1.498956315607674838, 0.03333333333312405583 ) ) ;
#2189 = EDGE_CURVE ( 'NONE', #1182, #560, #1949, .T. ) ;
#2190 = CARTESIAN_POINT ( 'NONE',  ( 0.8482007642586228968, 1.779796456267934923, 0.6334542351123177983 ) ) ;
#2191 = CARTESIAN_POINT ( 'NONE',  ( -0.2109592249977801925, 1.541052803831037599, 0.4541340902681730296 ) ) ;
#2192 = DIRECTION ( 'NONE',  ( 6.672013369141569161E-17, 1.000000000000000000, 0.000000000000000000 ) ) ;
#2193 = CARTESIAN_POINT ( 'NONE',  ( -0.6999999999999998446, 0.3164788359587915045, 0.09099983918962116503 ) ) ;
#2194 = CARTESIAN_POINT ( 'NONE',  ( 1.212316722492827514, 1.420255868797458465, -0.4822545038535476225 ) ) ;
#2195 = ORIENTED_EDGE ( 'NONE', *, *, #859, .T. ) ;
#2196 = SURFACE_STYLE_USAGE ( .BOTH. , #605 ) ;
#2197 = EDGE_CURVE ( 'NONE', #1730, #1662, #390, .T. ) ;
#2198 = DIRECTION ( 'NONE',  ( 0.000000000000000000, 0.000000000000000000, 1.000000000000000000 ) ) ;
#2199 = CARTESIAN_POINT ( 'NONE',  ( 1.249999999999999778, 2.487034183642660157, 2.032879073410320814E-17 ) ) ;
#2200 = CARTESIAN_POINT ( 'NONE',  ( 0.7935878560542254379, 1.729198694297606309, 0.6397321782782774413 ) ) ;
#2201 = CARTESIAN_POINT ( 'NONE',  ( -1.227402671224470110, 2.307382899582959723, 0.2251053489068302327 ) ) ;
#2202 =( BOUNDED_SURFACE ( )  B_SPLINE_SURFACE ( 3, 2, ( 
 ( #1091, #216, #914 ),
 ( #2178, #570, #1829 ),
 ( #1646, #1279, #2006 ),
 ( #393, #1101, #224 ) ),
 .UNSPECIFIED., .F., .F., .F. ) 
 B_SPLINE_SURFACE_WITH_KNOTS ( ( 4, 4 ),
 ( 3, 3 ),
 ( -5.421010862427522170E-20, 0.0001474545925828065157 ),
 ( 0.000000000000000000, 1.000000000000000000 ),
 .UNSPECIFIED. ) 
 GEOMETRIC_REPRESENTATION_ITEM ( )  RATIONAL_B_SPLINE_SURFACE ( (
 ( 1.000000000000000000, 0.9985013301535162755, 1.000000000000000000),
 ( 1.000000000000000000, 0.9995010322424717764, 1.000000000000000000),
 ( 1.000000000000000000, 0.9999997602758958770, 1.000000000000000000),
 ( 1.000000000000000000, 1.000000000000000000, 1.000000000000000000) ) ) 
 REPRESENTATION_ITEM ( '' )  SURFACE ( )  );
#2203 = CARTESIAN_POINT ( 'NONE',  ( 0.09999999999999957534, 0.08333333333333325932, 0.1000000000000000472 ) ) ;
#2204 = CARTESIAN_POINT ( 'NONE',  ( -1.000000000000000000, 0.000000000000000000, 0.03926990785650174426 ) ) ;
#2205 = CARTESIAN_POINT ( 'NONE',  ( 1.042573604851196212, 2.516874550885151773, -0.7633677765802107107 ) ) ;
#2206 = CARTESIAN_POINT ( 'NONE',  ( 0.3924485763773478131, 2.336970323397000282, 1.237939431919716116 ) ) ;
#2207 = AXIS2_PLACEMENT_3D ( 'NONE', #1840, #2222, #247 ) ;
#2208 = AXIS2_PLACEMENT_3D ( 'NONE', #621, #1325, #1689 ) ;
#2209 = CARTESIAN_POINT ( 'NONE',  ( -0.09999999999999972800, 2.648051208222845787, -1.250000000000000000 ) ) ;
#2210 = CARTESIAN_POINT ( 'NONE',  ( 1.242437474744691572, 2.321299900382438164, 0.1186776751784880957 ) ) ;
#2211 = FACE_OUTER_BOUND ( 'NONE', #2261, .T. ) ;
#2212 = FILL_AREA_STYLE ('',( #1670 ) ) ;
#2213 = CARTESIAN_POINT ( 'NONE',  ( -1.249999999999999778, 2.487034183642660157, 0.1944597018558601731 ) ) ;
#2214 = ADVANCED_FACE ( 'NONE', ( #2109 ), #1498, .T. ) ;
#2215 = CARTESIAN_POINT ( 'NONE',  ( 0.8770893251412372749, 1.798318232294918717, -1.046964742625779987 ) ) ;
#2216 = FILL_AREA_STYLE ('',( #1461 ) ) ;
#2217 = ORIENTED_EDGE ( 'NONE', *, *, #551, .F. ) ;
#2218 = DIRECTION ( 'NONE',  ( -0.000000000000000000, -0.000000000000000000, -1.000000000000000000 ) ) ;
#2219 = CARTESIAN_POINT ( 'NONE',  ( 0.9588229580947216224, 1.884507277778760814, 0.5928674372156027550 ) ) ;
#2220 = CYLINDRICAL_SURFACE ( 'NONE', #2208, 1.149999999999999911 ) ;
#2221 = VERTEX_POINT ( 'NONE', #1388 ) ;
#2222 = DIRECTION ( 'NONE',  ( 0.000000000000000000, 1.000000000000000000, 0.000000000000000000 ) ) ;
#2223 = DIRECTION ( 'NONE',  ( -0.000000000000000000, -1.000000000000000000, -0.000000000000000000 ) ) ;
#2224 = EDGE_LOOP ( 'NONE', ( #1530, #2059 ) ) ;
#2225 = CARTESIAN_POINT ( 'NONE',  ( 0.6053591978988484001, 2.578632451369332834, 1.141322464785765600 ) ) ;
#2226 =( BOUNDED_SURFACE ( )  B_SPLINE_SURFACE ( 3, 2, ( 
 ( #1774, #18, #1979 ),
 ( #519, #1232, #2311 ),
 ( #1430, #1218, #1939 ),
 ( #2162, #1264, #1993 ) ),
 .UNSPECIFIED., .F., .F., .T. ) 
 B_SPLINE_SURFACE_WITH_KNOTS ( ( 4, 4 ),
 ( 3, 3 ),
 ( 0.000000000000000000, 0.0001474545925823515303 ),
 ( 0.000000000000000000, 1.000000000000000000 ),
 .UNSPECIFIED. ) 
 GEOMETRIC_REPRESENTATION_ITEM ( )  RATIONAL_B_SPLINE_SURFACE ( (
 ( 1.000000000000000000, 0.9985013301535240471, 1.000000000000000000),
 ( 1.000000000000000000, 0.9995010322424719984, 1.000000000000000000),
 ( 1.000000000000000000, 0.9999997602758973203, 1.000000000000000000),
 ( 1.000000000000000000, 1.000000000000000000, 1.000000000000000000) ) ) 
 REPRESENTATION_ITEM ( '' )  SURFACE ( )  );
#2227 = CARTESIAN_POINT ( 'NONE',  ( 1.045708509392293983, 2.077116231767974330, -0.5987840721612831540 ) ) ;
#2228 = CARTESIAN_POINT ( 'NONE',  ( 0.2118901941971629566, 1.541529156842962101, 0.4557420725467082323 ) ) ;
#2229 = DIRECTION ( 'NONE',  ( -1.000000000000000000, 0.000000000000000000, 0.000000000000000000 ) ) ;
#2230 = ORIENTED_EDGE ( 'NONE', *, *, #372, .F. ) ;
#2231 = PRESENTATION_STYLE_ASSIGNMENT (( #1503 ) ) ;
#2232 = CYLINDRICAL_SURFACE ( 'NONE', #2173, 1.149999999999999911 ) ;
#2233 = DIRECTION ( 'NONE',  ( 0.000000000000000000, 1.000000000000000000, 0.000000000000000000 ) ) ;
#2234 = CARTESIAN_POINT ( 'NONE',  ( -0.5946327332384755415, 1.689206930437865628, -0.6391678400392289960 ) ) ;
#2235 = B_SPLINE_CURVE_WITH_KNOTS ( 'NONE', 3,
 ( #1708, #988, #108, #643 ),
 .UNSPECIFIED., .F., .F.,
 ( 4, 4 ),
 ( 8.131516293641283255E-20, 0.0002000000000000001722 ),
 .UNSPECIFIED. ) ;
#2236 = CARTESIAN_POINT ( 'NONE',  ( 1.244082121349526560, 2.374509003874450297, -0.1275650030616583275 ) ) ;
#2237 = CARTESIAN_POINT ( 'NONE',  ( -1.545483906875477764, 2.378768551846575541, -0.09999999999593892075 ) ) ;
#2238 = CARTESIAN_POINT ( 'NONE',  ( 0.5435477477986121464, 1.732380060701289803, 0.7277487834911197107 ) ) ;
#2239 = ADVANCED_FACE ( 'NONE', ( #664 ), #1531, .F. ) ;
#2240 = DIRECTION ( 'NONE',  ( -1.000000000000000000, 0.000000000000000000, 0.000000000000000000 ) ) ;
#2241 = CARTESIAN_POINT ( 'NONE',  ( 1.153461241382621294, 2.155475211041002037, -0.4012472852161534931 ) ) ;
#2242 = AXIS2_PLACEMENT_3D ( 'NONE', #1467, #418, #1126 ) ;
#2243 = ORIENTED_EDGE ( 'NONE', *, *, #853, .T. ) ;
#2244 = CARTESIAN_POINT ( 'NONE',  ( -0.2302170042630416746, 2.630385142793508546, 1.250000000000000222 ) ) ;
#2245 = VERTEX_POINT ( 'NONE', #13 ) ;
#2246 = CARTESIAN_POINT ( 'NONE',  ( 0.05214752552927238993, 1.198781709559511244, 0.09999999999982145393 ) ) ;
#2247 = VERTEX_POINT ( 'NONE', #722 ) ;
#2248 = CARTESIAN_POINT ( 'NONE',  ( 1.166247164223919608, 0.8185690671505836402, 0.000000000000000000 ) ) ;
#2249 = CARTESIAN_POINT ( 'NONE',  ( -0.4773504127594911939, 1.691608471474352449, -0.7021150828201161431 ) ) ;
#2250 = EDGE_CURVE ( 'NONE', #2245, #1283, #671, .T. ) ;
#2251 = CARTESIAN_POINT ( 'NONE',  ( 0.5363197384814851754, 1.726345143433988483, -0.7398165406225848395 ) ) ;
#2252 = CARTESIAN_POINT ( 'NONE',  ( 0.6750824509224618852, 1.816386034762020651, 0.7486530075426379716 ) ) ;
#2253 = FACE_OUTER_BOUND ( 'NONE', #357, .T. ) ;
#2254 = CARTESIAN_POINT ( 'NONE',  ( 0.6342287495907401595, 1.581032597272163276, -0.6024037579842123069 ) ) ;
#2255 = CARTESIAN_POINT ( 'NONE',  ( 0.3753698601273526281, 1.380143937958108191, -0.3187964138286823457 ) ) ;
#2256 = UNCERTAINTY_MEASURE_WITH_UNIT (LENGTH_MEASURE( 1.000000000000000082E-05 ), #1292, 'distance_accuracy_value', 'NONE');
#2257 = ORIENTED_EDGE ( 'NONE', *, *, #2013, .F. ) ;
#2258 = CARTESIAN_POINT ( 'NONE',  ( -0.1125673217058089370, 2.517243068347171597, 1.250000000000000666 ) ) ;
#2259 = ORIENTED_EDGE ( 'NONE', *, *, #2111, .F. ) ;
#2260 = CARTESIAN_POINT ( 'NONE',  ( -0.2956371031849291953, 1.365139030794969566, -1.696609491225957445E-11 ) ) ;
#2261 = EDGE_LOOP ( 'NONE', ( #730, #925, #1871, #327, #1022, #202 ) ) ;
#2262 = CARTESIAN_POINT ( 'NONE',  ( 0.1167164591779581845, 1.218183161579799112, -0.3636418346912995148 ) ) ;
#2263 = CARTESIAN_POINT ( 'NONE',  ( -0.9286209911562340880, 1.989403549259542991, -0.6766927355133167676 ) ) ;
#2264 = CARTESIAN_POINT ( 'NONE',  ( 1.249988553684011627, 2.481012685455579181, -0.004363745620195794497 ) ) ;
#2265 = CARTESIAN_POINT ( 'NONE',  ( 0.8769433871385065027, 1.898231332256292925, 0.6486162423547709999 ) ) ;
#2266 = CARTESIAN_POINT ( 'NONE',  ( 1.249996589996001939, 2.484018299335555735, -0.003648513206265915736 ) ) ;
#2267 = CARTESIAN_POINT ( 'NONE',  ( 0.6578420417601980041, 1.602482914066548636, -0.6123726315272077780 ) ) ;
#2268 = B_SPLINE_CURVE_WITH_KNOTS ( 'NONE', 3,
 ( #356, #1848, #1142, #244, #414, #89, #1865 ),
 .UNSPECIFIED., .F., .F.,
 ( 4, 3, 4 ),
 ( 0.000000000000000000, 0.0001230858603459819751, 0.0001301862942244653922 ),
 .UNSPECIFIED. ) ;
#2269 = CARTESIAN_POINT ( 'NONE',  ( -0.1375127342872094760, 2.140102743429292520, 1.141322466456297757 ) ) ;
#2270 = ORIENTED_EDGE ( 'NONE', *, *, #691, .F. ) ;
#2271 = CARTESIAN_POINT ( 'NONE',  ( 1.000000000000000000, 0.000000000000000000, -0.03926990785650168875 ) ) ;
#2272 = CARTESIAN_POINT ( 'NONE',  ( 0.7485458709196094462, 0.3735406408779022303, 0.2724056259698687255 ) ) ;
#2273 = CARTESIAN_POINT ( 'NONE',  ( -0.7622890167302283082, 1.811484863040180970, -0.6716947056154629614 ) ) ;
#2274 = ORIENTED_EDGE ( 'NONE', *, *, #547, .T. ) ;
#2275 = CARTESIAN_POINT ( 'NONE',  ( 1.248701170232928259, 2.414787731673783799, -0.05215103824988605308 ) ) ;
#2276 = DIRECTION ( 'NONE',  ( 0.000000000000000000, 0.6755589193178400675, -0.7373060060314929887 ) ) ;
#2277 =( BOUNDED_SURFACE ( )  B_SPLINE_SURFACE ( 3, 2, ( 
 ( #1137, #1319, #1492 ),
 ( #2047, #1860, #260 ),
 ( #1784, #335, #1801 ),
 ( #1965, #1602, #183 ) ),
 .UNSPECIFIED., .F., .F., .T. ) 
 B_SPLINE_SURFACE_WITH_KNOTS ( ( 4, 4 ),
 ( 3, 3 ),
 ( 6.938893903907228378E-18, 0.0002730215292345933515 ),
 ( 0.000000000000000000, 1.000000000000000000 ),
 .UNSPECIFIED. ) 
 GEOMETRIC_REPRESENTATION_ITEM ( )  RATIONAL_B_SPLINE_SURFACE ( (
 ( 1.000000000000000000, 0.9063860508969525664, 1.000000000000000000),
 ( 1.000000000000000000, 0.8971397358373850439, 1.000000000000000000),
 ( 1.000000000000000000, 0.8904514536619122511, 1.000000000000000000),
 ( 1.000000000000000000, 0.8900589728457808381, 1.000000000000000000) ) ) 
 REPRESENTATION_ITEM ( '' )  SURFACE ( )  );
#2278 = DIRECTION ( 'NONE',  ( 0.9344628985898406626, 0.000000000000000000, 0.3560605161472879532 ) ) ;
#2279 = CARTESIAN_POINT ( 'NONE',  ( 1.081733977334726093, 2.113978308759199898, -0.5422605435185956502 ) ) ;
#2280 = EDGE_CURVE ( 'NONE', #2119, #1521, #928, .T. ) ;
#2281 = AXIS2_PLACEMENT_3D ( 'NONE', #867, #1957, #1606 ) ;
#2282 = ORIENTED_EDGE ( 'NONE', *, *, #938, .T. ) ;
#2283 = CARTESIAN_POINT ( 'NONE',  ( -1.042573604851195324, 2.516874550885151773, 0.7633677765802115989 ) ) ;
#2284 = CARTESIAN_POINT ( 'NONE',  ( 0.8239514319340628390, 1.559005489833306557, -0.6047477463845118972 ) ) ;
#2285 = VECTOR ( 'NONE', #1193, 1000.000000000000000 ) ;
#2286 = CARTESIAN_POINT ( 'NONE',  ( 1.157839868292736663, 1.639965617437330714, -0.4272301733782155608 ) ) ;
#2287 = CARTESIAN_POINT ( 'NONE',  ( -1.081733977333972030, 2.113978308758573288, -0.5422605435195769763 ) ) ;
#2288 = ADVANCED_FACE ( 'NONE', ( #69 ), #850, .T. ) ;
#2289 = CARTESIAN_POINT ( 'NONE',  ( -0.3761537691223374447, 1.380432194527615897, 0.3208351737645115942 ) ) ;
#2290 = CARTESIAN_POINT ( 'NONE',  ( -0.6836526144912840053, 2.015066976296151058, -1.165419568117304738 ) ) ;
#2291 = CARTESIAN_POINT ( 'NONE',  ( -1.249862838236876827, 2.447948204198022726, 0.02831414226235174497 ) ) ;
#2292 = DIRECTION ( 'NONE',  ( -1.000000000000000000, 0.000000000000000000, 0.000000000000000000 ) ) ;
#2293 = CARTESIAN_POINT ( 'NONE',  ( 0.6741534951178386192, 1.815776562257893856, -0.7486801795559830941 ) ) ;
#2294 = ORIENTED_EDGE ( 'NONE', *, *, #685, .F. ) ;
#2295 = CARTESIAN_POINT ( 'NONE',  ( -0.6836526144912775660, 2.015066976296157719, 1.165419568117307625 ) ) ;
#2296 = EDGE_LOOP ( 'NONE', ( #27, #67, #868, #1737, #1652, #1932, #126 ) ) ;
#2297 = CARTESIAN_POINT ( 'NONE',  ( 1.249999999999999778, 2.487034183642660157, 0.1944597018558601731 ) ) ;
#2298 = CARTESIAN_POINT ( 'NONE',  ( -0.2184108690300766709, 1.491336510844225360, 0.08063120517896481265 ) ) ;
#2299 = CARTESIAN_POINT ( 'NONE',  ( -0.8471429607056336630, 1.778806845863096786, -0.6337340834717964944 ) ) ;
#2300 = CARTESIAN_POINT ( 'NONE',  ( 1.233114265593971970, 2.275283201162182412, -0.1765282026568082141 ) ) ;
#2301 = CARTESIAN_POINT ( 'NONE',  ( -1.250000000000000666, 1.377633791192202972, -0.09999999999576704435 ) ) ;
#2302 = DIRECTION ( 'NONE',  ( 1.000000000000000000, 0.000000000000000000, 0.000000000000000000 ) ) ;
#2303 = CARTESIAN_POINT ( 'NONE',  ( -1.000000000000000000, 0.000000000000000000, 1.524659305057740610E-17 ) ) ;
#2304 = CARTESIAN_POINT ( 'NONE',  ( 1.000000000000000000, 0.000000000000000000, 1.524659305057740610E-17 ) ) ;
#2305 = CARTESIAN_POINT ( 'NONE',  ( -1.246475730621795730, 2.381572272319171013, -0.07578740647630835547 ) ) ;
#2306 = ORIENTED_EDGE ( 'NONE', *, *, #618, .F. ) ;
#2307 = CARTESIAN_POINT ( 'NONE',  ( -0.9332330840779595738, 1.942544282093810804, 0.6239034672757214350 ) ) ;
#2308 = CARTESIAN_POINT ( 'NONE',  ( -1.212316722492837062, 1.420255868797447807, -0.4822545038535172579 ) ) ;
#2309 = CARTESIAN_POINT ( 'NONE',  ( 0.1468972117344393424, 1.511634677298575147, -0.3090952482034337589 ) ) ;
#2310 = CARTESIAN_POINT ( 'NONE',  ( -1.239836880090413374, 2.351009859882976283, -0.1601402915901506963 ) ) ;
#2311 = CARTESIAN_POINT ( 'NONE',  ( 1.248852292780163076, 2.431587877566380396, -0.06684498197561428157 ) ) ;
#2312 = ADVANCED_FACE ( 'NONE', ( #1830 ), #2232, .T. ) ;
#2313 = AXIS2_PLACEMENT_3D ( 'NONE', #1216, #1347, #1194 ) ;
#2314 = ORIENTED_EDGE ( 'NONE', *, *, #271, .F. ) ;
#2315 = CARTESIAN_POINT ( 'NONE',  ( -0.09999999999999974187, 2.849999999999999201, -0.1000000000000000472 ) ) ;
#2316 = VECTOR ( 'NONE', #203, 1000.000000000000000 ) ;
#2317 = ORIENTED_EDGE ( 'NONE', *, *, #288, .F. ) ;
#2318 = CIRCLE ( 'NONE', #1556, 1.149999999999999911 ) ;
ENDSEC;
END-ISO-10303-21;
