ISO-10303-21;
HEADER;
FILE_DESCRIPTION(('FreeCAD Model'),'2;1');
FILE_NAME('C:/Users/Lucas y Rebe/Desktop/boton.step',
  '2020-07-13T13:42:26',('Author'),(''),
  'Open CASCADE STEP processor 7.3','FreeCAD','Unknown');
FILE_SCHEMA(('AUTOMOTIVE_DESIGN { 1 0 10303 214 1 1 1 1 }'));
ENDSEC;
DATA;
#1 = APPLICATION_PROTOCOL_DEFINITION('international standard',
  'automotive_design',2000,#2);
#2 = APPLICATION_CONTEXT(
  'core data for automotive mechanical design processes');
#3 = SHAPE_DEFINITION_REPRESENTATION(#4,#10);
#4 = PRODUCT_DEFINITION_SHAPE('','',#5);
#5 = PRODUCT_DEFINITION('design','',#6,#9);
#6 = PRODUCT_DEFINITION_FORMATION('','',#7);
#7 = PRODUCT('Pad004','Pad004','',(#8));
#8 = PRODUCT_CONTEXT('',#2,'mechanical');
#9 = PRODUCT_DEFINITION_CONTEXT('part definition',#2,'design');
#10 = ADVANCED_BREP_SHAPE_REPRESENTATION('',(#11,#15),#2449);
#11 = AXIS2_PLACEMENT_3D('',#12,#13,#14);
#12 = CARTESIAN_POINT('',(0.,0.,0.));
#13 = DIRECTION('',(0.,0.,1.));
#14 = DIRECTION('',(1.,0.,-0.));
#15 = MANIFOLD_SOLID_BREP('',#16);
#16 = CLOSED_SHELL('',(#17,#109,#163,#537,#541,#615,#669,#723,#776,#829,
    #883,#937,#969,#1024,#1079,#1134,#1189,#1265,#1318,#1371,#1425,#1479
    ,#1532,#1585,#1617,#1671,#1725,#1779,#1833,#1909,#1959,#2009,#2058,
    #2107,#2161,#2215,#2242,#2246,#2250,#2254,#2258,#2331,#2386,#2441,
    #2445));
#17 = ADVANCED_FACE('',(#18),#32,.T.);
#18 = FACE_BOUND('',#19,.F.);
#19 = EDGE_LOOP('',(#20,#50,#77,#78));
#20 = ORIENTED_EDGE('',*,*,#21,.T.);
#21 = EDGE_CURVE('',#22,#24,#26,.T.);
#22 = VERTEX_POINT('',#23);
#23 = CARTESIAN_POINT('',(-1.6,-2.1,3.5));
#24 = VERTEX_POINT('',#25);
#25 = CARTESIAN_POINT('',(-1.6,-2.1,3.65));
#26 = SEAM_CURVE('',#27,(#31,#43),.PCURVE_S1.);
#27 = LINE('',#28,#29);
#28 = CARTESIAN_POINT('',(-1.6,-2.1,3.5));
#29 = VECTOR('',#30,1.);
#30 = DIRECTION('',(-1.026093789309E-32,-1.026093789309E-32,1.));
#31 = PCURVE('',#32,#37);
#32 = CYLINDRICAL_SURFACE('',#33,0.5);
#33 = AXIS2_PLACEMENT_3D('',#34,#35,#36);
#34 = CARTESIAN_POINT('',(-2.1,-2.1,3.5));
#35 = DIRECTION('',(1.026093789309E-32,1.026093789309E-32,-1.));
#36 = DIRECTION('',(1.,-1.052868464459E-64,1.026093789309E-32));
#37 = DEFINITIONAL_REPRESENTATION('',(#38),#42);
#38 = LINE('',#39,#40);
#39 = CARTESIAN_POINT('',(-0.,0.));
#40 = VECTOR('',#41,1.);
#41 = DIRECTION('',(-0.,-1.));
#42 = ( GEOMETRIC_REPRESENTATION_CONTEXT(2) 
PARAMETRIC_REPRESENTATION_CONTEXT() REPRESENTATION_CONTEXT('2D SPACE',''
  ) );
#43 = PCURVE('',#32,#44);
#44 = DEFINITIONAL_REPRESENTATION('',(#45),#49);
#45 = LINE('',#46,#47);
#46 = CARTESIAN_POINT('',(-6.28318530718,0.));
#47 = VECTOR('',#48,1.);
#48 = DIRECTION('',(-0.,-1.));
#49 = ( GEOMETRIC_REPRESENTATION_CONTEXT(2) 
PARAMETRIC_REPRESENTATION_CONTEXT() REPRESENTATION_CONTEXT('2D SPACE',''
  ) );
#50 = ORIENTED_EDGE('',*,*,#51,.T.);
#51 = EDGE_CURVE('',#24,#24,#52,.T.);
#52 = SURFACE_CURVE('',#53,(#58,#65),.PCURVE_S1.);
#53 = CIRCLE('',#54,0.5);
#54 = AXIS2_PLACEMENT_3D('',#55,#56,#57);
#55 = CARTESIAN_POINT('',(-2.1,-2.1,3.65));
#56 = DIRECTION('',(0.,0.,1.));
#57 = DIRECTION('',(1.,0.,0.));
#58 = PCURVE('',#32,#59);
#59 = DEFINITIONAL_REPRESENTATION('',(#60),#64);
#60 = LINE('',#61,#62);
#61 = CARTESIAN_POINT('',(-0.,-0.15));
#62 = VECTOR('',#63,1.);
#63 = DIRECTION('',(-1.,0.));
#64 = ( GEOMETRIC_REPRESENTATION_CONTEXT(2) 
PARAMETRIC_REPRESENTATION_CONTEXT() REPRESENTATION_CONTEXT('2D SPACE',''
  ) );
#65 = PCURVE('',#66,#71);
#66 = TOROIDAL_SURFACE('',#67,0.4,0.1);
#67 = AXIS2_PLACEMENT_3D('',#68,#69,#70);
#68 = CARTESIAN_POINT('',(-2.1,-2.1,3.65));
#69 = DIRECTION('',(0.,0.,1.));
#70 = DIRECTION('',(1.,0.,0.));
#71 = DEFINITIONAL_REPRESENTATION('',(#72),#76);
#72 = LINE('',#73,#74);
#73 = CARTESIAN_POINT('',(0.,0.));
#74 = VECTOR('',#75,1.);
#75 = DIRECTION('',(1.,0.));
#76 = ( GEOMETRIC_REPRESENTATION_CONTEXT(2) 
PARAMETRIC_REPRESENTATION_CONTEXT() REPRESENTATION_CONTEXT('2D SPACE',''
  ) );
#77 = ORIENTED_EDGE('',*,*,#21,.F.);
#78 = ORIENTED_EDGE('',*,*,#79,.F.);
#79 = EDGE_CURVE('',#22,#22,#80,.T.);
#80 = SURFACE_CURVE('',#81,(#86,#93),.PCURVE_S1.);
#81 = CIRCLE('',#82,0.5);
#82 = AXIS2_PLACEMENT_3D('',#83,#84,#85);
#83 = CARTESIAN_POINT('',(-2.1,-2.1,3.5));
#84 = DIRECTION('',(-1.026093789309E-32,-1.026093789309E-32,1.));
#85 = DIRECTION('',(1.,-1.052868464459E-64,1.026093789309E-32));
#86 = PCURVE('',#32,#87);
#87 = DEFINITIONAL_REPRESENTATION('',(#88),#92);
#88 = LINE('',#89,#90);
#89 = CARTESIAN_POINT('',(-0.,0.));
#90 = VECTOR('',#91,1.);
#91 = DIRECTION('',(-1.,0.));
#92 = ( GEOMETRIC_REPRESENTATION_CONTEXT(2) 
PARAMETRIC_REPRESENTATION_CONTEXT() REPRESENTATION_CONTEXT('2D SPACE',''
  ) );
#93 = PCURVE('',#94,#99);
#94 = PLANE('',#95);
#95 = AXIS2_PLACEMENT_3D('',#96,#97,#98);
#96 = CARTESIAN_POINT('',(1.432545838226E-16,1.432545838226E-16,3.5));
#97 = DIRECTION('',(1.026093789309E-32,1.026093789309E-32,-1.));
#98 = DIRECTION('',(-1.,0.,-1.026093789309E-32));
#99 = DEFINITIONAL_REPRESENTATION('',(#100),#108);
#100 = ( BOUNDED_CURVE() B_SPLINE_CURVE(2,(#101,#102,#103,#104,#105,#106
,#107),.UNSPECIFIED.,.T.,.F.) B_SPLINE_CURVE_WITH_KNOTS((1,2,2,2,2,1),(
    -2.094395102393,0.,2.094395102393,4.188790204786,6.28318530718,
8.377580409573),.UNSPECIFIED.) CURVE() GEOMETRIC_REPRESENTATION_ITEM() 
RATIONAL_B_SPLINE_CURVE((1.,0.5,1.,0.5,1.,0.5,1.)) REPRESENTATION_ITEM(
  '') );
#101 = CARTESIAN_POINT('',(1.6,-2.1));
#102 = CARTESIAN_POINT('',(1.6,-1.233974596216));
#103 = CARTESIAN_POINT('',(2.35,-1.666987298108));
#104 = CARTESIAN_POINT('',(3.1,-2.1));
#105 = CARTESIAN_POINT('',(2.35,-2.533012701892));
#106 = CARTESIAN_POINT('',(1.6,-2.966025403784));
#107 = CARTESIAN_POINT('',(1.6,-2.1));
#108 = ( GEOMETRIC_REPRESENTATION_CONTEXT(2) 
PARAMETRIC_REPRESENTATION_CONTEXT() REPRESENTATION_CONTEXT('2D SPACE',''
  ) );
#109 = ADVANCED_FACE('',(#110),#66,.T.);
#110 = FACE_BOUND('',#111,.T.);
#111 = EDGE_LOOP('',(#112,#134,#135,#136));
#112 = ORIENTED_EDGE('',*,*,#113,.F.);
#113 = EDGE_CURVE('',#24,#114,#116,.T.);
#114 = VERTEX_POINT('',#115);
#115 = CARTESIAN_POINT('',(-1.7,-2.1,3.75));
#116 = SEAM_CURVE('',#117,(#122,#128),.PCURVE_S1.);
#117 = CIRCLE('',#118,0.1);
#118 = AXIS2_PLACEMENT_3D('',#119,#120,#121);
#119 = CARTESIAN_POINT('',(-1.7,-2.1,3.65));
#120 = DIRECTION('',(0.,-1.,0.));
#121 = DIRECTION('',(1.,0.,0.));
#122 = PCURVE('',#66,#123);
#123 = DEFINITIONAL_REPRESENTATION('',(#124),#127);
#124 = B_SPLINE_CURVE_WITH_KNOTS('',1,(#125,#126),.UNSPECIFIED.,.F.,.F.,
  (2,2),(0.,1.570796326795),.PIECEWISE_BEZIER_KNOTS.);
#125 = CARTESIAN_POINT('',(0.,0.));
#126 = CARTESIAN_POINT('',(0.,1.570796326795));
#127 = ( GEOMETRIC_REPRESENTATION_CONTEXT(2) 
PARAMETRIC_REPRESENTATION_CONTEXT() REPRESENTATION_CONTEXT('2D SPACE',''
  ) );
#128 = PCURVE('',#66,#129);
#129 = DEFINITIONAL_REPRESENTATION('',(#130),#133);
#130 = B_SPLINE_CURVE_WITH_KNOTS('',1,(#131,#132),.UNSPECIFIED.,.F.,.F.,
  (2,2),(0.,1.570796326795),.PIECEWISE_BEZIER_KNOTS.);
#131 = CARTESIAN_POINT('',(6.28318530718,0.));
#132 = CARTESIAN_POINT('',(6.28318530718,1.570796326795));
#133 = ( GEOMETRIC_REPRESENTATION_CONTEXT(2) 
PARAMETRIC_REPRESENTATION_CONTEXT() REPRESENTATION_CONTEXT('2D SPACE',''
  ) );
#134 = ORIENTED_EDGE('',*,*,#51,.T.);
#135 = ORIENTED_EDGE('',*,*,#113,.T.);
#136 = ORIENTED_EDGE('',*,*,#137,.F.);
#137 = EDGE_CURVE('',#114,#114,#138,.T.);
#138 = SURFACE_CURVE('',#139,(#144,#151),.PCURVE_S1.);
#139 = CIRCLE('',#140,0.4);
#140 = AXIS2_PLACEMENT_3D('',#141,#142,#143);
#141 = CARTESIAN_POINT('',(-2.1,-2.1,3.75));
#142 = DIRECTION('',(0.,0.,1.));
#143 = DIRECTION('',(1.,0.,0.));
#144 = PCURVE('',#66,#145);
#145 = DEFINITIONAL_REPRESENTATION('',(#146),#150);
#146 = LINE('',#147,#148);
#147 = CARTESIAN_POINT('',(0.,1.570796326795));
#148 = VECTOR('',#149,1.);
#149 = DIRECTION('',(1.,0.));
#150 = ( GEOMETRIC_REPRESENTATION_CONTEXT(2) 
PARAMETRIC_REPRESENTATION_CONTEXT() REPRESENTATION_CONTEXT('2D SPACE',''
  ) );
#151 = PCURVE('',#152,#157);
#152 = PLANE('',#153);
#153 = AXIS2_PLACEMENT_3D('',#154,#155,#156);
#154 = CARTESIAN_POINT('',(-2.1,-2.1,3.75));
#155 = DIRECTION('',(0.,0.,1.));
#156 = DIRECTION('',(1.,0.,0.));
#157 = DEFINITIONAL_REPRESENTATION('',(#158),#162);
#158 = CIRCLE('',#159,0.4);
#159 = AXIS2_PLACEMENT_2D('',#160,#161);
#160 = CARTESIAN_POINT('',(0.,4.440892098501E-16));
#161 = DIRECTION('',(1.,0.));
#162 = ( GEOMETRIC_REPRESENTATION_CONTEXT(2) 
PARAMETRIC_REPRESENTATION_CONTEXT() REPRESENTATION_CONTEXT('2D SPACE',''
  ) );
#163 = ADVANCED_FACE('',(#164,#394,#397,#432,#467,#502),#94,.F.);
#164 = FACE_BOUND('',#165,.F.);
#165 = EDGE_LOOP('',(#166,#196,#225,#253,#282,#310,#339,#367));
#166 = ORIENTED_EDGE('',*,*,#167,.T.);
#167 = EDGE_CURVE('',#168,#170,#172,.T.);
#168 = VERTEX_POINT('',#169);
#169 = CARTESIAN_POINT('',(2.9,2.1,3.5));
#170 = VERTEX_POINT('',#171);
#171 = CARTESIAN_POINT('',(2.9,-2.1,3.5));
#172 = SURFACE_CURVE('',#173,(#177,#184),.PCURVE_S1.);
#173 = LINE('',#174,#175);
#174 = CARTESIAN_POINT('',(2.9,2.1,3.5));
#175 = VECTOR('',#176,1.);
#176 = DIRECTION('',(0.,-1.,0.));
#177 = PCURVE('',#94,#178);
#178 = DEFINITIONAL_REPRESENTATION('',(#179),#183);
#179 = LINE('',#180,#181);
#180 = CARTESIAN_POINT('',(-2.9,2.1));
#181 = VECTOR('',#182,1.);
#182 = DIRECTION('',(-0.,-1.));
#183 = ( GEOMETRIC_REPRESENTATION_CONTEXT(2) 
PARAMETRIC_REPRESENTATION_CONTEXT() REPRESENTATION_CONTEXT('2D SPACE',''
  ) );
#184 = PCURVE('',#185,#190);
#185 = CYLINDRICAL_SURFACE('',#186,0.2);
#186 = AXIS2_PLACEMENT_3D('',#187,#188,#189);
#187 = CARTESIAN_POINT('',(2.9,2.1,3.3));
#188 = DIRECTION('',(0.,-1.,0.));
#189 = DIRECTION('',(-1.026093789309E-32,0.,1.));
#190 = DEFINITIONAL_REPRESENTATION('',(#191),#195);
#191 = LINE('',#192,#193);
#192 = CARTESIAN_POINT('',(-0.,0.));
#193 = VECTOR('',#194,1.);
#194 = DIRECTION('',(-0.,1.));
#195 = ( GEOMETRIC_REPRESENTATION_CONTEXT(2) 
PARAMETRIC_REPRESENTATION_CONTEXT() REPRESENTATION_CONTEXT('2D SPACE',''
  ) );
#196 = ORIENTED_EDGE('',*,*,#197,.T.);
#197 = EDGE_CURVE('',#170,#198,#200,.T.);
#198 = VERTEX_POINT('',#199);
#199 = CARTESIAN_POINT('',(2.1,-2.9,3.5));
#200 = SURFACE_CURVE('',#201,(#206,#213),.PCURVE_S1.);
#201 = CIRCLE('',#202,0.8);
#202 = AXIS2_PLACEMENT_3D('',#203,#204,#205);
#203 = CARTESIAN_POINT('',(2.1,-2.1,3.5));
#204 = DIRECTION('',(1.026093789309E-32,1.026093789309E-32,-1.));
#205 = DIRECTION('',(1.,2.052187578619E-33,1.026093789309E-32));
#206 = PCURVE('',#94,#207);
#207 = DEFINITIONAL_REPRESENTATION('',(#208),#212);
#208 = CIRCLE('',#209,0.8);
#209 = AXIS2_PLACEMENT_2D('',#210,#211);
#210 = CARTESIAN_POINT('',(-2.1,-2.1));
#211 = DIRECTION('',(-1.,0.));
#212 = ( GEOMETRIC_REPRESENTATION_CONTEXT(2) 
PARAMETRIC_REPRESENTATION_CONTEXT() REPRESENTATION_CONTEXT('2D SPACE',''
  ) );
#213 = PCURVE('',#214,#219);
#214 = TOROIDAL_SURFACE('',#215,0.8,0.2);
#215 = AXIS2_PLACEMENT_3D('',#216,#217,#218);
#216 = CARTESIAN_POINT('',(2.1,-2.1,3.3));
#217 = DIRECTION('',(1.026093789309E-32,1.026093789309E-32,-1.));
#218 = DIRECTION('',(1.,2.052187578619E-33,1.026093789309E-32));
#219 = DEFINITIONAL_REPRESENTATION('',(#220),#224);
#220 = LINE('',#221,#222);
#221 = CARTESIAN_POINT('',(0.,4.712388980385));
#222 = VECTOR('',#223,1.);
#223 = DIRECTION('',(1.,0.));
#224 = ( GEOMETRIC_REPRESENTATION_CONTEXT(2) 
PARAMETRIC_REPRESENTATION_CONTEXT() REPRESENTATION_CONTEXT('2D SPACE',''
  ) );
#225 = ORIENTED_EDGE('',*,*,#226,.T.);
#226 = EDGE_CURVE('',#198,#227,#229,.T.);
#227 = VERTEX_POINT('',#228);
#228 = CARTESIAN_POINT('',(-2.1,-2.9,3.5));
#229 = SURFACE_CURVE('',#230,(#234,#241),.PCURVE_S1.);
#230 = LINE('',#231,#232);
#231 = CARTESIAN_POINT('',(2.1,-2.9,3.5));
#232 = VECTOR('',#233,1.);
#233 = DIRECTION('',(-1.,0.,0.));
#234 = PCURVE('',#94,#235);
#235 = DEFINITIONAL_REPRESENTATION('',(#236),#240);
#236 = LINE('',#237,#238);
#237 = CARTESIAN_POINT('',(-2.1,-2.9));
#238 = VECTOR('',#239,1.);
#239 = DIRECTION('',(1.,1.052868464459E-64));
#240 = ( GEOMETRIC_REPRESENTATION_CONTEXT(2) 
PARAMETRIC_REPRESENTATION_CONTEXT() REPRESENTATION_CONTEXT('2D SPACE',''
  ) );
#241 = PCURVE('',#242,#247);
#242 = CYLINDRICAL_SURFACE('',#243,0.2);
#243 = AXIS2_PLACEMENT_3D('',#244,#245,#246);
#244 = CARTESIAN_POINT('',(2.1,-2.9,3.3));
#245 = DIRECTION('',(-1.,0.,0.));
#246 = DIRECTION('',(0.,-1.026093789309E-32,1.));
#247 = DEFINITIONAL_REPRESENTATION('',(#248),#252);
#248 = LINE('',#249,#250);
#249 = CARTESIAN_POINT('',(-0.,0.));
#250 = VECTOR('',#251,1.);
#251 = DIRECTION('',(-0.,1.));
#252 = ( GEOMETRIC_REPRESENTATION_CONTEXT(2) 
PARAMETRIC_REPRESENTATION_CONTEXT() REPRESENTATION_CONTEXT('2D SPACE',''
  ) );
#253 = ORIENTED_EDGE('',*,*,#254,.T.);
#254 = EDGE_CURVE('',#227,#255,#257,.T.);
#255 = VERTEX_POINT('',#256);
#256 = CARTESIAN_POINT('',(-2.9,-2.1,3.5));
#257 = SURFACE_CURVE('',#258,(#263,#270),.PCURVE_S1.);
#258 = CIRCLE('',#259,0.8);
#259 = AXIS2_PLACEMENT_3D('',#260,#261,#262);
#260 = CARTESIAN_POINT('',(-2.1,-2.1,3.5));
#261 = DIRECTION('',(1.026093789309E-32,1.026093789309E-32,-1.));
#262 = DIRECTION('',(-4.440892098501E-16,-1.,-1.026093789309E-32));
#263 = PCURVE('',#94,#264);
#264 = DEFINITIONAL_REPRESENTATION('',(#265),#269);
#265 = CIRCLE('',#266,0.8);
#266 = AXIS2_PLACEMENT_2D('',#267,#268);
#267 = CARTESIAN_POINT('',(2.1,-2.1));
#268 = DIRECTION('',(5.551115123126E-16,-1.));
#269 = ( GEOMETRIC_REPRESENTATION_CONTEXT(2) 
PARAMETRIC_REPRESENTATION_CONTEXT() REPRESENTATION_CONTEXT('2D SPACE',''
  ) );
#270 = PCURVE('',#271,#276);
#271 = TOROIDAL_SURFACE('',#272,0.8,0.2);
#272 = AXIS2_PLACEMENT_3D('',#273,#274,#275);
#273 = CARTESIAN_POINT('',(-2.1,-2.1,3.3));
#274 = DIRECTION('',(1.026093789309E-32,1.026093789309E-32,-1.));
#275 = DIRECTION('',(-4.440892098501E-16,-1.,-1.026093789309E-32));
#276 = DEFINITIONAL_REPRESENTATION('',(#277),#281);
#277 = LINE('',#278,#279);
#278 = CARTESIAN_POINT('',(0.,4.712388980385));
#279 = VECTOR('',#280,1.);
#280 = DIRECTION('',(1.,0.));
#281 = ( GEOMETRIC_REPRESENTATION_CONTEXT(2) 
PARAMETRIC_REPRESENTATION_CONTEXT() REPRESENTATION_CONTEXT('2D SPACE',''
  ) );
#282 = ORIENTED_EDGE('',*,*,#283,.T.);
#283 = EDGE_CURVE('',#255,#284,#286,.T.);
#284 = VERTEX_POINT('',#285);
#285 = CARTESIAN_POINT('',(-2.9,2.1,3.5));
#286 = SURFACE_CURVE('',#287,(#291,#298),.PCURVE_S1.);
#287 = LINE('',#288,#289);
#288 = CARTESIAN_POINT('',(-2.9,-2.1,3.5));
#289 = VECTOR('',#290,1.);
#290 = DIRECTION('',(0.,1.,0.));
#291 = PCURVE('',#94,#292);
#292 = DEFINITIONAL_REPRESENTATION('',(#293),#297);
#293 = LINE('',#294,#295);
#294 = CARTESIAN_POINT('',(2.9,-2.1));
#295 = VECTOR('',#296,1.);
#296 = DIRECTION('',(0.,1.));
#297 = ( GEOMETRIC_REPRESENTATION_CONTEXT(2) 
PARAMETRIC_REPRESENTATION_CONTEXT() REPRESENTATION_CONTEXT('2D SPACE',''
  ) );
#298 = PCURVE('',#299,#304);
#299 = CYLINDRICAL_SURFACE('',#300,0.2);
#300 = AXIS2_PLACEMENT_3D('',#301,#302,#303);
#301 = CARTESIAN_POINT('',(-2.9,-2.1,3.3));
#302 = DIRECTION('',(0.,1.,0.));
#303 = DIRECTION('',(-1.026093789309E-32,0.,1.));
#304 = DEFINITIONAL_REPRESENTATION('',(#305),#309);
#305 = LINE('',#306,#307);
#306 = CARTESIAN_POINT('',(-0.,0.));
#307 = VECTOR('',#308,1.);
#308 = DIRECTION('',(-0.,1.));
#309 = ( GEOMETRIC_REPRESENTATION_CONTEXT(2) 
PARAMETRIC_REPRESENTATION_CONTEXT() REPRESENTATION_CONTEXT('2D SPACE',''
  ) );
#310 = ORIENTED_EDGE('',*,*,#311,.T.);
#311 = EDGE_CURVE('',#284,#312,#314,.T.);
#312 = VERTEX_POINT('',#313);
#313 = CARTESIAN_POINT('',(-2.1,2.9,3.5));
#314 = SURFACE_CURVE('',#315,(#320,#327),.PCURVE_S1.);
#315 = CIRCLE('',#316,0.8);
#316 = AXIS2_PLACEMENT_3D('',#317,#318,#319);
#317 = CARTESIAN_POINT('',(-2.1,2.1,3.5));
#318 = DIRECTION('',(1.026093789309E-32,1.026093789309E-32,-1.));
#319 = DIRECTION('',(-1.,2.052187578619E-33,-1.026093789309E-32));
#320 = PCURVE('',#94,#321);
#321 = DEFINITIONAL_REPRESENTATION('',(#322),#326);
#322 = CIRCLE('',#323,0.8);
#323 = AXIS2_PLACEMENT_2D('',#324,#325);
#324 = CARTESIAN_POINT('',(2.1,2.1));
#325 = DIRECTION('',(1.,0.));
#326 = ( GEOMETRIC_REPRESENTATION_CONTEXT(2) 
PARAMETRIC_REPRESENTATION_CONTEXT() REPRESENTATION_CONTEXT('2D SPACE',''
  ) );
#327 = PCURVE('',#328,#333);
#328 = TOROIDAL_SURFACE('',#329,0.8,0.2);
#329 = AXIS2_PLACEMENT_3D('',#330,#331,#332);
#330 = CARTESIAN_POINT('',(-2.1,2.1,3.3));
#331 = DIRECTION('',(1.026093789309E-32,1.026093789309E-32,-1.));
#332 = DIRECTION('',(-1.,2.052187578619E-33,-1.026093789309E-32));
#333 = DEFINITIONAL_REPRESENTATION('',(#334),#338);
#334 = LINE('',#335,#336);
#335 = CARTESIAN_POINT('',(0.,4.712388980385));
#336 = VECTOR('',#337,1.);
#337 = DIRECTION('',(1.,0.));
#338 = ( GEOMETRIC_REPRESENTATION_CONTEXT(2) 
PARAMETRIC_REPRESENTATION_CONTEXT() REPRESENTATION_CONTEXT('2D SPACE',''
  ) );
#339 = ORIENTED_EDGE('',*,*,#340,.T.);
#340 = EDGE_CURVE('',#312,#341,#343,.T.);
#341 = VERTEX_POINT('',#342);
#342 = CARTESIAN_POINT('',(2.1,2.9,3.5));
#343 = SURFACE_CURVE('',#344,(#348,#355),.PCURVE_S1.);
#344 = LINE('',#345,#346);
#345 = CARTESIAN_POINT('',(-2.1,2.9,3.5));
#346 = VECTOR('',#347,1.);
#347 = DIRECTION('',(1.,0.,0.));
#348 = PCURVE('',#94,#349);
#349 = DEFINITIONAL_REPRESENTATION('',(#350),#354);
#350 = LINE('',#351,#352);
#351 = CARTESIAN_POINT('',(2.1,2.9));
#352 = VECTOR('',#353,1.);
#353 = DIRECTION('',(-1.,-1.052868464459E-64));
#354 = ( GEOMETRIC_REPRESENTATION_CONTEXT(2) 
PARAMETRIC_REPRESENTATION_CONTEXT() REPRESENTATION_CONTEXT('2D SPACE',''
  ) );
#355 = PCURVE('',#356,#361);
#356 = CYLINDRICAL_SURFACE('',#357,0.2);
#357 = AXIS2_PLACEMENT_3D('',#358,#359,#360);
#358 = CARTESIAN_POINT('',(-2.1,2.9,3.3));
#359 = DIRECTION('',(1.,0.,0.));
#360 = DIRECTION('',(0.,-1.026093789309E-32,1.));
#361 = DEFINITIONAL_REPRESENTATION('',(#362),#366);
#362 = LINE('',#363,#364);
#363 = CARTESIAN_POINT('',(-0.,0.));
#364 = VECTOR('',#365,1.);
#365 = DIRECTION('',(-0.,1.));
#366 = ( GEOMETRIC_REPRESENTATION_CONTEXT(2) 
PARAMETRIC_REPRESENTATION_CONTEXT() REPRESENTATION_CONTEXT('2D SPACE',''
  ) );
#367 = ORIENTED_EDGE('',*,*,#368,.T.);
#368 = EDGE_CURVE('',#341,#168,#369,.T.);
#369 = SURFACE_CURVE('',#370,(#375,#382),.PCURVE_S1.);
#370 = CIRCLE('',#371,0.8);
#371 = AXIS2_PLACEMENT_3D('',#372,#373,#374);
#372 = CARTESIAN_POINT('',(2.1,2.1,3.5));
#373 = DIRECTION('',(1.026093789309E-32,1.026093789309E-32,-1.));
#374 = DIRECTION('',(2.052187578619E-33,1.,1.026093789309E-32));
#375 = PCURVE('',#94,#376);
#376 = DEFINITIONAL_REPRESENTATION('',(#377),#381);
#377 = CIRCLE('',#378,0.8);
#378 = AXIS2_PLACEMENT_2D('',#379,#380);
#379 = CARTESIAN_POINT('',(-2.1,2.1));
#380 = DIRECTION('',(0.,1.));
#381 = ( GEOMETRIC_REPRESENTATION_CONTEXT(2) 
PARAMETRIC_REPRESENTATION_CONTEXT() REPRESENTATION_CONTEXT('2D SPACE',''
  ) );
#382 = PCURVE('',#383,#388);
#383 = TOROIDAL_SURFACE('',#384,0.8,0.2);
#384 = AXIS2_PLACEMENT_3D('',#385,#386,#387);
#385 = CARTESIAN_POINT('',(2.1,2.1,3.3));
#386 = DIRECTION('',(1.026093789309E-32,1.026093789309E-32,-1.));
#387 = DIRECTION('',(2.052187578619E-33,1.,1.026093789309E-32));
#388 = DEFINITIONAL_REPRESENTATION('',(#389),#393);
#389 = LINE('',#390,#391);
#390 = CARTESIAN_POINT('',(0.,4.712388980385));
#391 = VECTOR('',#392,1.);
#392 = DIRECTION('',(1.,0.));
#393 = ( GEOMETRIC_REPRESENTATION_CONTEXT(2) 
PARAMETRIC_REPRESENTATION_CONTEXT() REPRESENTATION_CONTEXT('2D SPACE',''
  ) );
#394 = FACE_BOUND('',#395,.F.);
#395 = EDGE_LOOP('',(#396));
#396 = ORIENTED_EDGE('',*,*,#79,.T.);
#397 = FACE_BOUND('',#398,.F.);
#398 = EDGE_LOOP('',(#399));
#399 = ORIENTED_EDGE('',*,*,#400,.T.);
#400 = EDGE_CURVE('',#401,#401,#403,.T.);
#401 = VERTEX_POINT('',#402);
#402 = CARTESIAN_POINT('',(1.75,-3.591328262583E-32,3.5));
#403 = SURFACE_CURVE('',#404,(#409,#420),.PCURVE_S1.);
#404 = CIRCLE('',#405,1.75);
#405 = AXIS2_PLACEMENT_3D('',#406,#407,#408);
#406 = CARTESIAN_POINT('',(-3.591328262583E-32,-3.591328262583E-32,3.5)
  );
#407 = DIRECTION('',(-1.026093789309E-32,-1.026093789309E-32,1.));
#408 = DIRECTION('',(1.,-1.052868464459E-64,1.026093789309E-32));
#409 = PCURVE('',#94,#410);
#410 = DEFINITIONAL_REPRESENTATION('',(#411),#419);
#411 = ( BOUNDED_CURVE() B_SPLINE_CURVE(2,(#412,#413,#414,#415,#416,#417
,#418),.UNSPECIFIED.,.T.,.F.) B_SPLINE_CURVE_WITH_KNOTS((1,2,2,2,2,1),(
    -2.094395102393,0.,2.094395102393,4.188790204786,6.28318530718,
8.377580409573),.UNSPECIFIED.) CURVE() GEOMETRIC_REPRESENTATION_ITEM() 
RATIONAL_B_SPLINE_CURVE((1.,0.5,1.,0.5,1.,0.5,1.)) REPRESENTATION_ITEM(
  '') );
#412 = CARTESIAN_POINT('',(-1.75,-1.432545838226E-16));
#413 = CARTESIAN_POINT('',(-1.75,3.031088913246));
#414 = CARTESIAN_POINT('',(0.875,1.515544456623));
#415 = CARTESIAN_POINT('',(3.5,2.85371795879E-16));
#416 = CARTESIAN_POINT('',(0.875,-1.515544456623));
#417 = CARTESIAN_POINT('',(-1.75,-3.031088913246));
#418 = CARTESIAN_POINT('',(-1.75,-1.432545838226E-16));
#419 = ( GEOMETRIC_REPRESENTATION_CONTEXT(2) 
PARAMETRIC_REPRESENTATION_CONTEXT() REPRESENTATION_CONTEXT('2D SPACE',''
  ) );
#420 = PCURVE('',#421,#426);
#421 = CYLINDRICAL_SURFACE('',#422,1.75);
#422 = AXIS2_PLACEMENT_3D('',#423,#424,#425);
#423 = CARTESIAN_POINT('',(-3.591328262583E-32,-3.591328262583E-32,3.5)
  );
#424 = DIRECTION('',(1.026093789309E-32,1.026093789309E-32,-1.));
#425 = DIRECTION('',(1.,-1.052868464459E-64,1.026093789309E-32));
#426 = DEFINITIONAL_REPRESENTATION('',(#427),#431);
#427 = LINE('',#428,#429);
#428 = CARTESIAN_POINT('',(-0.,0.));
#429 = VECTOR('',#430,1.);
#430 = DIRECTION('',(-1.,0.));
#431 = ( GEOMETRIC_REPRESENTATION_CONTEXT(2) 
PARAMETRIC_REPRESENTATION_CONTEXT() REPRESENTATION_CONTEXT('2D SPACE',''
  ) );
#432 = FACE_BOUND('',#433,.F.);
#433 = EDGE_LOOP('',(#434));
#434 = ORIENTED_EDGE('',*,*,#435,.T.);
#435 = EDGE_CURVE('',#436,#436,#438,.T.);
#436 = VERTEX_POINT('',#437);
#437 = CARTESIAN_POINT('',(-1.6,2.1,3.5));
#438 = SURFACE_CURVE('',#439,(#444,#455),.PCURVE_S1.);
#439 = CIRCLE('',#440,0.5);
#440 = AXIS2_PLACEMENT_3D('',#441,#442,#443);
#441 = CARTESIAN_POINT('',(-2.1,2.1,3.5));
#442 = DIRECTION('',(-1.026093789309E-32,-1.026093789309E-32,1.));
#443 = DIRECTION('',(1.,-1.052868464459E-64,1.026093789309E-32));
#444 = PCURVE('',#94,#445);
#445 = DEFINITIONAL_REPRESENTATION('',(#446),#454);
#446 = ( BOUNDED_CURVE() B_SPLINE_CURVE(2,(#447,#448,#449,#450,#451,#452
,#453),.UNSPECIFIED.,.T.,.F.) B_SPLINE_CURVE_WITH_KNOTS((1,2,2,2,2,1),(
    -2.094395102393,0.,2.094395102393,4.188790204786,6.28318530718,
8.377580409573),.UNSPECIFIED.) CURVE() GEOMETRIC_REPRESENTATION_ITEM() 
RATIONAL_B_SPLINE_CURVE((1.,0.5,1.,0.5,1.,0.5,1.)) REPRESENTATION_ITEM(
  '') );
#447 = CARTESIAN_POINT('',(1.6,2.1));
#448 = CARTESIAN_POINT('',(1.6,2.966025403784));
#449 = CARTESIAN_POINT('',(2.35,2.533012701892));
#450 = CARTESIAN_POINT('',(3.1,2.1));
#451 = CARTESIAN_POINT('',(2.35,1.666987298108));
#452 = CARTESIAN_POINT('',(1.6,1.233974596216));
#453 = CARTESIAN_POINT('',(1.6,2.1));
#454 = ( GEOMETRIC_REPRESENTATION_CONTEXT(2) 
PARAMETRIC_REPRESENTATION_CONTEXT() REPRESENTATION_CONTEXT('2D SPACE',''
  ) );
#455 = PCURVE('',#456,#461);
#456 = CYLINDRICAL_SURFACE('',#457,0.5);
#457 = AXIS2_PLACEMENT_3D('',#458,#459,#460);
#458 = CARTESIAN_POINT('',(-2.1,2.1,3.5));
#459 = DIRECTION('',(1.026093789309E-32,1.026093789309E-32,-1.));
#460 = DIRECTION('',(1.,-1.052868464459E-64,1.026093789309E-32));
#461 = DEFINITIONAL_REPRESENTATION('',(#462),#466);
#462 = LINE('',#463,#464);
#463 = CARTESIAN_POINT('',(-0.,0.));
#464 = VECTOR('',#465,1.);
#465 = DIRECTION('',(-1.,0.));
#466 = ( GEOMETRIC_REPRESENTATION_CONTEXT(2) 
PARAMETRIC_REPRESENTATION_CONTEXT() REPRESENTATION_CONTEXT('2D SPACE',''
  ) );
#467 = FACE_BOUND('',#468,.F.);
#468 = EDGE_LOOP('',(#469));
#469 = ORIENTED_EDGE('',*,*,#470,.T.);
#470 = EDGE_CURVE('',#471,#471,#473,.T.);
#471 = VERTEX_POINT('',#472);
#472 = CARTESIAN_POINT('',(2.6,2.1,3.5));
#473 = SURFACE_CURVE('',#474,(#479,#490),.PCURVE_S1.);
#474 = CIRCLE('',#475,0.5);
#475 = AXIS2_PLACEMENT_3D('',#476,#477,#478);
#476 = CARTESIAN_POINT('',(2.1,2.1,3.5));
#477 = DIRECTION('',(-1.026093789309E-32,-1.026093789309E-32,1.));
#478 = DIRECTION('',(1.,-1.052868464459E-64,1.026093789309E-32));
#479 = PCURVE('',#94,#480);
#480 = DEFINITIONAL_REPRESENTATION('',(#481),#489);
#481 = ( BOUNDED_CURVE() B_SPLINE_CURVE(2,(#482,#483,#484,#485,#486,#487
,#488),.UNSPECIFIED.,.T.,.F.) B_SPLINE_CURVE_WITH_KNOTS((1,2,2,2,2,1),(
    -2.094395102393,0.,2.094395102393,4.188790204786,6.28318530718,
8.377580409573),.UNSPECIFIED.) CURVE() GEOMETRIC_REPRESENTATION_ITEM() 
RATIONAL_B_SPLINE_CURVE((1.,0.5,1.,0.5,1.,0.5,1.)) REPRESENTATION_ITEM(
  '') );
#482 = CARTESIAN_POINT('',(-2.6,2.1));
#483 = CARTESIAN_POINT('',(-2.6,2.966025403784));
#484 = CARTESIAN_POINT('',(-1.85,2.533012701892));
#485 = CARTESIAN_POINT('',(-1.1,2.1));
#486 = CARTESIAN_POINT('',(-1.85,1.666987298108));
#487 = CARTESIAN_POINT('',(-2.6,1.233974596216));
#488 = CARTESIAN_POINT('',(-2.6,2.1));
#489 = ( GEOMETRIC_REPRESENTATION_CONTEXT(2) 
PARAMETRIC_REPRESENTATION_CONTEXT() REPRESENTATION_CONTEXT('2D SPACE',''
  ) );
#490 = PCURVE('',#491,#496);
#491 = CYLINDRICAL_SURFACE('',#492,0.5);
#492 = AXIS2_PLACEMENT_3D('',#493,#494,#495);
#493 = CARTESIAN_POINT('',(2.1,2.1,3.5));
#494 = DIRECTION('',(1.026093789309E-32,1.026093789309E-32,-1.));
#495 = DIRECTION('',(1.,-1.052868464459E-64,1.026093789309E-32));
#496 = DEFINITIONAL_REPRESENTATION('',(#497),#501);
#497 = LINE('',#498,#499);
#498 = CARTESIAN_POINT('',(-0.,0.));
#499 = VECTOR('',#500,1.);
#500 = DIRECTION('',(-1.,0.));
#501 = ( GEOMETRIC_REPRESENTATION_CONTEXT(2) 
PARAMETRIC_REPRESENTATION_CONTEXT() REPRESENTATION_CONTEXT('2D SPACE',''
  ) );
#502 = FACE_BOUND('',#503,.F.);
#503 = EDGE_LOOP('',(#504));
#504 = ORIENTED_EDGE('',*,*,#505,.T.);
#505 = EDGE_CURVE('',#506,#506,#508,.T.);
#506 = VERTEX_POINT('',#507);
#507 = CARTESIAN_POINT('',(2.6,-2.1,3.5));
#508 = SURFACE_CURVE('',#509,(#514,#525),.PCURVE_S1.);
#509 = CIRCLE('',#510,0.5);
#510 = AXIS2_PLACEMENT_3D('',#511,#512,#513);
#511 = CARTESIAN_POINT('',(2.1,-2.1,3.5));
#512 = DIRECTION('',(-1.026093789309E-32,-1.026093789309E-32,1.));
#513 = DIRECTION('',(1.,-1.052868464459E-64,1.026093789309E-32));
#514 = PCURVE('',#94,#515);
#515 = DEFINITIONAL_REPRESENTATION('',(#516),#524);
#516 = ( BOUNDED_CURVE() B_SPLINE_CURVE(2,(#517,#518,#519,#520,#521,#522
,#523),.UNSPECIFIED.,.T.,.F.) B_SPLINE_CURVE_WITH_KNOTS((1,2,2,2,2,1),(
    -2.094395102393,0.,2.094395102393,4.188790204786,6.28318530718,
8.377580409573),.UNSPECIFIED.) CURVE() GEOMETRIC_REPRESENTATION_ITEM() 
RATIONAL_B_SPLINE_CURVE((1.,0.5,1.,0.5,1.,0.5,1.)) REPRESENTATION_ITEM(
  '') );
#517 = CARTESIAN_POINT('',(-2.6,-2.1));
#518 = CARTESIAN_POINT('',(-2.6,-1.233974596216));
#519 = CARTESIAN_POINT('',(-1.85,-1.666987298108));
#520 = CARTESIAN_POINT('',(-1.1,-2.1));
#521 = CARTESIAN_POINT('',(-1.85,-2.533012701892));
#522 = CARTESIAN_POINT('',(-2.6,-2.966025403784));
#523 = CARTESIAN_POINT('',(-2.6,-2.1));
#524 = ( GEOMETRIC_REPRESENTATION_CONTEXT(2) 
PARAMETRIC_REPRESENTATION_CONTEXT() REPRESENTATION_CONTEXT('2D SPACE',''
  ) );
#525 = PCURVE('',#526,#531);
#526 = CYLINDRICAL_SURFACE('',#527,0.5);
#527 = AXIS2_PLACEMENT_3D('',#528,#529,#530);
#528 = CARTESIAN_POINT('',(2.1,-2.1,3.5));
#529 = DIRECTION('',(1.026093789309E-32,1.026093789309E-32,-1.));
#530 = DIRECTION('',(1.,-1.052868464459E-64,1.026093789309E-32));
#531 = DEFINITIONAL_REPRESENTATION('',(#532),#536);
#532 = LINE('',#533,#534);
#533 = CARTESIAN_POINT('',(-0.,0.));
#534 = VECTOR('',#535,1.);
#535 = DIRECTION('',(-1.,0.));
#536 = ( GEOMETRIC_REPRESENTATION_CONTEXT(2) 
PARAMETRIC_REPRESENTATION_CONTEXT() REPRESENTATION_CONTEXT('2D SPACE',''
  ) );
#537 = ADVANCED_FACE('',(#538),#152,.T.);
#538 = FACE_BOUND('',#539,.T.);
#539 = EDGE_LOOP('',(#540));
#540 = ORIENTED_EDGE('',*,*,#137,.T.);
#541 = ADVANCED_FACE('',(#542),#185,.T.);
#542 = FACE_BOUND('',#543,.F.);
#543 = EDGE_LOOP('',(#544,#566,#594,#614));
#544 = ORIENTED_EDGE('',*,*,#545,.T.);
#545 = EDGE_CURVE('',#168,#546,#548,.T.);
#546 = VERTEX_POINT('',#547);
#547 = CARTESIAN_POINT('',(3.1,2.1,3.3));
#548 = SURFACE_CURVE('',#549,(#554,#560),.PCURVE_S1.);
#549 = CIRCLE('',#550,0.2);
#550 = AXIS2_PLACEMENT_3D('',#551,#552,#553);
#551 = CARTESIAN_POINT('',(2.9,2.1,3.3));
#552 = DIRECTION('',(0.,1.,-0.));
#553 = DIRECTION('',(-1.026093789309E-32,0.,1.));
#554 = PCURVE('',#185,#555);
#555 = DEFINITIONAL_REPRESENTATION('',(#556),#559);
#556 = B_SPLINE_CURVE_WITH_KNOTS('',1,(#557,#558),.UNSPECIFIED.,.F.,.F.,
  (2,2),(0.,1.570796326795),.PIECEWISE_BEZIER_KNOTS.);
#557 = CARTESIAN_POINT('',(0.,0.));
#558 = CARTESIAN_POINT('',(-1.570796326795,0.));
#559 = ( GEOMETRIC_REPRESENTATION_CONTEXT(2) 
PARAMETRIC_REPRESENTATION_CONTEXT() REPRESENTATION_CONTEXT('2D SPACE',''
  ) );
#560 = PCURVE('',#383,#561);
#561 = DEFINITIONAL_REPRESENTATION('',(#562),#565);
#562 = B_SPLINE_CURVE_WITH_KNOTS('',1,(#563,#564),.UNSPECIFIED.,.F.,.F.,
  (2,2),(0.,1.570796326795),.PIECEWISE_BEZIER_KNOTS.);
#563 = CARTESIAN_POINT('',(1.570796326795,4.712388980385));
#564 = CARTESIAN_POINT('',(1.570796326795,6.28318530718));
#565 = ( GEOMETRIC_REPRESENTATION_CONTEXT(2) 
PARAMETRIC_REPRESENTATION_CONTEXT() REPRESENTATION_CONTEXT('2D SPACE',''
  ) );
#566 = ORIENTED_EDGE('',*,*,#567,.T.);
#567 = EDGE_CURVE('',#546,#568,#570,.T.);
#568 = VERTEX_POINT('',#569);
#569 = CARTESIAN_POINT('',(3.1,-2.1,3.3));
#570 = SURFACE_CURVE('',#571,(#575,#582),.PCURVE_S1.);
#571 = LINE('',#572,#573);
#572 = CARTESIAN_POINT('',(3.1,2.1,3.3));
#573 = VECTOR('',#574,1.);
#574 = DIRECTION('',(0.,-1.,0.));
#575 = PCURVE('',#185,#576);
#576 = DEFINITIONAL_REPRESENTATION('',(#577),#581);
#577 = LINE('',#578,#579);
#578 = CARTESIAN_POINT('',(-1.570796326795,0.));
#579 = VECTOR('',#580,1.);
#580 = DIRECTION('',(-0.,1.));
#581 = ( GEOMETRIC_REPRESENTATION_CONTEXT(2) 
PARAMETRIC_REPRESENTATION_CONTEXT() REPRESENTATION_CONTEXT('2D SPACE',''
  ) );
#582 = PCURVE('',#583,#588);
#583 = PLANE('',#584);
#584 = AXIS2_PLACEMENT_3D('',#585,#586,#587);
#585 = CARTESIAN_POINT('',(3.1,3.1,3.));
#586 = DIRECTION('',(1.,0.,0.));
#587 = DIRECTION('',(0.,-1.,0.));
#588 = DEFINITIONAL_REPRESENTATION('',(#589),#593);
#589 = LINE('',#590,#591);
#590 = CARTESIAN_POINT('',(1.,-0.3));
#591 = VECTOR('',#592,1.);
#592 = DIRECTION('',(1.,0.));
#593 = ( GEOMETRIC_REPRESENTATION_CONTEXT(2) 
PARAMETRIC_REPRESENTATION_CONTEXT() REPRESENTATION_CONTEXT('2D SPACE',''
  ) );
#594 = ORIENTED_EDGE('',*,*,#595,.F.);
#595 = EDGE_CURVE('',#170,#568,#596,.T.);
#596 = SURFACE_CURVE('',#597,(#602,#608),.PCURVE_S1.);
#597 = CIRCLE('',#598,0.2);
#598 = AXIS2_PLACEMENT_3D('',#599,#600,#601);
#599 = CARTESIAN_POINT('',(2.9,-2.1,3.3));
#600 = DIRECTION('',(0.,1.,-0.));
#601 = DIRECTION('',(-1.026093789309E-32,0.,1.));
#602 = PCURVE('',#185,#603);
#603 = DEFINITIONAL_REPRESENTATION('',(#604),#607);
#604 = B_SPLINE_CURVE_WITH_KNOTS('',1,(#605,#606),.UNSPECIFIED.,.F.,.F.,
  (2,2),(0.,1.570796326795),.PIECEWISE_BEZIER_KNOTS.);
#605 = CARTESIAN_POINT('',(0.,4.2));
#606 = CARTESIAN_POINT('',(-1.570796326795,4.2));
#607 = ( GEOMETRIC_REPRESENTATION_CONTEXT(2) 
PARAMETRIC_REPRESENTATION_CONTEXT() REPRESENTATION_CONTEXT('2D SPACE',''
  ) );
#608 = PCURVE('',#214,#609);
#609 = DEFINITIONAL_REPRESENTATION('',(#610),#613);
#610 = B_SPLINE_CURVE_WITH_KNOTS('',1,(#611,#612),.UNSPECIFIED.,.F.,.F.,
  (2,2),(0.,1.570796326795),.PIECEWISE_BEZIER_KNOTS.);
#611 = CARTESIAN_POINT('',(0.,4.712388980385));
#612 = CARTESIAN_POINT('',(0.,6.28318530718));
#613 = ( GEOMETRIC_REPRESENTATION_CONTEXT(2) 
PARAMETRIC_REPRESENTATION_CONTEXT() REPRESENTATION_CONTEXT('2D SPACE',''
  ) );
#614 = ORIENTED_EDGE('',*,*,#167,.F.);
#615 = ADVANCED_FACE('',(#616),#383,.T.);
#616 = FACE_BOUND('',#617,.T.);
#617 = EDGE_LOOP('',(#618,#640,#641,#642));
#618 = ORIENTED_EDGE('',*,*,#619,.F.);
#619 = EDGE_CURVE('',#341,#620,#622,.T.);
#620 = VERTEX_POINT('',#621);
#621 = CARTESIAN_POINT('',(2.1,3.1,3.3));
#622 = SURFACE_CURVE('',#623,(#628,#634),.PCURVE_S1.);
#623 = CIRCLE('',#624,0.2);
#624 = AXIS2_PLACEMENT_3D('',#625,#626,#627);
#625 = CARTESIAN_POINT('',(2.1,2.9,3.3));
#626 = DIRECTION('',(-1.,0.,0.));
#627 = DIRECTION('',(0.,-1.026093789309E-32,1.));
#628 = PCURVE('',#383,#629);
#629 = DEFINITIONAL_REPRESENTATION('',(#630),#633);
#630 = B_SPLINE_CURVE_WITH_KNOTS('',1,(#631,#632),.UNSPECIFIED.,.F.,.F.,
  (2,2),(0.,1.570796326795),.PIECEWISE_BEZIER_KNOTS.);
#631 = CARTESIAN_POINT('',(0.,4.712388980385));
#632 = CARTESIAN_POINT('',(0.,6.28318530718));
#633 = ( GEOMETRIC_REPRESENTATION_CONTEXT(2) 
PARAMETRIC_REPRESENTATION_CONTEXT() REPRESENTATION_CONTEXT('2D SPACE',''
  ) );
#634 = PCURVE('',#356,#635);
#635 = DEFINITIONAL_REPRESENTATION('',(#636),#639);
#636 = B_SPLINE_CURVE_WITH_KNOTS('',1,(#637,#638),.UNSPECIFIED.,.F.,.F.,
  (2,2),(0.,1.570796326795),.PIECEWISE_BEZIER_KNOTS.);
#637 = CARTESIAN_POINT('',(0.,4.2));
#638 = CARTESIAN_POINT('',(-1.570796326795,4.2));
#639 = ( GEOMETRIC_REPRESENTATION_CONTEXT(2) 
PARAMETRIC_REPRESENTATION_CONTEXT() REPRESENTATION_CONTEXT('2D SPACE',''
  ) );
#640 = ORIENTED_EDGE('',*,*,#368,.T.);
#641 = ORIENTED_EDGE('',*,*,#545,.T.);
#642 = ORIENTED_EDGE('',*,*,#643,.F.);
#643 = EDGE_CURVE('',#620,#546,#644,.T.);
#644 = SURFACE_CURVE('',#645,(#650,#657),.PCURVE_S1.);
#645 = CIRCLE('',#646,1.);
#646 = AXIS2_PLACEMENT_3D('',#647,#648,#649);
#647 = CARTESIAN_POINT('',(2.1,2.1,3.3));
#648 = DIRECTION('',(1.026093789309E-32,1.026093789309E-32,-1.));
#649 = DIRECTION('',(2.052187578619E-33,1.,1.026093789309E-32));
#650 = PCURVE('',#383,#651);
#651 = DEFINITIONAL_REPRESENTATION('',(#652),#656);
#652 = LINE('',#653,#654);
#653 = CARTESIAN_POINT('',(0.,6.28318530718));
#654 = VECTOR('',#655,1.);
#655 = DIRECTION('',(1.,0.));
#656 = ( GEOMETRIC_REPRESENTATION_CONTEXT(2) 
PARAMETRIC_REPRESENTATION_CONTEXT() REPRESENTATION_CONTEXT('2D SPACE',''
  ) );
#657 = PCURVE('',#658,#663);
#658 = CYLINDRICAL_SURFACE('',#659,1.);
#659 = AXIS2_PLACEMENT_3D('',#660,#661,#662);
#660 = CARTESIAN_POINT('',(2.1,2.1,3.));
#661 = DIRECTION('',(0.,0.,1.));
#662 = DIRECTION('',(0.,1.,0.));
#663 = DEFINITIONAL_REPRESENTATION('',(#664),#668);
#664 = LINE('',#665,#666);
#665 = CARTESIAN_POINT('',(-0.,0.3));
#666 = VECTOR('',#667,1.);
#667 = DIRECTION('',(-1.,0.));
#668 = ( GEOMETRIC_REPRESENTATION_CONTEXT(2) 
PARAMETRIC_REPRESENTATION_CONTEXT() REPRESENTATION_CONTEXT('2D SPACE',''
  ) );
#669 = ADVANCED_FACE('',(#670),#214,.T.);
#670 = FACE_BOUND('',#671,.T.);
#671 = EDGE_LOOP('',(#672,#673,#674,#696));
#672 = ORIENTED_EDGE('',*,*,#595,.F.);
#673 = ORIENTED_EDGE('',*,*,#197,.T.);
#674 = ORIENTED_EDGE('',*,*,#675,.T.);
#675 = EDGE_CURVE('',#198,#676,#678,.T.);
#676 = VERTEX_POINT('',#677);
#677 = CARTESIAN_POINT('',(2.1,-3.1,3.3));
#678 = SURFACE_CURVE('',#679,(#684,#690),.PCURVE_S1.);
#679 = CIRCLE('',#680,0.2);
#680 = AXIS2_PLACEMENT_3D('',#681,#682,#683);
#681 = CARTESIAN_POINT('',(2.1,-2.9,3.3));
#682 = DIRECTION('',(1.,6.123233995737E-17,1.026093789309E-32));
#683 = DIRECTION('',(6.123233995737E-17,-1.,-1.026093789309E-32));
#684 = PCURVE('',#214,#685);
#685 = DEFINITIONAL_REPRESENTATION('',(#686),#689);
#686 = B_SPLINE_CURVE_WITH_KNOTS('',1,(#687,#688),.UNSPECIFIED.,.F.,.F.,
  (2,2),(4.712388980385,6.28318530718),.PIECEWISE_BEZIER_KNOTS.);
#687 = CARTESIAN_POINT('',(1.570796326795,4.712388980385));
#688 = CARTESIAN_POINT('',(1.570796326795,6.28318530718));
#689 = ( GEOMETRIC_REPRESENTATION_CONTEXT(2) 
PARAMETRIC_REPRESENTATION_CONTEXT() REPRESENTATION_CONTEXT('2D SPACE',''
  ) );
#690 = PCURVE('',#242,#691);
#691 = DEFINITIONAL_REPRESENTATION('',(#692),#695);
#692 = B_SPLINE_CURVE_WITH_KNOTS('',1,(#693,#694),.UNSPECIFIED.,.F.,.F.,
  (2,2),(4.712388980385,6.28318530718),.PIECEWISE_BEZIER_KNOTS.);
#693 = CARTESIAN_POINT('',(0.,0.));
#694 = CARTESIAN_POINT('',(-1.570796326795,0.));
#695 = ( GEOMETRIC_REPRESENTATION_CONTEXT(2) 
PARAMETRIC_REPRESENTATION_CONTEXT() REPRESENTATION_CONTEXT('2D SPACE',''
  ) );
#696 = ORIENTED_EDGE('',*,*,#697,.F.);
#697 = EDGE_CURVE('',#568,#676,#698,.T.);
#698 = SURFACE_CURVE('',#699,(#704,#711),.PCURVE_S1.);
#699 = CIRCLE('',#700,1.);
#700 = AXIS2_PLACEMENT_3D('',#701,#702,#703);
#701 = CARTESIAN_POINT('',(2.1,-2.1,3.3));
#702 = DIRECTION('',(1.026093789309E-32,1.026093789309E-32,-1.));
#703 = DIRECTION('',(1.,2.052187578619E-33,1.026093789309E-32));
#704 = PCURVE('',#214,#705);
#705 = DEFINITIONAL_REPRESENTATION('',(#706),#710);
#706 = LINE('',#707,#708);
#707 = CARTESIAN_POINT('',(0.,6.28318530718));
#708 = VECTOR('',#709,1.);
#709 = DIRECTION('',(1.,0.));
#710 = ( GEOMETRIC_REPRESENTATION_CONTEXT(2) 
PARAMETRIC_REPRESENTATION_CONTEXT() REPRESENTATION_CONTEXT('2D SPACE',''
  ) );
#711 = PCURVE('',#712,#717);
#712 = CYLINDRICAL_SURFACE('',#713,1.);
#713 = AXIS2_PLACEMENT_3D('',#714,#715,#716);
#714 = CARTESIAN_POINT('',(2.1,-2.1,3.));
#715 = DIRECTION('',(0.,0.,1.));
#716 = DIRECTION('',(1.,0.,0.));
#717 = DEFINITIONAL_REPRESENTATION('',(#718),#722);
#718 = LINE('',#719,#720);
#719 = CARTESIAN_POINT('',(-0.,0.3));
#720 = VECTOR('',#721,1.);
#721 = DIRECTION('',(-1.,0.));
#722 = ( GEOMETRIC_REPRESENTATION_CONTEXT(2) 
PARAMETRIC_REPRESENTATION_CONTEXT() REPRESENTATION_CONTEXT('2D SPACE',''
  ) );
#723 = ADVANCED_FACE('',(#724),#356,.T.);
#724 = FACE_BOUND('',#725,.F.);
#725 = EDGE_LOOP('',(#726,#748,#774,#775));
#726 = ORIENTED_EDGE('',*,*,#727,.T.);
#727 = EDGE_CURVE('',#312,#728,#730,.T.);
#728 = VERTEX_POINT('',#729);
#729 = CARTESIAN_POINT('',(-2.1,3.1,3.3));
#730 = SURFACE_CURVE('',#731,(#736,#742),.PCURVE_S1.);
#731 = CIRCLE('',#732,0.2);
#732 = AXIS2_PLACEMENT_3D('',#733,#734,#735);
#733 = CARTESIAN_POINT('',(-2.1,2.9,3.3));
#734 = DIRECTION('',(-1.,-6.123233995737E-17,-1.026093789309E-32));
#735 = DIRECTION('',(-6.123233995737E-17,1.,1.026093789309E-32));
#736 = PCURVE('',#356,#737);
#737 = DEFINITIONAL_REPRESENTATION('',(#738),#741);
#738 = B_SPLINE_CURVE_WITH_KNOTS('',1,(#739,#740),.UNSPECIFIED.,.F.,.F.,
  (2,2),(4.712388980385,6.28318530718),.PIECEWISE_BEZIER_KNOTS.);
#739 = CARTESIAN_POINT('',(0.,0.));
#740 = CARTESIAN_POINT('',(-1.570796326795,0.));
#741 = ( GEOMETRIC_REPRESENTATION_CONTEXT(2) 
PARAMETRIC_REPRESENTATION_CONTEXT() REPRESENTATION_CONTEXT('2D SPACE',''
  ) );
#742 = PCURVE('',#328,#743);
#743 = DEFINITIONAL_REPRESENTATION('',(#744),#747);
#744 = B_SPLINE_CURVE_WITH_KNOTS('',1,(#745,#746),.UNSPECIFIED.,.F.,.F.,
  (2,2),(4.712388980385,6.28318530718),.PIECEWISE_BEZIER_KNOTS.);
#745 = CARTESIAN_POINT('',(1.570796326795,4.712388980385));
#746 = CARTESIAN_POINT('',(1.570796326795,6.28318530718));
#747 = ( GEOMETRIC_REPRESENTATION_CONTEXT(2) 
PARAMETRIC_REPRESENTATION_CONTEXT() REPRESENTATION_CONTEXT('2D SPACE',''
  ) );
#748 = ORIENTED_EDGE('',*,*,#749,.T.);
#749 = EDGE_CURVE('',#728,#620,#750,.T.);
#750 = SURFACE_CURVE('',#751,(#755,#762),.PCURVE_S1.);
#751 = LINE('',#752,#753);
#752 = CARTESIAN_POINT('',(-2.1,3.1,3.3));
#753 = VECTOR('',#754,1.);
#754 = DIRECTION('',(1.,0.,0.));
#755 = PCURVE('',#356,#756);
#756 = DEFINITIONAL_REPRESENTATION('',(#757),#761);
#757 = LINE('',#758,#759);
#758 = CARTESIAN_POINT('',(-1.570796326795,0.));
#759 = VECTOR('',#760,1.);
#760 = DIRECTION('',(-0.,1.));
#761 = ( GEOMETRIC_REPRESENTATION_CONTEXT(2) 
PARAMETRIC_REPRESENTATION_CONTEXT() REPRESENTATION_CONTEXT('2D SPACE',''
  ) );
#762 = PCURVE('',#763,#768);
#763 = PLANE('',#764);
#764 = AXIS2_PLACEMENT_3D('',#765,#766,#767);
#765 = CARTESIAN_POINT('',(-3.1,3.1,3.));
#766 = DIRECTION('',(0.,1.,0.));
#767 = DIRECTION('',(1.,0.,0.));
#768 = DEFINITIONAL_REPRESENTATION('',(#769),#773);
#769 = LINE('',#770,#771);
#770 = CARTESIAN_POINT('',(1.,-0.3));
#771 = VECTOR('',#772,1.);
#772 = DIRECTION('',(1.,0.));
#773 = ( GEOMETRIC_REPRESENTATION_CONTEXT(2) 
PARAMETRIC_REPRESENTATION_CONTEXT() REPRESENTATION_CONTEXT('2D SPACE',''
  ) );
#774 = ORIENTED_EDGE('',*,*,#619,.F.);
#775 = ORIENTED_EDGE('',*,*,#340,.F.);
#776 = ADVANCED_FACE('',(#777),#242,.T.);
#777 = FACE_BOUND('',#778,.F.);
#778 = EDGE_LOOP('',(#779,#780,#808,#828));
#779 = ORIENTED_EDGE('',*,*,#675,.T.);
#780 = ORIENTED_EDGE('',*,*,#781,.T.);
#781 = EDGE_CURVE('',#676,#782,#784,.T.);
#782 = VERTEX_POINT('',#783);
#783 = CARTESIAN_POINT('',(-2.1,-3.1,3.3));
#784 = SURFACE_CURVE('',#785,(#789,#796),.PCURVE_S1.);
#785 = LINE('',#786,#787);
#786 = CARTESIAN_POINT('',(2.1,-3.1,3.3));
#787 = VECTOR('',#788,1.);
#788 = DIRECTION('',(-1.,0.,0.));
#789 = PCURVE('',#242,#790);
#790 = DEFINITIONAL_REPRESENTATION('',(#791),#795);
#791 = LINE('',#792,#793);
#792 = CARTESIAN_POINT('',(-1.570796326795,0.));
#793 = VECTOR('',#794,1.);
#794 = DIRECTION('',(-0.,1.));
#795 = ( GEOMETRIC_REPRESENTATION_CONTEXT(2) 
PARAMETRIC_REPRESENTATION_CONTEXT() REPRESENTATION_CONTEXT('2D SPACE',''
  ) );
#796 = PCURVE('',#797,#802);
#797 = PLANE('',#798);
#798 = AXIS2_PLACEMENT_3D('',#799,#800,#801);
#799 = CARTESIAN_POINT('',(3.1,-3.1,3.));
#800 = DIRECTION('',(0.,-1.,0.));
#801 = DIRECTION('',(-1.,0.,0.));
#802 = DEFINITIONAL_REPRESENTATION('',(#803),#807);
#803 = LINE('',#804,#805);
#804 = CARTESIAN_POINT('',(1.,-0.3));
#805 = VECTOR('',#806,1.);
#806 = DIRECTION('',(1.,0.));
#807 = ( GEOMETRIC_REPRESENTATION_CONTEXT(2) 
PARAMETRIC_REPRESENTATION_CONTEXT() REPRESENTATION_CONTEXT('2D SPACE',''
  ) );
#808 = ORIENTED_EDGE('',*,*,#809,.F.);
#809 = EDGE_CURVE('',#227,#782,#810,.T.);
#810 = SURFACE_CURVE('',#811,(#816,#822),.PCURVE_S1.);
#811 = CIRCLE('',#812,0.2);
#812 = AXIS2_PLACEMENT_3D('',#813,#814,#815);
#813 = CARTESIAN_POINT('',(-2.1,-2.9,3.3));
#814 = DIRECTION('',(1.,0.,-0.));
#815 = DIRECTION('',(0.,-1.026093789309E-32,1.));
#816 = PCURVE('',#242,#817);
#817 = DEFINITIONAL_REPRESENTATION('',(#818),#821);
#818 = B_SPLINE_CURVE_WITH_KNOTS('',1,(#819,#820),.UNSPECIFIED.,.F.,.F.,
  (2,2),(0.,1.570796326795),.PIECEWISE_BEZIER_KNOTS.);
#819 = CARTESIAN_POINT('',(0.,4.2));
#820 = CARTESIAN_POINT('',(-1.570796326795,4.2));
#821 = ( GEOMETRIC_REPRESENTATION_CONTEXT(2) 
PARAMETRIC_REPRESENTATION_CONTEXT() REPRESENTATION_CONTEXT('2D SPACE',''
  ) );
#822 = PCURVE('',#271,#823);
#823 = DEFINITIONAL_REPRESENTATION('',(#824),#827);
#824 = B_SPLINE_CURVE_WITH_KNOTS('',1,(#825,#826),.UNSPECIFIED.,.F.,.F.,
  (2,2),(0.,1.570796326795),.PIECEWISE_BEZIER_KNOTS.);
#825 = CARTESIAN_POINT('',(-4.440892098501E-16,4.712388980385));
#826 = CARTESIAN_POINT('',(-4.440892098501E-16,6.28318530718));
#827 = ( GEOMETRIC_REPRESENTATION_CONTEXT(2) 
PARAMETRIC_REPRESENTATION_CONTEXT() REPRESENTATION_CONTEXT('2D SPACE',''
  ) );
#828 = ORIENTED_EDGE('',*,*,#226,.F.);
#829 = ADVANCED_FACE('',(#830),#328,.T.);
#830 = FACE_BOUND('',#831,.T.);
#831 = EDGE_LOOP('',(#832,#854,#855,#856));
#832 = ORIENTED_EDGE('',*,*,#833,.F.);
#833 = EDGE_CURVE('',#284,#834,#836,.T.);
#834 = VERTEX_POINT('',#835);
#835 = CARTESIAN_POINT('',(-3.1,2.1,3.3));
#836 = SURFACE_CURVE('',#837,(#842,#848),.PCURVE_S1.);
#837 = CIRCLE('',#838,0.2);
#838 = AXIS2_PLACEMENT_3D('',#839,#840,#841);
#839 = CARTESIAN_POINT('',(-2.9,2.1,3.3));
#840 = DIRECTION('',(-0.,-1.,0.));
#841 = DIRECTION('',(-1.026093789309E-32,0.,1.));
#842 = PCURVE('',#328,#843);
#843 = DEFINITIONAL_REPRESENTATION('',(#844),#847);
#844 = B_SPLINE_CURVE_WITH_KNOTS('',1,(#845,#846),.UNSPECIFIED.,.F.,.F.,
  (2,2),(0.,1.570796326795),.PIECEWISE_BEZIER_KNOTS.);
#845 = CARTESIAN_POINT('',(0.,4.712388980385));
#846 = CARTESIAN_POINT('',(0.,6.28318530718));
#847 = ( GEOMETRIC_REPRESENTATION_CONTEXT(2) 
PARAMETRIC_REPRESENTATION_CONTEXT() REPRESENTATION_CONTEXT('2D SPACE',''
  ) );
#848 = PCURVE('',#299,#849);
#849 = DEFINITIONAL_REPRESENTATION('',(#850),#853);
#850 = B_SPLINE_CURVE_WITH_KNOTS('',1,(#851,#852),.UNSPECIFIED.,.F.,.F.,
  (2,2),(0.,1.570796326795),.PIECEWISE_BEZIER_KNOTS.);
#851 = CARTESIAN_POINT('',(0.,4.2));
#852 = CARTESIAN_POINT('',(-1.570796326795,4.2));
#853 = ( GEOMETRIC_REPRESENTATION_CONTEXT(2) 
PARAMETRIC_REPRESENTATION_CONTEXT() REPRESENTATION_CONTEXT('2D SPACE',''
  ) );
#854 = ORIENTED_EDGE('',*,*,#311,.T.);
#855 = ORIENTED_EDGE('',*,*,#727,.T.);
#856 = ORIENTED_EDGE('',*,*,#857,.F.);
#857 = EDGE_CURVE('',#834,#728,#858,.T.);
#858 = SURFACE_CURVE('',#859,(#864,#871),.PCURVE_S1.);
#859 = CIRCLE('',#860,1.);
#860 = AXIS2_PLACEMENT_3D('',#861,#862,#863);
#861 = CARTESIAN_POINT('',(-2.1,2.1,3.3));
#862 = DIRECTION('',(1.026093789309E-32,1.026093789309E-32,-1.));
#863 = DIRECTION('',(-1.,2.052187578619E-33,-1.026093789309E-32));
#864 = PCURVE('',#328,#865);
#865 = DEFINITIONAL_REPRESENTATION('',(#866),#870);
#866 = LINE('',#867,#868);
#867 = CARTESIAN_POINT('',(0.,6.28318530718));
#868 = VECTOR('',#869,1.);
#869 = DIRECTION('',(1.,0.));
#870 = ( GEOMETRIC_REPRESENTATION_CONTEXT(2) 
PARAMETRIC_REPRESENTATION_CONTEXT() REPRESENTATION_CONTEXT('2D SPACE',''
  ) );
#871 = PCURVE('',#872,#877);
#872 = CYLINDRICAL_SURFACE('',#873,1.);
#873 = AXIS2_PLACEMENT_3D('',#874,#875,#876);
#874 = CARTESIAN_POINT('',(-2.1,2.1,3.));
#875 = DIRECTION('',(0.,0.,1.));
#876 = DIRECTION('',(0.,1.,0.));
#877 = DEFINITIONAL_REPRESENTATION('',(#878),#882);
#878 = LINE('',#879,#880);
#879 = CARTESIAN_POINT('',(1.570796326795,0.3));
#880 = VECTOR('',#881,1.);
#881 = DIRECTION('',(-1.,-0.));
#882 = ( GEOMETRIC_REPRESENTATION_CONTEXT(2) 
PARAMETRIC_REPRESENTATION_CONTEXT() REPRESENTATION_CONTEXT('2D SPACE',''
  ) );
#883 = ADVANCED_FACE('',(#884),#271,.T.);
#884 = FACE_BOUND('',#885,.T.);
#885 = EDGE_LOOP('',(#886,#887,#888,#910));
#886 = ORIENTED_EDGE('',*,*,#809,.F.);
#887 = ORIENTED_EDGE('',*,*,#254,.T.);
#888 = ORIENTED_EDGE('',*,*,#889,.T.);
#889 = EDGE_CURVE('',#255,#890,#892,.T.);
#890 = VERTEX_POINT('',#891);
#891 = CARTESIAN_POINT('',(-3.1,-2.1,3.3));
#892 = SURFACE_CURVE('',#893,(#898,#904),.PCURVE_S1.);
#893 = CIRCLE('',#894,0.2);
#894 = AXIS2_PLACEMENT_3D('',#895,#896,#897);
#895 = CARTESIAN_POINT('',(-2.9,-2.1,3.3));
#896 = DIRECTION('',(6.123233995737E-17,-1.,-1.026093789309E-32));
#897 = DIRECTION('',(-1.,-6.123233995737E-17,-1.026093789309E-32));
#898 = PCURVE('',#271,#899);
#899 = DEFINITIONAL_REPRESENTATION('',(#900),#903);
#900 = B_SPLINE_CURVE_WITH_KNOTS('',1,(#901,#902),.UNSPECIFIED.,.F.,.F.,
  (2,2),(4.712388980385,6.28318530718),.PIECEWISE_BEZIER_KNOTS.);
#901 = CARTESIAN_POINT('',(1.570796326795,4.712388980385));
#902 = CARTESIAN_POINT('',(1.570796326795,6.28318530718));
#903 = ( GEOMETRIC_REPRESENTATION_CONTEXT(2) 
PARAMETRIC_REPRESENTATION_CONTEXT() REPRESENTATION_CONTEXT('2D SPACE',''
  ) );
#904 = PCURVE('',#299,#905);
#905 = DEFINITIONAL_REPRESENTATION('',(#906),#909);
#906 = B_SPLINE_CURVE_WITH_KNOTS('',1,(#907,#908),.UNSPECIFIED.,.F.,.F.,
  (2,2),(4.712388980385,6.28318530718),.PIECEWISE_BEZIER_KNOTS.);
#907 = CARTESIAN_POINT('',(0.,0.));
#908 = CARTESIAN_POINT('',(-1.570796326795,0.));
#909 = ( GEOMETRIC_REPRESENTATION_CONTEXT(2) 
PARAMETRIC_REPRESENTATION_CONTEXT() REPRESENTATION_CONTEXT('2D SPACE',''
  ) );
#910 = ORIENTED_EDGE('',*,*,#911,.F.);
#911 = EDGE_CURVE('',#782,#890,#912,.T.);
#912 = SURFACE_CURVE('',#913,(#918,#925),.PCURVE_S1.);
#913 = CIRCLE('',#914,1.);
#914 = AXIS2_PLACEMENT_3D('',#915,#916,#917);
#915 = CARTESIAN_POINT('',(-2.1,-2.1,3.3));
#916 = DIRECTION('',(1.026093789309E-32,1.026093789309E-32,-1.));
#917 = DIRECTION('',(-4.440892098501E-16,-1.,-1.026093789309E-32));
#918 = PCURVE('',#271,#919);
#919 = DEFINITIONAL_REPRESENTATION('',(#920),#924);
#920 = LINE('',#921,#922);
#921 = CARTESIAN_POINT('',(0.,6.28318530718));
#922 = VECTOR('',#923,1.);
#923 = DIRECTION('',(1.,0.));
#924 = ( GEOMETRIC_REPRESENTATION_CONTEXT(2) 
PARAMETRIC_REPRESENTATION_CONTEXT() REPRESENTATION_CONTEXT('2D SPACE',''
  ) );
#925 = PCURVE('',#926,#931);
#926 = CYLINDRICAL_SURFACE('',#927,1.);
#927 = AXIS2_PLACEMENT_3D('',#928,#929,#930);
#928 = CARTESIAN_POINT('',(-2.1,-2.1,3.));
#929 = DIRECTION('',(0.,0.,1.));
#930 = DIRECTION('',(-1.,0.,0.));
#931 = DEFINITIONAL_REPRESENTATION('',(#932),#936);
#932 = LINE('',#933,#934);
#933 = CARTESIAN_POINT('',(1.570796326795,0.3));
#934 = VECTOR('',#935,1.);
#935 = DIRECTION('',(-1.,-0.));
#936 = ( GEOMETRIC_REPRESENTATION_CONTEXT(2) 
PARAMETRIC_REPRESENTATION_CONTEXT() REPRESENTATION_CONTEXT('2D SPACE',''
  ) );
#937 = ADVANCED_FACE('',(#938),#299,.T.);
#938 = FACE_BOUND('',#939,.F.);
#939 = EDGE_LOOP('',(#940,#941,#967,#968));
#940 = ORIENTED_EDGE('',*,*,#889,.T.);
#941 = ORIENTED_EDGE('',*,*,#942,.T.);
#942 = EDGE_CURVE('',#890,#834,#943,.T.);
#943 = SURFACE_CURVE('',#944,(#948,#955),.PCURVE_S1.);
#944 = LINE('',#945,#946);
#945 = CARTESIAN_POINT('',(-3.1,-2.1,3.3));
#946 = VECTOR('',#947,1.);
#947 = DIRECTION('',(0.,1.,0.));
#948 = PCURVE('',#299,#949);
#949 = DEFINITIONAL_REPRESENTATION('',(#950),#954);
#950 = LINE('',#951,#952);
#951 = CARTESIAN_POINT('',(-1.570796326795,0.));
#952 = VECTOR('',#953,1.);
#953 = DIRECTION('',(-0.,1.));
#954 = ( GEOMETRIC_REPRESENTATION_CONTEXT(2) 
PARAMETRIC_REPRESENTATION_CONTEXT() REPRESENTATION_CONTEXT('2D SPACE',''
  ) );
#955 = PCURVE('',#956,#961);
#956 = PLANE('',#957);
#957 = AXIS2_PLACEMENT_3D('',#958,#959,#960);
#958 = CARTESIAN_POINT('',(-3.1,-3.1,3.));
#959 = DIRECTION('',(-1.,0.,0.));
#960 = DIRECTION('',(0.,1.,0.));
#961 = DEFINITIONAL_REPRESENTATION('',(#962),#966);
#962 = LINE('',#963,#964);
#963 = CARTESIAN_POINT('',(1.,-0.3));
#964 = VECTOR('',#965,1.);
#965 = DIRECTION('',(1.,0.));
#966 = ( GEOMETRIC_REPRESENTATION_CONTEXT(2) 
PARAMETRIC_REPRESENTATION_CONTEXT() REPRESENTATION_CONTEXT('2D SPACE',''
  ) );
#967 = ORIENTED_EDGE('',*,*,#833,.F.);
#968 = ORIENTED_EDGE('',*,*,#283,.F.);
#969 = ADVANCED_FACE('',(#970),#421,.T.);
#970 = FACE_BOUND('',#971,.F.);
#971 = EDGE_LOOP('',(#972,#995,#1022,#1023));
#972 = ORIENTED_EDGE('',*,*,#973,.T.);
#973 = EDGE_CURVE('',#401,#974,#976,.T.);
#974 = VERTEX_POINT('',#975);
#975 = CARTESIAN_POINT('',(1.75,-5.993553106236E-32,4.6));
#976 = SEAM_CURVE('',#977,(#981,#988),.PCURVE_S1.);
#977 = LINE('',#978,#979);
#978 = CARTESIAN_POINT('',(1.75,-3.591328262583E-32,3.5));
#979 = VECTOR('',#980,1.);
#980 = DIRECTION('',(-1.026093789309E-32,-1.026093789309E-32,1.));
#981 = PCURVE('',#421,#982);
#982 = DEFINITIONAL_REPRESENTATION('',(#983),#987);
#983 = LINE('',#984,#985);
#984 = CARTESIAN_POINT('',(-0.,0.));
#985 = VECTOR('',#986,1.);
#986 = DIRECTION('',(-0.,-1.));
#987 = ( GEOMETRIC_REPRESENTATION_CONTEXT(2) 
PARAMETRIC_REPRESENTATION_CONTEXT() REPRESENTATION_CONTEXT('2D SPACE',''
  ) );
#988 = PCURVE('',#421,#989);
#989 = DEFINITIONAL_REPRESENTATION('',(#990),#994);
#990 = LINE('',#991,#992);
#991 = CARTESIAN_POINT('',(-6.28318530718,0.));
#992 = VECTOR('',#993,1.);
#993 = DIRECTION('',(-0.,-1.));
#994 = ( GEOMETRIC_REPRESENTATION_CONTEXT(2) 
PARAMETRIC_REPRESENTATION_CONTEXT() REPRESENTATION_CONTEXT('2D SPACE',''
  ) );
#995 = ORIENTED_EDGE('',*,*,#996,.T.);
#996 = EDGE_CURVE('',#974,#974,#997,.T.);
#997 = SURFACE_CURVE('',#998,(#1003,#1010),.PCURVE_S1.);
#998 = CIRCLE('',#999,1.75);
#999 = AXIS2_PLACEMENT_3D('',#1000,#1001,#1002);
#1000 = CARTESIAN_POINT('',(-1.045609639467E-32,1.396887411265E-32,4.6)
  );
#1001 = DIRECTION('',(2.146560286316E-32,5.341514587755E-32,1.));
#1002 = DIRECTION('',(1.,-4.223108867143E-32,-2.146560286316E-32));
#1003 = PCURVE('',#421,#1004);
#1004 = DEFINITIONAL_REPRESENTATION('',(#1005),#1009);
#1005 = LINE('',#1006,#1007);
#1006 = CARTESIAN_POINT('',(-0.,-1.1));
#1007 = VECTOR('',#1008,1.);
#1008 = DIRECTION('',(-1.,0.));
#1009 = ( GEOMETRIC_REPRESENTATION_CONTEXT(2) 
PARAMETRIC_REPRESENTATION_CONTEXT() REPRESENTATION_CONTEXT('2D SPACE',''
  ) );
#1010 = PCURVE('',#1011,#1016);
#1011 = TOROIDAL_SURFACE('',#1012,1.55,0.2);
#1012 = AXIS2_PLACEMENT_3D('',#1013,#1014,#1015);
#1013 = CARTESIAN_POINT('',(-1.045609639467E-32,1.396887411265E-32,4.6)
  );
#1014 = DIRECTION('',(2.146560286316E-32,5.341514587755E-32,1.));
#1015 = DIRECTION('',(1.,-4.223108867143E-32,-2.146560286316E-32));
#1016 = DEFINITIONAL_REPRESENTATION('',(#1017),#1021);
#1017 = LINE('',#1018,#1019);
#1018 = CARTESIAN_POINT('',(0.,0.));
#1019 = VECTOR('',#1020,1.);
#1020 = DIRECTION('',(1.,0.));
#1021 = ( GEOMETRIC_REPRESENTATION_CONTEXT(2) 
PARAMETRIC_REPRESENTATION_CONTEXT() REPRESENTATION_CONTEXT('2D SPACE',''
  ) );
#1022 = ORIENTED_EDGE('',*,*,#973,.F.);
#1023 = ORIENTED_EDGE('',*,*,#400,.F.);
#1024 = ADVANCED_FACE('',(#1025),#456,.T.);
#1025 = FACE_BOUND('',#1026,.F.);
#1026 = EDGE_LOOP('',(#1027,#1050,#1077,#1078));
#1027 = ORIENTED_EDGE('',*,*,#1028,.T.);
#1028 = EDGE_CURVE('',#436,#1029,#1031,.T.);
#1029 = VERTEX_POINT('',#1030);
#1030 = CARTESIAN_POINT('',(-1.6,2.1,3.65));
#1031 = SEAM_CURVE('',#1032,(#1036,#1043),.PCURVE_S1.);
#1032 = LINE('',#1033,#1034);
#1033 = CARTESIAN_POINT('',(-1.6,2.1,3.5));
#1034 = VECTOR('',#1035,1.);
#1035 = DIRECTION('',(-1.026093789309E-32,-1.026093789309E-32,1.));
#1036 = PCURVE('',#456,#1037);
#1037 = DEFINITIONAL_REPRESENTATION('',(#1038),#1042);
#1038 = LINE('',#1039,#1040);
#1039 = CARTESIAN_POINT('',(-0.,0.));
#1040 = VECTOR('',#1041,1.);
#1041 = DIRECTION('',(-0.,-1.));
#1042 = ( GEOMETRIC_REPRESENTATION_CONTEXT(2) 
PARAMETRIC_REPRESENTATION_CONTEXT() REPRESENTATION_CONTEXT('2D SPACE',''
  ) );
#1043 = PCURVE('',#456,#1044);
#1044 = DEFINITIONAL_REPRESENTATION('',(#1045),#1049);
#1045 = LINE('',#1046,#1047);
#1046 = CARTESIAN_POINT('',(-6.28318530718,0.));
#1047 = VECTOR('',#1048,1.);
#1048 = DIRECTION('',(-0.,-1.));
#1049 = ( GEOMETRIC_REPRESENTATION_CONTEXT(2) 
PARAMETRIC_REPRESENTATION_CONTEXT() REPRESENTATION_CONTEXT('2D SPACE',''
  ) );
#1050 = ORIENTED_EDGE('',*,*,#1051,.T.);
#1051 = EDGE_CURVE('',#1029,#1029,#1052,.T.);
#1052 = SURFACE_CURVE('',#1053,(#1058,#1065),.PCURVE_S1.);
#1053 = CIRCLE('',#1054,0.5);
#1054 = AXIS2_PLACEMENT_3D('',#1055,#1056,#1057);
#1055 = CARTESIAN_POINT('',(-2.1,2.1,3.65));
#1056 = DIRECTION('',(0.,0.,1.));
#1057 = DIRECTION('',(1.,0.,0.));
#1058 = PCURVE('',#456,#1059);
#1059 = DEFINITIONAL_REPRESENTATION('',(#1060),#1064);
#1060 = LINE('',#1061,#1062);
#1061 = CARTESIAN_POINT('',(-0.,-0.15));
#1062 = VECTOR('',#1063,1.);
#1063 = DIRECTION('',(-1.,0.));
#1064 = ( GEOMETRIC_REPRESENTATION_CONTEXT(2) 
PARAMETRIC_REPRESENTATION_CONTEXT() REPRESENTATION_CONTEXT('2D SPACE',''
  ) );
#1065 = PCURVE('',#1066,#1071);
#1066 = TOROIDAL_SURFACE('',#1067,0.4,0.1);
#1067 = AXIS2_PLACEMENT_3D('',#1068,#1069,#1070);
#1068 = CARTESIAN_POINT('',(-2.1,2.1,3.65));
#1069 = DIRECTION('',(0.,0.,1.));
#1070 = DIRECTION('',(1.,0.,0.));
#1071 = DEFINITIONAL_REPRESENTATION('',(#1072),#1076);
#1072 = LINE('',#1073,#1074);
#1073 = CARTESIAN_POINT('',(0.,0.));
#1074 = VECTOR('',#1075,1.);
#1075 = DIRECTION('',(1.,0.));
#1076 = ( GEOMETRIC_REPRESENTATION_CONTEXT(2) 
PARAMETRIC_REPRESENTATION_CONTEXT() REPRESENTATION_CONTEXT('2D SPACE',''
  ) );
#1077 = ORIENTED_EDGE('',*,*,#1028,.F.);
#1078 = ORIENTED_EDGE('',*,*,#435,.F.);
#1079 = ADVANCED_FACE('',(#1080),#491,.T.);
#1080 = FACE_BOUND('',#1081,.F.);
#1081 = EDGE_LOOP('',(#1082,#1105,#1132,#1133));
#1082 = ORIENTED_EDGE('',*,*,#1083,.T.);
#1083 = EDGE_CURVE('',#471,#1084,#1086,.T.);
#1084 = VERTEX_POINT('',#1085);
#1085 = CARTESIAN_POINT('',(2.6,2.1,3.65));
#1086 = SEAM_CURVE('',#1087,(#1091,#1098),.PCURVE_S1.);
#1087 = LINE('',#1088,#1089);
#1088 = CARTESIAN_POINT('',(2.6,2.1,3.5));
#1089 = VECTOR('',#1090,1.);
#1090 = DIRECTION('',(-1.026093789309E-32,-1.026093789309E-32,1.));
#1091 = PCURVE('',#491,#1092);
#1092 = DEFINITIONAL_REPRESENTATION('',(#1093),#1097);
#1093 = LINE('',#1094,#1095);
#1094 = CARTESIAN_POINT('',(-0.,0.));
#1095 = VECTOR('',#1096,1.);
#1096 = DIRECTION('',(-0.,-1.));
#1097 = ( GEOMETRIC_REPRESENTATION_CONTEXT(2) 
PARAMETRIC_REPRESENTATION_CONTEXT() REPRESENTATION_CONTEXT('2D SPACE',''
  ) );
#1098 = PCURVE('',#491,#1099);
#1099 = DEFINITIONAL_REPRESENTATION('',(#1100),#1104);
#1100 = LINE('',#1101,#1102);
#1101 = CARTESIAN_POINT('',(-6.28318530718,0.));
#1102 = VECTOR('',#1103,1.);
#1103 = DIRECTION('',(-0.,-1.));
#1104 = ( GEOMETRIC_REPRESENTATION_CONTEXT(2) 
PARAMETRIC_REPRESENTATION_CONTEXT() REPRESENTATION_CONTEXT('2D SPACE',''
  ) );
#1105 = ORIENTED_EDGE('',*,*,#1106,.T.);
#1106 = EDGE_CURVE('',#1084,#1084,#1107,.T.);
#1107 = SURFACE_CURVE('',#1108,(#1113,#1120),.PCURVE_S1.);
#1108 = CIRCLE('',#1109,0.5);
#1109 = AXIS2_PLACEMENT_3D('',#1110,#1111,#1112);
#1110 = CARTESIAN_POINT('',(2.1,2.1,3.65));
#1111 = DIRECTION('',(0.,0.,1.));
#1112 = DIRECTION('',(1.,0.,0.));
#1113 = PCURVE('',#491,#1114);
#1114 = DEFINITIONAL_REPRESENTATION('',(#1115),#1119);
#1115 = LINE('',#1116,#1117);
#1116 = CARTESIAN_POINT('',(-0.,-0.15));
#1117 = VECTOR('',#1118,1.);
#1118 = DIRECTION('',(-1.,0.));
#1119 = ( GEOMETRIC_REPRESENTATION_CONTEXT(2) 
PARAMETRIC_REPRESENTATION_CONTEXT() REPRESENTATION_CONTEXT('2D SPACE',''
  ) );
#1120 = PCURVE('',#1121,#1126);
#1121 = TOROIDAL_SURFACE('',#1122,0.4,0.1);
#1122 = AXIS2_PLACEMENT_3D('',#1123,#1124,#1125);
#1123 = CARTESIAN_POINT('',(2.1,2.1,3.65));
#1124 = DIRECTION('',(0.,0.,1.));
#1125 = DIRECTION('',(1.,0.,0.));
#1126 = DEFINITIONAL_REPRESENTATION('',(#1127),#1131);
#1127 = LINE('',#1128,#1129);
#1128 = CARTESIAN_POINT('',(0.,0.));
#1129 = VECTOR('',#1130,1.);
#1130 = DIRECTION('',(1.,0.));
#1131 = ( GEOMETRIC_REPRESENTATION_CONTEXT(2) 
PARAMETRIC_REPRESENTATION_CONTEXT() REPRESENTATION_CONTEXT('2D SPACE',''
  ) );
#1132 = ORIENTED_EDGE('',*,*,#1083,.F.);
#1133 = ORIENTED_EDGE('',*,*,#470,.F.);
#1134 = ADVANCED_FACE('',(#1135),#526,.T.);
#1135 = FACE_BOUND('',#1136,.F.);
#1136 = EDGE_LOOP('',(#1137,#1160,#1187,#1188));
#1137 = ORIENTED_EDGE('',*,*,#1138,.T.);
#1138 = EDGE_CURVE('',#506,#1139,#1141,.T.);
#1139 = VERTEX_POINT('',#1140);
#1140 = CARTESIAN_POINT('',(2.6,-2.1,3.65));
#1141 = SEAM_CURVE('',#1142,(#1146,#1153),.PCURVE_S1.);
#1142 = LINE('',#1143,#1144);
#1143 = CARTESIAN_POINT('',(2.6,-2.1,3.5));
#1144 = VECTOR('',#1145,1.);
#1145 = DIRECTION('',(-1.026093789309E-32,-1.026093789309E-32,1.));
#1146 = PCURVE('',#526,#1147);
#1147 = DEFINITIONAL_REPRESENTATION('',(#1148),#1152);
#1148 = LINE('',#1149,#1150);
#1149 = CARTESIAN_POINT('',(-0.,0.));
#1150 = VECTOR('',#1151,1.);
#1151 = DIRECTION('',(-0.,-1.));
#1152 = ( GEOMETRIC_REPRESENTATION_CONTEXT(2) 
PARAMETRIC_REPRESENTATION_CONTEXT() REPRESENTATION_CONTEXT('2D SPACE',''
  ) );
#1153 = PCURVE('',#526,#1154);
#1154 = DEFINITIONAL_REPRESENTATION('',(#1155),#1159);
#1155 = LINE('',#1156,#1157);
#1156 = CARTESIAN_POINT('',(-6.28318530718,0.));
#1157 = VECTOR('',#1158,1.);
#1158 = DIRECTION('',(-0.,-1.));
#1159 = ( GEOMETRIC_REPRESENTATION_CONTEXT(2) 
PARAMETRIC_REPRESENTATION_CONTEXT() REPRESENTATION_CONTEXT('2D SPACE',''
  ) );
#1160 = ORIENTED_EDGE('',*,*,#1161,.T.);
#1161 = EDGE_CURVE('',#1139,#1139,#1162,.T.);
#1162 = SURFACE_CURVE('',#1163,(#1168,#1175),.PCURVE_S1.);
#1163 = CIRCLE('',#1164,0.5);
#1164 = AXIS2_PLACEMENT_3D('',#1165,#1166,#1167);
#1165 = CARTESIAN_POINT('',(2.1,-2.1,3.65));
#1166 = DIRECTION('',(0.,0.,1.));
#1167 = DIRECTION('',(1.,0.,0.));
#1168 = PCURVE('',#526,#1169);
#1169 = DEFINITIONAL_REPRESENTATION('',(#1170),#1174);
#1170 = LINE('',#1171,#1172);
#1171 = CARTESIAN_POINT('',(-0.,-0.15));
#1172 = VECTOR('',#1173,1.);
#1173 = DIRECTION('',(-1.,0.));
#1174 = ( GEOMETRIC_REPRESENTATION_CONTEXT(2) 
PARAMETRIC_REPRESENTATION_CONTEXT() REPRESENTATION_CONTEXT('2D SPACE',''
  ) );
#1175 = PCURVE('',#1176,#1181);
#1176 = TOROIDAL_SURFACE('',#1177,0.4,0.1);
#1177 = AXIS2_PLACEMENT_3D('',#1178,#1179,#1180);
#1178 = CARTESIAN_POINT('',(2.1,-2.1,3.65));
#1179 = DIRECTION('',(0.,0.,1.));
#1180 = DIRECTION('',(1.,0.,0.));
#1181 = DEFINITIONAL_REPRESENTATION('',(#1182),#1186);
#1182 = LINE('',#1183,#1184);
#1183 = CARTESIAN_POINT('',(0.,0.));
#1184 = VECTOR('',#1185,1.);
#1185 = DIRECTION('',(1.,0.));
#1186 = ( GEOMETRIC_REPRESENTATION_CONTEXT(2) 
PARAMETRIC_REPRESENTATION_CONTEXT() REPRESENTATION_CONTEXT('2D SPACE',''
  ) );
#1187 = ORIENTED_EDGE('',*,*,#1138,.F.);
#1188 = ORIENTED_EDGE('',*,*,#505,.F.);
#1189 = ADVANCED_FACE('',(#1190),#583,.T.);
#1190 = FACE_BOUND('',#1191,.T.);
#1191 = EDGE_LOOP('',(#1192,#1215,#1216,#1239));
#1192 = ORIENTED_EDGE('',*,*,#1193,.T.);
#1193 = EDGE_CURVE('',#1194,#546,#1196,.T.);
#1194 = VERTEX_POINT('',#1195);
#1195 = CARTESIAN_POINT('',(3.1,2.1,3.));
#1196 = SURFACE_CURVE('',#1197,(#1201,#1208),.PCURVE_S1.);
#1197 = LINE('',#1198,#1199);
#1198 = CARTESIAN_POINT('',(3.1,2.1,3.));
#1199 = VECTOR('',#1200,1.);
#1200 = DIRECTION('',(0.,0.,1.));
#1201 = PCURVE('',#583,#1202);
#1202 = DEFINITIONAL_REPRESENTATION('',(#1203),#1207);
#1203 = LINE('',#1204,#1205);
#1204 = CARTESIAN_POINT('',(1.,0.));
#1205 = VECTOR('',#1206,1.);
#1206 = DIRECTION('',(0.,-1.));
#1207 = ( GEOMETRIC_REPRESENTATION_CONTEXT(2) 
PARAMETRIC_REPRESENTATION_CONTEXT() REPRESENTATION_CONTEXT('2D SPACE',''
  ) );
#1208 = PCURVE('',#658,#1209);
#1209 = DEFINITIONAL_REPRESENTATION('',(#1210),#1214);
#1210 = LINE('',#1211,#1212);
#1211 = CARTESIAN_POINT('',(-1.570796326795,0.));
#1212 = VECTOR('',#1213,1.);
#1213 = DIRECTION('',(-0.,1.));
#1214 = ( GEOMETRIC_REPRESENTATION_CONTEXT(2) 
PARAMETRIC_REPRESENTATION_CONTEXT() REPRESENTATION_CONTEXT('2D SPACE',''
  ) );
#1215 = ORIENTED_EDGE('',*,*,#567,.T.);
#1216 = ORIENTED_EDGE('',*,*,#1217,.F.);
#1217 = EDGE_CURVE('',#1218,#568,#1220,.T.);
#1218 = VERTEX_POINT('',#1219);
#1219 = CARTESIAN_POINT('',(3.1,-2.1,3.));
#1220 = SURFACE_CURVE('',#1221,(#1225,#1232),.PCURVE_S1.);
#1221 = LINE('',#1222,#1223);
#1222 = CARTESIAN_POINT('',(3.1,-2.1,3.));
#1223 = VECTOR('',#1224,1.);
#1224 = DIRECTION('',(0.,0.,1.));
#1225 = PCURVE('',#583,#1226);
#1226 = DEFINITIONAL_REPRESENTATION('',(#1227),#1231);
#1227 = LINE('',#1228,#1229);
#1228 = CARTESIAN_POINT('',(5.2,0.));
#1229 = VECTOR('',#1230,1.);
#1230 = DIRECTION('',(0.,-1.));
#1231 = ( GEOMETRIC_REPRESENTATION_CONTEXT(2) 
PARAMETRIC_REPRESENTATION_CONTEXT() REPRESENTATION_CONTEXT('2D SPACE',''
  ) );
#1232 = PCURVE('',#712,#1233);
#1233 = DEFINITIONAL_REPRESENTATION('',(#1234),#1238);
#1234 = LINE('',#1235,#1236);
#1235 = CARTESIAN_POINT('',(-0.,0.));
#1236 = VECTOR('',#1237,1.);
#1237 = DIRECTION('',(-0.,1.));
#1238 = ( GEOMETRIC_REPRESENTATION_CONTEXT(2) 
PARAMETRIC_REPRESENTATION_CONTEXT() REPRESENTATION_CONTEXT('2D SPACE',''
  ) );
#1239 = ORIENTED_EDGE('',*,*,#1240,.F.);
#1240 = EDGE_CURVE('',#1194,#1218,#1241,.T.);
#1241 = SURFACE_CURVE('',#1242,(#1246,#1253),.PCURVE_S1.);
#1242 = LINE('',#1243,#1244);
#1243 = CARTESIAN_POINT('',(3.1,3.1,3.));
#1244 = VECTOR('',#1245,1.);
#1245 = DIRECTION('',(0.,-1.,0.));
#1246 = PCURVE('',#583,#1247);
#1247 = DEFINITIONAL_REPRESENTATION('',(#1248),#1252);
#1248 = LINE('',#1249,#1250);
#1249 = CARTESIAN_POINT('',(0.,0.));
#1250 = VECTOR('',#1251,1.);
#1251 = DIRECTION('',(1.,0.));
#1252 = ( GEOMETRIC_REPRESENTATION_CONTEXT(2) 
PARAMETRIC_REPRESENTATION_CONTEXT() REPRESENTATION_CONTEXT('2D SPACE',''
  ) );
#1253 = PCURVE('',#1254,#1259);
#1254 = PLANE('',#1255);
#1255 = AXIS2_PLACEMENT_3D('',#1256,#1257,#1258);
#1256 = CARTESIAN_POINT('',(3.1,3.1,0.));
#1257 = DIRECTION('',(1.,0.,0.));
#1258 = DIRECTION('',(0.,-1.,0.));
#1259 = DEFINITIONAL_REPRESENTATION('',(#1260),#1264);
#1260 = LINE('',#1261,#1262);
#1261 = CARTESIAN_POINT('',(0.,-3.));
#1262 = VECTOR('',#1263,1.);
#1263 = DIRECTION('',(1.,0.));
#1264 = ( GEOMETRIC_REPRESENTATION_CONTEXT(2) 
PARAMETRIC_REPRESENTATION_CONTEXT() REPRESENTATION_CONTEXT('2D SPACE',''
  ) );
#1265 = ADVANCED_FACE('',(#1266),#658,.T.);
#1266 = FACE_BOUND('',#1267,.F.);
#1267 = EDGE_LOOP('',(#1268,#1291,#1316,#1317));
#1268 = ORIENTED_EDGE('',*,*,#1269,.F.);
#1269 = EDGE_CURVE('',#1270,#620,#1272,.T.);
#1270 = VERTEX_POINT('',#1271);
#1271 = CARTESIAN_POINT('',(2.1,3.1,3.));
#1272 = SURFACE_CURVE('',#1273,(#1277,#1284),.PCURVE_S1.);
#1273 = LINE('',#1274,#1275);
#1274 = CARTESIAN_POINT('',(2.1,3.1,3.));
#1275 = VECTOR('',#1276,1.);
#1276 = DIRECTION('',(0.,0.,1.));
#1277 = PCURVE('',#658,#1278);
#1278 = DEFINITIONAL_REPRESENTATION('',(#1279),#1283);
#1279 = LINE('',#1280,#1281);
#1280 = CARTESIAN_POINT('',(-0.,0.));
#1281 = VECTOR('',#1282,1.);
#1282 = DIRECTION('',(-0.,1.));
#1283 = ( GEOMETRIC_REPRESENTATION_CONTEXT(2) 
PARAMETRIC_REPRESENTATION_CONTEXT() REPRESENTATION_CONTEXT('2D SPACE',''
  ) );
#1284 = PCURVE('',#763,#1285);
#1285 = DEFINITIONAL_REPRESENTATION('',(#1286),#1290);
#1286 = LINE('',#1287,#1288);
#1287 = CARTESIAN_POINT('',(5.2,0.));
#1288 = VECTOR('',#1289,1.);
#1289 = DIRECTION('',(0.,-1.));
#1290 = ( GEOMETRIC_REPRESENTATION_CONTEXT(2) 
PARAMETRIC_REPRESENTATION_CONTEXT() REPRESENTATION_CONTEXT('2D SPACE',''
  ) );
#1291 = ORIENTED_EDGE('',*,*,#1292,.T.);
#1292 = EDGE_CURVE('',#1270,#1194,#1293,.T.);
#1293 = SURFACE_CURVE('',#1294,(#1299,#1305),.PCURVE_S1.);
#1294 = CIRCLE('',#1295,1.);
#1295 = AXIS2_PLACEMENT_3D('',#1296,#1297,#1298);
#1296 = CARTESIAN_POINT('',(2.1,2.1,3.));
#1297 = DIRECTION('',(0.,0.,-1.));
#1298 = DIRECTION('',(-7.16272919113E-17,1.,0.));
#1299 = PCURVE('',#658,#1300);
#1300 = DEFINITIONAL_REPRESENTATION('',(#1301),#1304);
#1301 = B_SPLINE_CURVE_WITH_KNOTS('',1,(#1302,#1303),.UNSPECIFIED.,.F.,
  .F.,(2,2),(0.,1.570796326795),.PIECEWISE_BEZIER_KNOTS.);
#1302 = CARTESIAN_POINT('',(0.,0.));
#1303 = CARTESIAN_POINT('',(-1.570796326795,0.));
#1304 = ( GEOMETRIC_REPRESENTATION_CONTEXT(2) 
PARAMETRIC_REPRESENTATION_CONTEXT() REPRESENTATION_CONTEXT('2D SPACE',''
  ) );
#1305 = PCURVE('',#1306,#1311);
#1306 = CYLINDRICAL_SURFACE('',#1307,1.);
#1307 = AXIS2_PLACEMENT_3D('',#1308,#1309,#1310);
#1308 = CARTESIAN_POINT('',(2.1,2.1,0.));
#1309 = DIRECTION('',(0.,0.,1.));
#1310 = DIRECTION('',(-7.16272919113E-17,1.,0.));
#1311 = DEFINITIONAL_REPRESENTATION('',(#1312),#1315);
#1312 = B_SPLINE_CURVE_WITH_KNOTS('',1,(#1313,#1314),.UNSPECIFIED.,.F.,
  .F.,(2,2),(0.,1.570796326795),.PIECEWISE_BEZIER_KNOTS.);
#1313 = CARTESIAN_POINT('',(0.,3.));
#1314 = CARTESIAN_POINT('',(-1.570796326795,3.));
#1315 = ( GEOMETRIC_REPRESENTATION_CONTEXT(2) 
PARAMETRIC_REPRESENTATION_CONTEXT() REPRESENTATION_CONTEXT('2D SPACE',''
  ) );
#1316 = ORIENTED_EDGE('',*,*,#1193,.T.);
#1317 = ORIENTED_EDGE('',*,*,#643,.F.);
#1318 = ADVANCED_FACE('',(#1319),#712,.T.);
#1319 = FACE_BOUND('',#1320,.F.);
#1320 = EDGE_LOOP('',(#1321,#1322,#1349,#1370));
#1321 = ORIENTED_EDGE('',*,*,#1217,.F.);
#1322 = ORIENTED_EDGE('',*,*,#1323,.T.);
#1323 = EDGE_CURVE('',#1218,#1324,#1326,.T.);
#1324 = VERTEX_POINT('',#1325);
#1325 = CARTESIAN_POINT('',(2.1,-3.1,3.));
#1326 = SURFACE_CURVE('',#1327,(#1332,#1338),.PCURVE_S1.);
#1327 = CIRCLE('',#1328,1.);
#1328 = AXIS2_PLACEMENT_3D('',#1329,#1330,#1331);
#1329 = CARTESIAN_POINT('',(2.1,-2.1,3.));
#1330 = DIRECTION('',(0.,0.,-1.));
#1331 = DIRECTION('',(1.,0.,0.));
#1332 = PCURVE('',#712,#1333);
#1333 = DEFINITIONAL_REPRESENTATION('',(#1334),#1337);
#1334 = B_SPLINE_CURVE_WITH_KNOTS('',1,(#1335,#1336),.UNSPECIFIED.,.F.,
  .F.,(2,2),(0.,1.570796326795),.PIECEWISE_BEZIER_KNOTS.);
#1335 = CARTESIAN_POINT('',(0.,0.));
#1336 = CARTESIAN_POINT('',(-1.570796326795,0.));
#1337 = ( GEOMETRIC_REPRESENTATION_CONTEXT(2) 
PARAMETRIC_REPRESENTATION_CONTEXT() REPRESENTATION_CONTEXT('2D SPACE',''
  ) );
#1338 = PCURVE('',#1339,#1344);
#1339 = CYLINDRICAL_SURFACE('',#1340,1.);
#1340 = AXIS2_PLACEMENT_3D('',#1341,#1342,#1343);
#1341 = CARTESIAN_POINT('',(2.1,-2.1,0.));
#1342 = DIRECTION('',(0.,0.,1.));
#1343 = DIRECTION('',(1.,0.,0.));
#1344 = DEFINITIONAL_REPRESENTATION('',(#1345),#1348);
#1345 = B_SPLINE_CURVE_WITH_KNOTS('',1,(#1346,#1347),.UNSPECIFIED.,.F.,
  .F.,(2,2),(0.,1.570796326795),.PIECEWISE_BEZIER_KNOTS.);
#1346 = CARTESIAN_POINT('',(0.,3.));
#1347 = CARTESIAN_POINT('',(-1.570796326795,3.));
#1348 = ( GEOMETRIC_REPRESENTATION_CONTEXT(2) 
PARAMETRIC_REPRESENTATION_CONTEXT() REPRESENTATION_CONTEXT('2D SPACE',''
  ) );
#1349 = ORIENTED_EDGE('',*,*,#1350,.T.);
#1350 = EDGE_CURVE('',#1324,#676,#1351,.T.);
#1351 = SURFACE_CURVE('',#1352,(#1356,#1363),.PCURVE_S1.);
#1352 = LINE('',#1353,#1354);
#1353 = CARTESIAN_POINT('',(2.1,-3.1,3.));
#1354 = VECTOR('',#1355,1.);
#1355 = DIRECTION('',(0.,0.,1.));
#1356 = PCURVE('',#712,#1357);
#1357 = DEFINITIONAL_REPRESENTATION('',(#1358),#1362);
#1358 = LINE('',#1359,#1360);
#1359 = CARTESIAN_POINT('',(-1.570796326795,0.));
#1360 = VECTOR('',#1361,1.);
#1361 = DIRECTION('',(-0.,1.));
#1362 = ( GEOMETRIC_REPRESENTATION_CONTEXT(2) 
PARAMETRIC_REPRESENTATION_CONTEXT() REPRESENTATION_CONTEXT('2D SPACE',''
  ) );
#1363 = PCURVE('',#797,#1364);
#1364 = DEFINITIONAL_REPRESENTATION('',(#1365),#1369);
#1365 = LINE('',#1366,#1367);
#1366 = CARTESIAN_POINT('',(1.,0.));
#1367 = VECTOR('',#1368,1.);
#1368 = DIRECTION('',(0.,-1.));
#1369 = ( GEOMETRIC_REPRESENTATION_CONTEXT(2) 
PARAMETRIC_REPRESENTATION_CONTEXT() REPRESENTATION_CONTEXT('2D SPACE',''
  ) );
#1370 = ORIENTED_EDGE('',*,*,#697,.F.);
#1371 = ADVANCED_FACE('',(#1372),#763,.T.);
#1372 = FACE_BOUND('',#1373,.T.);
#1373 = EDGE_LOOP('',(#1374,#1397,#1398,#1399));
#1374 = ORIENTED_EDGE('',*,*,#1375,.T.);
#1375 = EDGE_CURVE('',#1376,#728,#1378,.T.);
#1376 = VERTEX_POINT('',#1377);
#1377 = CARTESIAN_POINT('',(-2.1,3.1,3.));
#1378 = SURFACE_CURVE('',#1379,(#1383,#1390),.PCURVE_S1.);
#1379 = LINE('',#1380,#1381);
#1380 = CARTESIAN_POINT('',(-2.1,3.1,3.));
#1381 = VECTOR('',#1382,1.);
#1382 = DIRECTION('',(0.,0.,1.));
#1383 = PCURVE('',#763,#1384);
#1384 = DEFINITIONAL_REPRESENTATION('',(#1385),#1389);
#1385 = LINE('',#1386,#1387);
#1386 = CARTESIAN_POINT('',(1.,0.));
#1387 = VECTOR('',#1388,1.);
#1388 = DIRECTION('',(0.,-1.));
#1389 = ( GEOMETRIC_REPRESENTATION_CONTEXT(2) 
PARAMETRIC_REPRESENTATION_CONTEXT() REPRESENTATION_CONTEXT('2D SPACE',''
  ) );
#1390 = PCURVE('',#872,#1391);
#1391 = DEFINITIONAL_REPRESENTATION('',(#1392),#1396);
#1392 = LINE('',#1393,#1394);
#1393 = CARTESIAN_POINT('',(0.,0.));
#1394 = VECTOR('',#1395,1.);
#1395 = DIRECTION('',(0.,1.));
#1396 = ( GEOMETRIC_REPRESENTATION_CONTEXT(2) 
PARAMETRIC_REPRESENTATION_CONTEXT() REPRESENTATION_CONTEXT('2D SPACE',''
  ) );
#1397 = ORIENTED_EDGE('',*,*,#749,.T.);
#1398 = ORIENTED_EDGE('',*,*,#1269,.F.);
#1399 = ORIENTED_EDGE('',*,*,#1400,.F.);
#1400 = EDGE_CURVE('',#1376,#1270,#1401,.T.);
#1401 = SURFACE_CURVE('',#1402,(#1406,#1413),.PCURVE_S1.);
#1402 = LINE('',#1403,#1404);
#1403 = CARTESIAN_POINT('',(-3.1,3.1,3.));
#1404 = VECTOR('',#1405,1.);
#1405 = DIRECTION('',(1.,7.16272919113E-17,0.));
#1406 = PCURVE('',#763,#1407);
#1407 = DEFINITIONAL_REPRESENTATION('',(#1408),#1412);
#1408 = LINE('',#1409,#1410);
#1409 = CARTESIAN_POINT('',(0.,0.));
#1410 = VECTOR('',#1411,1.);
#1411 = DIRECTION('',(1.,0.));
#1412 = ( GEOMETRIC_REPRESENTATION_CONTEXT(2) 
PARAMETRIC_REPRESENTATION_CONTEXT() REPRESENTATION_CONTEXT('2D SPACE',''
  ) );
#1413 = PCURVE('',#1414,#1419);
#1414 = PLANE('',#1415);
#1415 = AXIS2_PLACEMENT_3D('',#1416,#1417,#1418);
#1416 = CARTESIAN_POINT('',(-3.1,3.1,0.));
#1417 = DIRECTION('',(-7.16272919113E-17,1.,0.));
#1418 = DIRECTION('',(1.,7.16272919113E-17,0.));
#1419 = DEFINITIONAL_REPRESENTATION('',(#1420),#1424);
#1420 = LINE('',#1421,#1422);
#1421 = CARTESIAN_POINT('',(0.,-3.));
#1422 = VECTOR('',#1423,1.);
#1423 = DIRECTION('',(1.,0.));
#1424 = ( GEOMETRIC_REPRESENTATION_CONTEXT(2) 
PARAMETRIC_REPRESENTATION_CONTEXT() REPRESENTATION_CONTEXT('2D SPACE',''
  ) );
#1425 = ADVANCED_FACE('',(#1426),#797,.T.);
#1426 = FACE_BOUND('',#1427,.T.);
#1427 = EDGE_LOOP('',(#1428,#1429,#1430,#1453));
#1428 = ORIENTED_EDGE('',*,*,#1350,.T.);
#1429 = ORIENTED_EDGE('',*,*,#781,.T.);
#1430 = ORIENTED_EDGE('',*,*,#1431,.F.);
#1431 = EDGE_CURVE('',#1432,#782,#1434,.T.);
#1432 = VERTEX_POINT('',#1433);
#1433 = CARTESIAN_POINT('',(-2.1,-3.1,3.));
#1434 = SURFACE_CURVE('',#1435,(#1439,#1446),.PCURVE_S1.);
#1435 = LINE('',#1436,#1437);
#1436 = CARTESIAN_POINT('',(-2.1,-3.1,3.));
#1437 = VECTOR('',#1438,1.);
#1438 = DIRECTION('',(0.,0.,1.));
#1439 = PCURVE('',#797,#1440);
#1440 = DEFINITIONAL_REPRESENTATION('',(#1441),#1445);
#1441 = LINE('',#1442,#1443);
#1442 = CARTESIAN_POINT('',(5.2,0.));
#1443 = VECTOR('',#1444,1.);
#1444 = DIRECTION('',(0.,-1.));
#1445 = ( GEOMETRIC_REPRESENTATION_CONTEXT(2) 
PARAMETRIC_REPRESENTATION_CONTEXT() REPRESENTATION_CONTEXT('2D SPACE',''
  ) );
#1446 = PCURVE('',#926,#1447);
#1447 = DEFINITIONAL_REPRESENTATION('',(#1448),#1452);
#1448 = LINE('',#1449,#1450);
#1449 = CARTESIAN_POINT('',(1.570796326795,0.));
#1450 = VECTOR('',#1451,1.);
#1451 = DIRECTION('',(0.,1.));
#1452 = ( GEOMETRIC_REPRESENTATION_CONTEXT(2) 
PARAMETRIC_REPRESENTATION_CONTEXT() REPRESENTATION_CONTEXT('2D SPACE',''
  ) );
#1453 = ORIENTED_EDGE('',*,*,#1454,.F.);
#1454 = EDGE_CURVE('',#1324,#1432,#1455,.T.);
#1455 = SURFACE_CURVE('',#1456,(#1460,#1467),.PCURVE_S1.);
#1456 = LINE('',#1457,#1458);
#1457 = CARTESIAN_POINT('',(3.1,-3.1,3.));
#1458 = VECTOR('',#1459,1.);
#1459 = DIRECTION('',(-1.,0.,0.));
#1460 = PCURVE('',#797,#1461);
#1461 = DEFINITIONAL_REPRESENTATION('',(#1462),#1466);
#1462 = LINE('',#1463,#1464);
#1463 = CARTESIAN_POINT('',(0.,-0.));
#1464 = VECTOR('',#1465,1.);
#1465 = DIRECTION('',(1.,0.));
#1466 = ( GEOMETRIC_REPRESENTATION_CONTEXT(2) 
PARAMETRIC_REPRESENTATION_CONTEXT() REPRESENTATION_CONTEXT('2D SPACE',''
  ) );
#1467 = PCURVE('',#1468,#1473);
#1468 = PLANE('',#1469);
#1469 = AXIS2_PLACEMENT_3D('',#1470,#1471,#1472);
#1470 = CARTESIAN_POINT('',(3.1,-3.1,0.));
#1471 = DIRECTION('',(0.,-1.,0.));
#1472 = DIRECTION('',(-1.,0.,0.));
#1473 = DEFINITIONAL_REPRESENTATION('',(#1474),#1478);
#1474 = LINE('',#1475,#1476);
#1475 = CARTESIAN_POINT('',(0.,-3.));
#1476 = VECTOR('',#1477,1.);
#1477 = DIRECTION('',(1.,0.));
#1478 = ( GEOMETRIC_REPRESENTATION_CONTEXT(2) 
PARAMETRIC_REPRESENTATION_CONTEXT() REPRESENTATION_CONTEXT('2D SPACE',''
  ) );
#1479 = ADVANCED_FACE('',(#1480),#872,.T.);
#1480 = FACE_BOUND('',#1481,.T.);
#1481 = EDGE_LOOP('',(#1482,#1483,#1510,#1531));
#1482 = ORIENTED_EDGE('',*,*,#1375,.F.);
#1483 = ORIENTED_EDGE('',*,*,#1484,.T.);
#1484 = EDGE_CURVE('',#1376,#1485,#1487,.T.);
#1485 = VERTEX_POINT('',#1486);
#1486 = CARTESIAN_POINT('',(-3.1,2.1,3.));
#1487 = SURFACE_CURVE('',#1488,(#1493,#1499),.PCURVE_S1.);
#1488 = CIRCLE('',#1489,1.);
#1489 = AXIS2_PLACEMENT_3D('',#1490,#1491,#1492);
#1490 = CARTESIAN_POINT('',(-2.1,2.1,3.));
#1491 = DIRECTION('',(0.,0.,1.));
#1492 = DIRECTION('',(-7.16272919113E-17,1.,0.));
#1493 = PCURVE('',#872,#1494);
#1494 = DEFINITIONAL_REPRESENTATION('',(#1495),#1498);
#1495 = B_SPLINE_CURVE_WITH_KNOTS('',1,(#1496,#1497),.UNSPECIFIED.,.F.,
  .F.,(2,2),(0.,1.570796326795),.PIECEWISE_BEZIER_KNOTS.);
#1496 = CARTESIAN_POINT('',(0.,0.));
#1497 = CARTESIAN_POINT('',(1.570796326795,0.));
#1498 = ( GEOMETRIC_REPRESENTATION_CONTEXT(2) 
PARAMETRIC_REPRESENTATION_CONTEXT() REPRESENTATION_CONTEXT('2D SPACE',''
  ) );
#1499 = PCURVE('',#1500,#1505);
#1500 = CYLINDRICAL_SURFACE('',#1501,1.);
#1501 = AXIS2_PLACEMENT_3D('',#1502,#1503,#1504);
#1502 = CARTESIAN_POINT('',(-2.1,2.1,0.));
#1503 = DIRECTION('',(0.,0.,1.));
#1504 = DIRECTION('',(-7.16272919113E-17,1.,0.));
#1505 = DEFINITIONAL_REPRESENTATION('',(#1506),#1509);
#1506 = B_SPLINE_CURVE_WITH_KNOTS('',1,(#1507,#1508),.UNSPECIFIED.,.F.,
  .F.,(2,2),(0.,1.570796326795),.PIECEWISE_BEZIER_KNOTS.);
#1507 = CARTESIAN_POINT('',(0.,3.));
#1508 = CARTESIAN_POINT('',(1.570796326795,3.));
#1509 = ( GEOMETRIC_REPRESENTATION_CONTEXT(2) 
PARAMETRIC_REPRESENTATION_CONTEXT() REPRESENTATION_CONTEXT('2D SPACE',''
  ) );
#1510 = ORIENTED_EDGE('',*,*,#1511,.T.);
#1511 = EDGE_CURVE('',#1485,#834,#1512,.T.);
#1512 = SURFACE_CURVE('',#1513,(#1517,#1524),.PCURVE_S1.);
#1513 = LINE('',#1514,#1515);
#1514 = CARTESIAN_POINT('',(-3.1,2.1,3.));
#1515 = VECTOR('',#1516,1.);
#1516 = DIRECTION('',(0.,0.,1.));
#1517 = PCURVE('',#872,#1518);
#1518 = DEFINITIONAL_REPRESENTATION('',(#1519),#1523);
#1519 = LINE('',#1520,#1521);
#1520 = CARTESIAN_POINT('',(1.570796326795,0.));
#1521 = VECTOR('',#1522,1.);
#1522 = DIRECTION('',(0.,1.));
#1523 = ( GEOMETRIC_REPRESENTATION_CONTEXT(2) 
PARAMETRIC_REPRESENTATION_CONTEXT() REPRESENTATION_CONTEXT('2D SPACE',''
  ) );
#1524 = PCURVE('',#956,#1525);
#1525 = DEFINITIONAL_REPRESENTATION('',(#1526),#1530);
#1526 = LINE('',#1527,#1528);
#1527 = CARTESIAN_POINT('',(5.2,0.));
#1528 = VECTOR('',#1529,1.);
#1529 = DIRECTION('',(0.,-1.));
#1530 = ( GEOMETRIC_REPRESENTATION_CONTEXT(2) 
PARAMETRIC_REPRESENTATION_CONTEXT() REPRESENTATION_CONTEXT('2D SPACE',''
  ) );
#1531 = ORIENTED_EDGE('',*,*,#857,.T.);
#1532 = ADVANCED_FACE('',(#1533),#926,.T.);
#1533 = FACE_BOUND('',#1534,.T.);
#1534 = EDGE_LOOP('',(#1535,#1558,#1583,#1584));
#1535 = ORIENTED_EDGE('',*,*,#1536,.F.);
#1536 = EDGE_CURVE('',#1537,#890,#1539,.T.);
#1537 = VERTEX_POINT('',#1538);
#1538 = CARTESIAN_POINT('',(-3.1,-2.1,3.));
#1539 = SURFACE_CURVE('',#1540,(#1544,#1551),.PCURVE_S1.);
#1540 = LINE('',#1541,#1542);
#1541 = CARTESIAN_POINT('',(-3.1,-2.1,3.));
#1542 = VECTOR('',#1543,1.);
#1543 = DIRECTION('',(0.,0.,1.));
#1544 = PCURVE('',#926,#1545);
#1545 = DEFINITIONAL_REPRESENTATION('',(#1546),#1550);
#1546 = LINE('',#1547,#1548);
#1547 = CARTESIAN_POINT('',(0.,0.));
#1548 = VECTOR('',#1549,1.);
#1549 = DIRECTION('',(0.,1.));
#1550 = ( GEOMETRIC_REPRESENTATION_CONTEXT(2) 
PARAMETRIC_REPRESENTATION_CONTEXT() REPRESENTATION_CONTEXT('2D SPACE',''
  ) );
#1551 = PCURVE('',#956,#1552);
#1552 = DEFINITIONAL_REPRESENTATION('',(#1553),#1557);
#1553 = LINE('',#1554,#1555);
#1554 = CARTESIAN_POINT('',(1.,0.));
#1555 = VECTOR('',#1556,1.);
#1556 = DIRECTION('',(0.,-1.));
#1557 = ( GEOMETRIC_REPRESENTATION_CONTEXT(2) 
PARAMETRIC_REPRESENTATION_CONTEXT() REPRESENTATION_CONTEXT('2D SPACE',''
  ) );
#1558 = ORIENTED_EDGE('',*,*,#1559,.T.);
#1559 = EDGE_CURVE('',#1537,#1432,#1560,.T.);
#1560 = SURFACE_CURVE('',#1561,(#1566,#1572),.PCURVE_S1.);
#1561 = CIRCLE('',#1562,1.);
#1562 = AXIS2_PLACEMENT_3D('',#1563,#1564,#1565);
#1563 = CARTESIAN_POINT('',(-2.1,-2.1,3.));
#1564 = DIRECTION('',(0.,0.,1.));
#1565 = DIRECTION('',(-1.,0.,0.));
#1566 = PCURVE('',#926,#1567);
#1567 = DEFINITIONAL_REPRESENTATION('',(#1568),#1571);
#1568 = B_SPLINE_CURVE_WITH_KNOTS('',1,(#1569,#1570),.UNSPECIFIED.,.F.,
  .F.,(2,2),(0.,1.570796326795),.PIECEWISE_BEZIER_KNOTS.);
#1569 = CARTESIAN_POINT('',(0.,0.));
#1570 = CARTESIAN_POINT('',(1.570796326795,0.));
#1571 = ( GEOMETRIC_REPRESENTATION_CONTEXT(2) 
PARAMETRIC_REPRESENTATION_CONTEXT() REPRESENTATION_CONTEXT('2D SPACE',''
  ) );
#1572 = PCURVE('',#1573,#1578);
#1573 = CYLINDRICAL_SURFACE('',#1574,1.);
#1574 = AXIS2_PLACEMENT_3D('',#1575,#1576,#1577);
#1575 = CARTESIAN_POINT('',(-2.1,-2.1,0.));
#1576 = DIRECTION('',(0.,0.,1.));
#1577 = DIRECTION('',(-1.,0.,0.));
#1578 = DEFINITIONAL_REPRESENTATION('',(#1579),#1582);
#1579 = B_SPLINE_CURVE_WITH_KNOTS('',1,(#1580,#1581),.UNSPECIFIED.,.F.,
  .F.,(2,2),(0.,1.570796326795),.PIECEWISE_BEZIER_KNOTS.);
#1580 = CARTESIAN_POINT('',(0.,3.));
#1581 = CARTESIAN_POINT('',(1.570796326795,3.));
#1582 = ( GEOMETRIC_REPRESENTATION_CONTEXT(2) 
PARAMETRIC_REPRESENTATION_CONTEXT() REPRESENTATION_CONTEXT('2D SPACE',''
  ) );
#1583 = ORIENTED_EDGE('',*,*,#1431,.T.);
#1584 = ORIENTED_EDGE('',*,*,#911,.T.);
#1585 = ADVANCED_FACE('',(#1586),#956,.T.);
#1586 = FACE_BOUND('',#1587,.T.);
#1587 = EDGE_LOOP('',(#1588,#1589,#1590,#1591));
#1588 = ORIENTED_EDGE('',*,*,#1536,.T.);
#1589 = ORIENTED_EDGE('',*,*,#942,.T.);
#1590 = ORIENTED_EDGE('',*,*,#1511,.F.);
#1591 = ORIENTED_EDGE('',*,*,#1592,.F.);
#1592 = EDGE_CURVE('',#1537,#1485,#1593,.T.);
#1593 = SURFACE_CURVE('',#1594,(#1598,#1605),.PCURVE_S1.);
#1594 = LINE('',#1595,#1596);
#1595 = CARTESIAN_POINT('',(-3.1,-3.1,3.));
#1596 = VECTOR('',#1597,1.);
#1597 = DIRECTION('',(0.,1.,0.));
#1598 = PCURVE('',#956,#1599);
#1599 = DEFINITIONAL_REPRESENTATION('',(#1600),#1604);
#1600 = LINE('',#1601,#1602);
#1601 = CARTESIAN_POINT('',(4.440892098501E-16,0.));
#1602 = VECTOR('',#1603,1.);
#1603 = DIRECTION('',(1.,0.));
#1604 = ( GEOMETRIC_REPRESENTATION_CONTEXT(2) 
PARAMETRIC_REPRESENTATION_CONTEXT() REPRESENTATION_CONTEXT('2D SPACE',''
  ) );
#1605 = PCURVE('',#1606,#1611);
#1606 = PLANE('',#1607);
#1607 = AXIS2_PLACEMENT_3D('',#1608,#1609,#1610);
#1608 = CARTESIAN_POINT('',(-3.1,-3.1,0.));
#1609 = DIRECTION('',(-1.,0.,0.));
#1610 = DIRECTION('',(0.,1.,0.));
#1611 = DEFINITIONAL_REPRESENTATION('',(#1612),#1616);
#1612 = LINE('',#1613,#1614);
#1613 = CARTESIAN_POINT('',(0.,-3.));
#1614 = VECTOR('',#1615,1.);
#1615 = DIRECTION('',(1.,0.));
#1616 = ( GEOMETRIC_REPRESENTATION_CONTEXT(2) 
PARAMETRIC_REPRESENTATION_CONTEXT() REPRESENTATION_CONTEXT('2D SPACE',''
  ) );
#1617 = ADVANCED_FACE('',(#1618),#1011,.T.);
#1618 = FACE_BOUND('',#1619,.T.);
#1619 = EDGE_LOOP('',(#1620,#1642,#1643,#1644));
#1620 = ORIENTED_EDGE('',*,*,#1621,.F.);
#1621 = EDGE_CURVE('',#974,#1622,#1624,.T.);
#1622 = VERTEX_POINT('',#1623);
#1623 = CARTESIAN_POINT('',(1.55,-4.080628415256E-32,4.8));
#1624 = SEAM_CURVE('',#1625,(#1630,#1636),.PCURVE_S1.);
#1625 = CIRCLE('',#1626,0.2);
#1626 = AXIS2_PLACEMENT_3D('',#1627,#1628,#1629);
#1627 = CARTESIAN_POINT('',(1.55,-5.148931332807E-32,4.6));
#1628 = DIRECTION('',(-4.223108867143E-32,-1.,5.341514587755E-32));
#1629 = DIRECTION('',(1.,-4.223108867143E-32,-2.146560286316E-32));
#1630 = PCURVE('',#1011,#1631);
#1631 = DEFINITIONAL_REPRESENTATION('',(#1632),#1635);
#1632 = B_SPLINE_CURVE_WITH_KNOTS('',1,(#1633,#1634),.UNSPECIFIED.,.F.,
  .F.,(2,2),(0.,1.570796326795),.PIECEWISE_BEZIER_KNOTS.);
#1633 = CARTESIAN_POINT('',(0.,0.));
#1634 = CARTESIAN_POINT('',(0.,1.570796326795));
#1635 = ( GEOMETRIC_REPRESENTATION_CONTEXT(2) 
PARAMETRIC_REPRESENTATION_CONTEXT() REPRESENTATION_CONTEXT('2D SPACE',''
  ) );
#1636 = PCURVE('',#1011,#1637);
#1637 = DEFINITIONAL_REPRESENTATION('',(#1638),#1641);
#1638 = B_SPLINE_CURVE_WITH_KNOTS('',1,(#1639,#1640),.UNSPECIFIED.,.F.,
  .F.,(2,2),(0.,1.570796326795),.PIECEWISE_BEZIER_KNOTS.);
#1639 = CARTESIAN_POINT('',(6.28318530718,0.));
#1640 = CARTESIAN_POINT('',(6.28318530718,1.570796326795));
#1641 = ( GEOMETRIC_REPRESENTATION_CONTEXT(2) 
PARAMETRIC_REPRESENTATION_CONTEXT() REPRESENTATION_CONTEXT('2D SPACE',''
  ) );
#1642 = ORIENTED_EDGE('',*,*,#996,.T.);
#1643 = ORIENTED_EDGE('',*,*,#1621,.T.);
#1644 = ORIENTED_EDGE('',*,*,#1645,.F.);
#1645 = EDGE_CURVE('',#1622,#1622,#1646,.T.);
#1646 = SURFACE_CURVE('',#1647,(#1652,#1659),.PCURVE_S1.);
#1647 = CIRCLE('',#1648,1.55);
#1648 = AXIS2_PLACEMENT_3D('',#1649,#1650,#1651);
#1649 = CARTESIAN_POINT('',(-6.162975822039E-33,2.465190328816E-32,4.8)
  );
#1650 = DIRECTION('',(2.146560286316E-32,5.341514587755E-32,1.));
#1651 = DIRECTION('',(1.,-4.223108867143E-32,-2.146560286316E-32));
#1652 = PCURVE('',#1011,#1653);
#1653 = DEFINITIONAL_REPRESENTATION('',(#1654),#1658);
#1654 = LINE('',#1655,#1656);
#1655 = CARTESIAN_POINT('',(0.,1.570796326795));
#1656 = VECTOR('',#1657,1.);
#1657 = DIRECTION('',(1.,0.));
#1658 = ( GEOMETRIC_REPRESENTATION_CONTEXT(2) 
PARAMETRIC_REPRESENTATION_CONTEXT() REPRESENTATION_CONTEXT('2D SPACE',''
  ) );
#1659 = PCURVE('',#1660,#1665);
#1660 = PLANE('',#1661);
#1661 = AXIS2_PLACEMENT_3D('',#1662,#1663,#1664);
#1662 = CARTESIAN_POINT('',(-4.883714759069E-17,1.239108604125E-16,4.8)
  );
#1663 = DIRECTION('',(2.146560286316E-32,5.341514587755E-32,1.));
#1664 = DIRECTION('',(0.,1.,-5.341514587755E-32));
#1665 = DEFINITIONAL_REPRESENTATION('',(#1666),#1670);
#1666 = CIRCLE('',#1667,1.55);
#1667 = AXIS2_PLACEMENT_2D('',#1668,#1669);
#1668 = CARTESIAN_POINT('',(-1.239108604125E-16,-4.883714759069E-17));
#1669 = DIRECTION('',(-4.771336120288E-32,-1.));
#1670 = ( GEOMETRIC_REPRESENTATION_CONTEXT(2) 
PARAMETRIC_REPRESENTATION_CONTEXT() REPRESENTATION_CONTEXT('2D SPACE',''
  ) );
#1671 = ADVANCED_FACE('',(#1672),#1066,.T.);
#1672 = FACE_BOUND('',#1673,.T.);
#1673 = EDGE_LOOP('',(#1674,#1696,#1697,#1698));
#1674 = ORIENTED_EDGE('',*,*,#1675,.F.);
#1675 = EDGE_CURVE('',#1029,#1676,#1678,.T.);
#1676 = VERTEX_POINT('',#1677);
#1677 = CARTESIAN_POINT('',(-1.7,2.1,3.75));
#1678 = SEAM_CURVE('',#1679,(#1684,#1690),.PCURVE_S1.);
#1679 = CIRCLE('',#1680,0.1);
#1680 = AXIS2_PLACEMENT_3D('',#1681,#1682,#1683);
#1681 = CARTESIAN_POINT('',(-1.7,2.1,3.65));
#1682 = DIRECTION('',(0.,-1.,0.));
#1683 = DIRECTION('',(1.,0.,0.));
#1684 = PCURVE('',#1066,#1685);
#1685 = DEFINITIONAL_REPRESENTATION('',(#1686),#1689);
#1686 = B_SPLINE_CURVE_WITH_KNOTS('',1,(#1687,#1688),.UNSPECIFIED.,.F.,
  .F.,(2,2),(0.,1.570796326795),.PIECEWISE_BEZIER_KNOTS.);
#1687 = CARTESIAN_POINT('',(0.,0.));
#1688 = CARTESIAN_POINT('',(0.,1.570796326795));
#1689 = ( GEOMETRIC_REPRESENTATION_CONTEXT(2) 
PARAMETRIC_REPRESENTATION_CONTEXT() REPRESENTATION_CONTEXT('2D SPACE',''
  ) );
#1690 = PCURVE('',#1066,#1691);
#1691 = DEFINITIONAL_REPRESENTATION('',(#1692),#1695);
#1692 = B_SPLINE_CURVE_WITH_KNOTS('',1,(#1693,#1694),.UNSPECIFIED.,.F.,
  .F.,(2,2),(0.,1.570796326795),.PIECEWISE_BEZIER_KNOTS.);
#1693 = CARTESIAN_POINT('',(6.28318530718,0.));
#1694 = CARTESIAN_POINT('',(6.28318530718,1.570796326795));
#1695 = ( GEOMETRIC_REPRESENTATION_CONTEXT(2) 
PARAMETRIC_REPRESENTATION_CONTEXT() REPRESENTATION_CONTEXT('2D SPACE',''
  ) );
#1696 = ORIENTED_EDGE('',*,*,#1051,.T.);
#1697 = ORIENTED_EDGE('',*,*,#1675,.T.);
#1698 = ORIENTED_EDGE('',*,*,#1699,.F.);
#1699 = EDGE_CURVE('',#1676,#1676,#1700,.T.);
#1700 = SURFACE_CURVE('',#1701,(#1706,#1713),.PCURVE_S1.);
#1701 = CIRCLE('',#1702,0.4);
#1702 = AXIS2_PLACEMENT_3D('',#1703,#1704,#1705);
#1703 = CARTESIAN_POINT('',(-2.1,2.1,3.75));
#1704 = DIRECTION('',(0.,0.,1.));
#1705 = DIRECTION('',(1.,0.,0.));
#1706 = PCURVE('',#1066,#1707);
#1707 = DEFINITIONAL_REPRESENTATION('',(#1708),#1712);
#1708 = LINE('',#1709,#1710);
#1709 = CARTESIAN_POINT('',(0.,1.570796326795));
#1710 = VECTOR('',#1711,1.);
#1711 = DIRECTION('',(1.,0.));
#1712 = ( GEOMETRIC_REPRESENTATION_CONTEXT(2) 
PARAMETRIC_REPRESENTATION_CONTEXT() REPRESENTATION_CONTEXT('2D SPACE',''
  ) );
#1713 = PCURVE('',#1714,#1719);
#1714 = PLANE('',#1715);
#1715 = AXIS2_PLACEMENT_3D('',#1716,#1717,#1718);
#1716 = CARTESIAN_POINT('',(-2.1,2.1,3.75));
#1717 = DIRECTION('',(0.,0.,1.));
#1718 = DIRECTION('',(1.,0.,0.));
#1719 = DEFINITIONAL_REPRESENTATION('',(#1720),#1724);
#1720 = CIRCLE('',#1721,0.4);
#1721 = AXIS2_PLACEMENT_2D('',#1722,#1723);
#1722 = CARTESIAN_POINT('',(0.,0.));
#1723 = DIRECTION('',(1.,0.));
#1724 = ( GEOMETRIC_REPRESENTATION_CONTEXT(2) 
PARAMETRIC_REPRESENTATION_CONTEXT() REPRESENTATION_CONTEXT('2D SPACE',''
  ) );
#1725 = ADVANCED_FACE('',(#1726),#1121,.T.);
#1726 = FACE_BOUND('',#1727,.T.);
#1727 = EDGE_LOOP('',(#1728,#1750,#1751,#1752));
#1728 = ORIENTED_EDGE('',*,*,#1729,.F.);
#1729 = EDGE_CURVE('',#1084,#1730,#1732,.T.);
#1730 = VERTEX_POINT('',#1731);
#1731 = CARTESIAN_POINT('',(2.5,2.1,3.75));
#1732 = SEAM_CURVE('',#1733,(#1738,#1744),.PCURVE_S1.);
#1733 = CIRCLE('',#1734,0.1);
#1734 = AXIS2_PLACEMENT_3D('',#1735,#1736,#1737);
#1735 = CARTESIAN_POINT('',(2.5,2.1,3.65));
#1736 = DIRECTION('',(0.,-1.,0.));
#1737 = DIRECTION('',(1.,0.,0.));
#1738 = PCURVE('',#1121,#1739);
#1739 = DEFINITIONAL_REPRESENTATION('',(#1740),#1743);
#1740 = B_SPLINE_CURVE_WITH_KNOTS('',1,(#1741,#1742),.UNSPECIFIED.,.F.,
  .F.,(2,2),(0.,1.570796326795),.PIECEWISE_BEZIER_KNOTS.);
#1741 = CARTESIAN_POINT('',(0.,0.));
#1742 = CARTESIAN_POINT('',(0.,1.570796326795));
#1743 = ( GEOMETRIC_REPRESENTATION_CONTEXT(2) 
PARAMETRIC_REPRESENTATION_CONTEXT() REPRESENTATION_CONTEXT('2D SPACE',''
  ) );
#1744 = PCURVE('',#1121,#1745);
#1745 = DEFINITIONAL_REPRESENTATION('',(#1746),#1749);
#1746 = B_SPLINE_CURVE_WITH_KNOTS('',1,(#1747,#1748),.UNSPECIFIED.,.F.,
  .F.,(2,2),(0.,1.570796326795),.PIECEWISE_BEZIER_KNOTS.);
#1747 = CARTESIAN_POINT('',(6.28318530718,0.));
#1748 = CARTESIAN_POINT('',(6.28318530718,1.570796326795));
#1749 = ( GEOMETRIC_REPRESENTATION_CONTEXT(2) 
PARAMETRIC_REPRESENTATION_CONTEXT() REPRESENTATION_CONTEXT('2D SPACE',''
  ) );
#1750 = ORIENTED_EDGE('',*,*,#1106,.T.);
#1751 = ORIENTED_EDGE('',*,*,#1729,.T.);
#1752 = ORIENTED_EDGE('',*,*,#1753,.F.);
#1753 = EDGE_CURVE('',#1730,#1730,#1754,.T.);
#1754 = SURFACE_CURVE('',#1755,(#1760,#1767),.PCURVE_S1.);
#1755 = CIRCLE('',#1756,0.4);
#1756 = AXIS2_PLACEMENT_3D('',#1757,#1758,#1759);
#1757 = CARTESIAN_POINT('',(2.1,2.1,3.75));
#1758 = DIRECTION('',(0.,0.,1.));
#1759 = DIRECTION('',(1.,0.,0.));
#1760 = PCURVE('',#1121,#1761);
#1761 = DEFINITIONAL_REPRESENTATION('',(#1762),#1766);
#1762 = LINE('',#1763,#1764);
#1763 = CARTESIAN_POINT('',(0.,1.570796326795));
#1764 = VECTOR('',#1765,1.);
#1765 = DIRECTION('',(1.,0.));
#1766 = ( GEOMETRIC_REPRESENTATION_CONTEXT(2) 
PARAMETRIC_REPRESENTATION_CONTEXT() REPRESENTATION_CONTEXT('2D SPACE',''
  ) );
#1767 = PCURVE('',#1768,#1773);
#1768 = PLANE('',#1769);
#1769 = AXIS2_PLACEMENT_3D('',#1770,#1771,#1772);
#1770 = CARTESIAN_POINT('',(2.1,2.1,3.75));
#1771 = DIRECTION('',(0.,0.,1.));
#1772 = DIRECTION('',(1.,0.,0.));
#1773 = DEFINITIONAL_REPRESENTATION('',(#1774),#1778);
#1774 = CIRCLE('',#1775,0.4);
#1775 = AXIS2_PLACEMENT_2D('',#1776,#1777);
#1776 = CARTESIAN_POINT('',(4.440892098501E-16,0.));
#1777 = DIRECTION('',(1.,0.));
#1778 = ( GEOMETRIC_REPRESENTATION_CONTEXT(2) 
PARAMETRIC_REPRESENTATION_CONTEXT() REPRESENTATION_CONTEXT('2D SPACE',''
  ) );
#1779 = ADVANCED_FACE('',(#1780),#1176,.T.);
#1780 = FACE_BOUND('',#1781,.T.);
#1781 = EDGE_LOOP('',(#1782,#1804,#1805,#1806));
#1782 = ORIENTED_EDGE('',*,*,#1783,.F.);
#1783 = EDGE_CURVE('',#1139,#1784,#1786,.T.);
#1784 = VERTEX_POINT('',#1785);
#1785 = CARTESIAN_POINT('',(2.5,-2.1,3.75));
#1786 = SEAM_CURVE('',#1787,(#1792,#1798),.PCURVE_S1.);
#1787 = CIRCLE('',#1788,0.1);
#1788 = AXIS2_PLACEMENT_3D('',#1789,#1790,#1791);
#1789 = CARTESIAN_POINT('',(2.5,-2.1,3.65));
#1790 = DIRECTION('',(0.,-1.,0.));
#1791 = DIRECTION('',(1.,0.,0.));
#1792 = PCURVE('',#1176,#1793);
#1793 = DEFINITIONAL_REPRESENTATION('',(#1794),#1797);
#1794 = B_SPLINE_CURVE_WITH_KNOTS('',1,(#1795,#1796),.UNSPECIFIED.,.F.,
  .F.,(2,2),(0.,1.570796326795),.PIECEWISE_BEZIER_KNOTS.);
#1795 = CARTESIAN_POINT('',(0.,0.));
#1796 = CARTESIAN_POINT('',(0.,1.570796326795));
#1797 = ( GEOMETRIC_REPRESENTATION_CONTEXT(2) 
PARAMETRIC_REPRESENTATION_CONTEXT() REPRESENTATION_CONTEXT('2D SPACE',''
  ) );
#1798 = PCURVE('',#1176,#1799);
#1799 = DEFINITIONAL_REPRESENTATION('',(#1800),#1803);
#1800 = B_SPLINE_CURVE_WITH_KNOTS('',1,(#1801,#1802),.UNSPECIFIED.,.F.,
  .F.,(2,2),(0.,1.570796326795),.PIECEWISE_BEZIER_KNOTS.);
#1801 = CARTESIAN_POINT('',(6.28318530718,0.));
#1802 = CARTESIAN_POINT('',(6.28318530718,1.570796326795));
#1803 = ( GEOMETRIC_REPRESENTATION_CONTEXT(2) 
PARAMETRIC_REPRESENTATION_CONTEXT() REPRESENTATION_CONTEXT('2D SPACE',''
  ) );
#1804 = ORIENTED_EDGE('',*,*,#1161,.T.);
#1805 = ORIENTED_EDGE('',*,*,#1783,.T.);
#1806 = ORIENTED_EDGE('',*,*,#1807,.F.);
#1807 = EDGE_CURVE('',#1784,#1784,#1808,.T.);
#1808 = SURFACE_CURVE('',#1809,(#1814,#1821),.PCURVE_S1.);
#1809 = CIRCLE('',#1810,0.4);
#1810 = AXIS2_PLACEMENT_3D('',#1811,#1812,#1813);
#1811 = CARTESIAN_POINT('',(2.1,-2.1,3.75));
#1812 = DIRECTION('',(0.,0.,1.));
#1813 = DIRECTION('',(1.,0.,0.));
#1814 = PCURVE('',#1176,#1815);
#1815 = DEFINITIONAL_REPRESENTATION('',(#1816),#1820);
#1816 = LINE('',#1817,#1818);
#1817 = CARTESIAN_POINT('',(0.,1.570796326795));
#1818 = VECTOR('',#1819,1.);
#1819 = DIRECTION('',(1.,0.));
#1820 = ( GEOMETRIC_REPRESENTATION_CONTEXT(2) 
PARAMETRIC_REPRESENTATION_CONTEXT() REPRESENTATION_CONTEXT('2D SPACE',''
  ) );
#1821 = PCURVE('',#1822,#1827);
#1822 = PLANE('',#1823);
#1823 = AXIS2_PLACEMENT_3D('',#1824,#1825,#1826);
#1824 = CARTESIAN_POINT('',(2.1,-2.1,3.75));
#1825 = DIRECTION('',(0.,0.,1.));
#1826 = DIRECTION('',(1.,0.,0.));
#1827 = DEFINITIONAL_REPRESENTATION('',(#1828),#1832);
#1828 = CIRCLE('',#1829,0.4);
#1829 = AXIS2_PLACEMENT_2D('',#1830,#1831);
#1830 = CARTESIAN_POINT('',(-4.440892098501E-16,0.));
#1831 = DIRECTION('',(1.,0.));
#1832 = ( GEOMETRIC_REPRESENTATION_CONTEXT(2) 
PARAMETRIC_REPRESENTATION_CONTEXT() REPRESENTATION_CONTEXT('2D SPACE',''
  ) );
#1833 = ADVANCED_FACE('',(#1834),#1254,.T.);
#1834 = FACE_BOUND('',#1835,.T.);
#1835 = EDGE_LOOP('',(#1836,#1866,#1887,#1888));
#1836 = ORIENTED_EDGE('',*,*,#1837,.F.);
#1837 = EDGE_CURVE('',#1838,#1840,#1842,.T.);
#1838 = VERTEX_POINT('',#1839);
#1839 = CARTESIAN_POINT('',(3.1,2.1,0.));
#1840 = VERTEX_POINT('',#1841);
#1841 = CARTESIAN_POINT('',(3.1,-2.1,0.));
#1842 = SURFACE_CURVE('',#1843,(#1847,#1854),.PCURVE_S1.);
#1843 = LINE('',#1844,#1845);
#1844 = CARTESIAN_POINT('',(3.1,3.1,0.));
#1845 = VECTOR('',#1846,1.);
#1846 = DIRECTION('',(0.,-1.,0.));
#1847 = PCURVE('',#1254,#1848);
#1848 = DEFINITIONAL_REPRESENTATION('',(#1849),#1853);
#1849 = LINE('',#1850,#1851);
#1850 = CARTESIAN_POINT('',(0.,0.));
#1851 = VECTOR('',#1852,1.);
#1852 = DIRECTION('',(1.,0.));
#1853 = ( GEOMETRIC_REPRESENTATION_CONTEXT(2) 
PARAMETRIC_REPRESENTATION_CONTEXT() REPRESENTATION_CONTEXT('2D SPACE',''
  ) );
#1854 = PCURVE('',#1855,#1860);
#1855 = PLANE('',#1856);
#1856 = AXIS2_PLACEMENT_3D('',#1857,#1858,#1859);
#1857 = CARTESIAN_POINT('',(0.,1.432545838226E-16,0.));
#1858 = DIRECTION('',(-0.,-0.,-1.));
#1859 = DIRECTION('',(-1.,0.,0.));
#1860 = DEFINITIONAL_REPRESENTATION('',(#1861),#1865);
#1861 = LINE('',#1862,#1863);
#1862 = CARTESIAN_POINT('',(-3.1,3.1));
#1863 = VECTOR('',#1864,1.);
#1864 = DIRECTION('',(0.,-1.));
#1865 = ( GEOMETRIC_REPRESENTATION_CONTEXT(2) 
PARAMETRIC_REPRESENTATION_CONTEXT() REPRESENTATION_CONTEXT('2D SPACE',''
  ) );
#1866 = ORIENTED_EDGE('',*,*,#1867,.T.);
#1867 = EDGE_CURVE('',#1838,#1194,#1868,.T.);
#1868 = SURFACE_CURVE('',#1869,(#1873,#1880),.PCURVE_S1.);
#1869 = LINE('',#1870,#1871);
#1870 = CARTESIAN_POINT('',(3.1,2.1,0.));
#1871 = VECTOR('',#1872,1.);
#1872 = DIRECTION('',(0.,0.,1.));
#1873 = PCURVE('',#1254,#1874);
#1874 = DEFINITIONAL_REPRESENTATION('',(#1875),#1879);
#1875 = LINE('',#1876,#1877);
#1876 = CARTESIAN_POINT('',(1.,0.));
#1877 = VECTOR('',#1878,1.);
#1878 = DIRECTION('',(0.,-1.));
#1879 = ( GEOMETRIC_REPRESENTATION_CONTEXT(2) 
PARAMETRIC_REPRESENTATION_CONTEXT() REPRESENTATION_CONTEXT('2D SPACE',''
  ) );
#1880 = PCURVE('',#1306,#1881);
#1881 = DEFINITIONAL_REPRESENTATION('',(#1882),#1886);
#1882 = LINE('',#1883,#1884);
#1883 = CARTESIAN_POINT('',(-1.570796326795,0.));
#1884 = VECTOR('',#1885,1.);
#1885 = DIRECTION('',(-0.,1.));
#1886 = ( GEOMETRIC_REPRESENTATION_CONTEXT(2) 
PARAMETRIC_REPRESENTATION_CONTEXT() REPRESENTATION_CONTEXT('2D SPACE',''
  ) );
#1887 = ORIENTED_EDGE('',*,*,#1240,.T.);
#1888 = ORIENTED_EDGE('',*,*,#1889,.F.);
#1889 = EDGE_CURVE('',#1840,#1218,#1890,.T.);
#1890 = SURFACE_CURVE('',#1891,(#1895,#1902),.PCURVE_S1.);
#1891 = LINE('',#1892,#1893);
#1892 = CARTESIAN_POINT('',(3.1,-2.1,0.));
#1893 = VECTOR('',#1894,1.);
#1894 = DIRECTION('',(0.,0.,1.));
#1895 = PCURVE('',#1254,#1896);
#1896 = DEFINITIONAL_REPRESENTATION('',(#1897),#1901);
#1897 = LINE('',#1898,#1899);
#1898 = CARTESIAN_POINT('',(5.2,0.));
#1899 = VECTOR('',#1900,1.);
#1900 = DIRECTION('',(0.,-1.));
#1901 = ( GEOMETRIC_REPRESENTATION_CONTEXT(2) 
PARAMETRIC_REPRESENTATION_CONTEXT() REPRESENTATION_CONTEXT('2D SPACE',''
  ) );
#1902 = PCURVE('',#1339,#1903);
#1903 = DEFINITIONAL_REPRESENTATION('',(#1904),#1908);
#1904 = LINE('',#1905,#1906);
#1905 = CARTESIAN_POINT('',(-0.,0.));
#1906 = VECTOR('',#1907,1.);
#1907 = DIRECTION('',(-0.,1.));
#1908 = ( GEOMETRIC_REPRESENTATION_CONTEXT(2) 
PARAMETRIC_REPRESENTATION_CONTEXT() REPRESENTATION_CONTEXT('2D SPACE',''
  ) );
#1909 = ADVANCED_FACE('',(#1910),#1306,.T.);
#1910 = FACE_BOUND('',#1911,.F.);
#1911 = EDGE_LOOP('',(#1912,#1936,#1937,#1938));
#1912 = ORIENTED_EDGE('',*,*,#1913,.T.);
#1913 = EDGE_CURVE('',#1914,#1838,#1916,.T.);
#1914 = VERTEX_POINT('',#1915);
#1915 = CARTESIAN_POINT('',(2.1,3.1,0.));
#1916 = SURFACE_CURVE('',#1917,(#1922,#1929),.PCURVE_S1.);
#1917 = CIRCLE('',#1918,1.);
#1918 = AXIS2_PLACEMENT_3D('',#1919,#1920,#1921);
#1919 = CARTESIAN_POINT('',(2.1,2.1,0.));
#1920 = DIRECTION('',(-0.,-0.,-1.));
#1921 = DIRECTION('',(0.,-1.,0.));
#1922 = PCURVE('',#1306,#1923);
#1923 = DEFINITIONAL_REPRESENTATION('',(#1924),#1928);
#1924 = LINE('',#1925,#1926);
#1925 = CARTESIAN_POINT('',(3.14159265359,-0.));
#1926 = VECTOR('',#1927,1.);
#1927 = DIRECTION('',(-1.,0.));
#1928 = ( GEOMETRIC_REPRESENTATION_CONTEXT(2) 
PARAMETRIC_REPRESENTATION_CONTEXT() REPRESENTATION_CONTEXT('2D SPACE',''
  ) );
#1929 = PCURVE('',#1855,#1930);
#1930 = DEFINITIONAL_REPRESENTATION('',(#1931),#1935);
#1931 = CIRCLE('',#1932,1.);
#1932 = AXIS2_PLACEMENT_2D('',#1933,#1934);
#1933 = CARTESIAN_POINT('',(-2.1,2.1));
#1934 = DIRECTION('',(0.,-1.));
#1935 = ( GEOMETRIC_REPRESENTATION_CONTEXT(2) 
PARAMETRIC_REPRESENTATION_CONTEXT() REPRESENTATION_CONTEXT('2D SPACE',''
  ) );
#1936 = ORIENTED_EDGE('',*,*,#1867,.T.);
#1937 = ORIENTED_EDGE('',*,*,#1292,.F.);
#1938 = ORIENTED_EDGE('',*,*,#1939,.F.);
#1939 = EDGE_CURVE('',#1914,#1270,#1940,.T.);
#1940 = SURFACE_CURVE('',#1941,(#1945,#1952),.PCURVE_S1.);
#1941 = LINE('',#1942,#1943);
#1942 = CARTESIAN_POINT('',(2.1,3.1,0.));
#1943 = VECTOR('',#1944,1.);
#1944 = DIRECTION('',(0.,0.,1.));
#1945 = PCURVE('',#1306,#1946);
#1946 = DEFINITIONAL_REPRESENTATION('',(#1947),#1951);
#1947 = LINE('',#1948,#1949);
#1948 = CARTESIAN_POINT('',(-0.,0.));
#1949 = VECTOR('',#1950,1.);
#1950 = DIRECTION('',(-0.,1.));
#1951 = ( GEOMETRIC_REPRESENTATION_CONTEXT(2) 
PARAMETRIC_REPRESENTATION_CONTEXT() REPRESENTATION_CONTEXT('2D SPACE',''
  ) );
#1952 = PCURVE('',#1414,#1953);
#1953 = DEFINITIONAL_REPRESENTATION('',(#1954),#1958);
#1954 = LINE('',#1955,#1956);
#1955 = CARTESIAN_POINT('',(5.2,0.));
#1956 = VECTOR('',#1957,1.);
#1957 = DIRECTION('',(0.,-1.));
#1958 = ( GEOMETRIC_REPRESENTATION_CONTEXT(2) 
PARAMETRIC_REPRESENTATION_CONTEXT() REPRESENTATION_CONTEXT('2D SPACE',''
  ) );
#1959 = ADVANCED_FACE('',(#1960),#1339,.T.);
#1960 = FACE_BOUND('',#1961,.F.);
#1961 = EDGE_LOOP('',(#1962,#1986,#2007,#2008));
#1962 = ORIENTED_EDGE('',*,*,#1963,.T.);
#1963 = EDGE_CURVE('',#1840,#1964,#1966,.T.);
#1964 = VERTEX_POINT('',#1965);
#1965 = CARTESIAN_POINT('',(2.1,-3.1,0.));
#1966 = SURFACE_CURVE('',#1967,(#1972,#1979),.PCURVE_S1.);
#1967 = CIRCLE('',#1968,1.);
#1968 = AXIS2_PLACEMENT_3D('',#1969,#1970,#1971);
#1969 = CARTESIAN_POINT('',(2.1,-2.1,0.));
#1970 = DIRECTION('',(-0.,-0.,-1.));
#1971 = DIRECTION('',(0.,-1.,0.));
#1972 = PCURVE('',#1339,#1973);
#1973 = DEFINITIONAL_REPRESENTATION('',(#1974),#1978);
#1974 = LINE('',#1975,#1976);
#1975 = CARTESIAN_POINT('',(4.712388980385,-0.));
#1976 = VECTOR('',#1977,1.);
#1977 = DIRECTION('',(-1.,0.));
#1978 = ( GEOMETRIC_REPRESENTATION_CONTEXT(2) 
PARAMETRIC_REPRESENTATION_CONTEXT() REPRESENTATION_CONTEXT('2D SPACE',''
  ) );
#1979 = PCURVE('',#1855,#1980);
#1980 = DEFINITIONAL_REPRESENTATION('',(#1981),#1985);
#1981 = CIRCLE('',#1982,1.);
#1982 = AXIS2_PLACEMENT_2D('',#1983,#1984);
#1983 = CARTESIAN_POINT('',(-2.1,-2.1));
#1984 = DIRECTION('',(0.,-1.));
#1985 = ( GEOMETRIC_REPRESENTATION_CONTEXT(2) 
PARAMETRIC_REPRESENTATION_CONTEXT() REPRESENTATION_CONTEXT('2D SPACE',''
  ) );
#1986 = ORIENTED_EDGE('',*,*,#1987,.T.);
#1987 = EDGE_CURVE('',#1964,#1324,#1988,.T.);
#1988 = SURFACE_CURVE('',#1989,(#1993,#2000),.PCURVE_S1.);
#1989 = LINE('',#1990,#1991);
#1990 = CARTESIAN_POINT('',(2.1,-3.1,0.));
#1991 = VECTOR('',#1992,1.);
#1992 = DIRECTION('',(0.,0.,1.));
#1993 = PCURVE('',#1339,#1994);
#1994 = DEFINITIONAL_REPRESENTATION('',(#1995),#1999);
#1995 = LINE('',#1996,#1997);
#1996 = CARTESIAN_POINT('',(-1.570796326795,0.));
#1997 = VECTOR('',#1998,1.);
#1998 = DIRECTION('',(-0.,1.));
#1999 = ( GEOMETRIC_REPRESENTATION_CONTEXT(2) 
PARAMETRIC_REPRESENTATION_CONTEXT() REPRESENTATION_CONTEXT('2D SPACE',''
  ) );
#2000 = PCURVE('',#1468,#2001);
#2001 = DEFINITIONAL_REPRESENTATION('',(#2002),#2006);
#2002 = LINE('',#2003,#2004);
#2003 = CARTESIAN_POINT('',(1.,0.));
#2004 = VECTOR('',#2005,1.);
#2005 = DIRECTION('',(0.,-1.));
#2006 = ( GEOMETRIC_REPRESENTATION_CONTEXT(2) 
PARAMETRIC_REPRESENTATION_CONTEXT() REPRESENTATION_CONTEXT('2D SPACE',''
  ) );
#2007 = ORIENTED_EDGE('',*,*,#1323,.F.);
#2008 = ORIENTED_EDGE('',*,*,#1889,.F.);
#2009 = ADVANCED_FACE('',(#2010),#1414,.T.);
#2010 = FACE_BOUND('',#2011,.T.);
#2011 = EDGE_LOOP('',(#2012,#2035,#2056,#2057));
#2012 = ORIENTED_EDGE('',*,*,#2013,.F.);
#2013 = EDGE_CURVE('',#2014,#1914,#2016,.T.);
#2014 = VERTEX_POINT('',#2015);
#2015 = CARTESIAN_POINT('',(-2.1,3.1,0.));
#2016 = SURFACE_CURVE('',#2017,(#2021,#2028),.PCURVE_S1.);
#2017 = LINE('',#2018,#2019);
#2018 = CARTESIAN_POINT('',(-3.1,3.1,0.));
#2019 = VECTOR('',#2020,1.);
#2020 = DIRECTION('',(1.,7.16272919113E-17,0.));
#2021 = PCURVE('',#1414,#2022);
#2022 = DEFINITIONAL_REPRESENTATION('',(#2023),#2027);
#2023 = LINE('',#2024,#2025);
#2024 = CARTESIAN_POINT('',(0.,0.));
#2025 = VECTOR('',#2026,1.);
#2026 = DIRECTION('',(1.,0.));
#2027 = ( GEOMETRIC_REPRESENTATION_CONTEXT(2) 
PARAMETRIC_REPRESENTATION_CONTEXT() REPRESENTATION_CONTEXT('2D SPACE',''
  ) );
#2028 = PCURVE('',#1855,#2029);
#2029 = DEFINITIONAL_REPRESENTATION('',(#2030),#2034);
#2030 = LINE('',#2031,#2032);
#2031 = CARTESIAN_POINT('',(3.1,3.1));
#2032 = VECTOR('',#2033,1.);
#2033 = DIRECTION('',(-1.,7.16272919113E-17));
#2034 = ( GEOMETRIC_REPRESENTATION_CONTEXT(2) 
PARAMETRIC_REPRESENTATION_CONTEXT() REPRESENTATION_CONTEXT('2D SPACE',''
  ) );
#2035 = ORIENTED_EDGE('',*,*,#2036,.T.);
#2036 = EDGE_CURVE('',#2014,#1376,#2037,.T.);
#2037 = SURFACE_CURVE('',#2038,(#2042,#2049),.PCURVE_S1.);
#2038 = LINE('',#2039,#2040);
#2039 = CARTESIAN_POINT('',(-2.1,3.1,0.));
#2040 = VECTOR('',#2041,1.);
#2041 = DIRECTION('',(0.,0.,1.));
#2042 = PCURVE('',#1414,#2043);
#2043 = DEFINITIONAL_REPRESENTATION('',(#2044),#2048);
#2044 = LINE('',#2045,#2046);
#2045 = CARTESIAN_POINT('',(1.,0.));
#2046 = VECTOR('',#2047,1.);
#2047 = DIRECTION('',(0.,-1.));
#2048 = ( GEOMETRIC_REPRESENTATION_CONTEXT(2) 
PARAMETRIC_REPRESENTATION_CONTEXT() REPRESENTATION_CONTEXT('2D SPACE',''
  ) );
#2049 = PCURVE('',#1500,#2050);
#2050 = DEFINITIONAL_REPRESENTATION('',(#2051),#2055);
#2051 = LINE('',#2052,#2053);
#2052 = CARTESIAN_POINT('',(0.,0.));
#2053 = VECTOR('',#2054,1.);
#2054 = DIRECTION('',(0.,1.));
#2055 = ( GEOMETRIC_REPRESENTATION_CONTEXT(2) 
PARAMETRIC_REPRESENTATION_CONTEXT() REPRESENTATION_CONTEXT('2D SPACE',''
  ) );
#2056 = ORIENTED_EDGE('',*,*,#1400,.T.);
#2057 = ORIENTED_EDGE('',*,*,#1939,.F.);
#2058 = ADVANCED_FACE('',(#2059),#1468,.T.);
#2059 = FACE_BOUND('',#2060,.T.);
#2060 = EDGE_LOOP('',(#2061,#2084,#2085,#2086));
#2061 = ORIENTED_EDGE('',*,*,#2062,.F.);
#2062 = EDGE_CURVE('',#1964,#2063,#2065,.T.);
#2063 = VERTEX_POINT('',#2064);
#2064 = CARTESIAN_POINT('',(-2.1,-3.1,0.));
#2065 = SURFACE_CURVE('',#2066,(#2070,#2077),.PCURVE_S1.);
#2066 = LINE('',#2067,#2068);
#2067 = CARTESIAN_POINT('',(3.1,-3.1,0.));
#2068 = VECTOR('',#2069,1.);
#2069 = DIRECTION('',(-1.,0.,0.));
#2070 = PCURVE('',#1468,#2071);
#2071 = DEFINITIONAL_REPRESENTATION('',(#2072),#2076);
#2072 = LINE('',#2073,#2074);
#2073 = CARTESIAN_POINT('',(0.,-0.));
#2074 = VECTOR('',#2075,1.);
#2075 = DIRECTION('',(1.,0.));
#2076 = ( GEOMETRIC_REPRESENTATION_CONTEXT(2) 
PARAMETRIC_REPRESENTATION_CONTEXT() REPRESENTATION_CONTEXT('2D SPACE',''
  ) );
#2077 = PCURVE('',#1855,#2078);
#2078 = DEFINITIONAL_REPRESENTATION('',(#2079),#2083);
#2079 = LINE('',#2080,#2081);
#2080 = CARTESIAN_POINT('',(-3.1,-3.1));
#2081 = VECTOR('',#2082,1.);
#2082 = DIRECTION('',(1.,0.));
#2083 = ( GEOMETRIC_REPRESENTATION_CONTEXT(2) 
PARAMETRIC_REPRESENTATION_CONTEXT() REPRESENTATION_CONTEXT('2D SPACE',''
  ) );
#2084 = ORIENTED_EDGE('',*,*,#1987,.T.);
#2085 = ORIENTED_EDGE('',*,*,#1454,.T.);
#2086 = ORIENTED_EDGE('',*,*,#2087,.F.);
#2087 = EDGE_CURVE('',#2063,#1432,#2088,.T.);
#2088 = SURFACE_CURVE('',#2089,(#2093,#2100),.PCURVE_S1.);
#2089 = LINE('',#2090,#2091);
#2090 = CARTESIAN_POINT('',(-2.1,-3.1,0.));
#2091 = VECTOR('',#2092,1.);
#2092 = DIRECTION('',(0.,0.,1.));
#2093 = PCURVE('',#1468,#2094);
#2094 = DEFINITIONAL_REPRESENTATION('',(#2095),#2099);
#2095 = LINE('',#2096,#2097);
#2096 = CARTESIAN_POINT('',(5.2,0.));
#2097 = VECTOR('',#2098,1.);
#2098 = DIRECTION('',(0.,-1.));
#2099 = ( GEOMETRIC_REPRESENTATION_CONTEXT(2) 
PARAMETRIC_REPRESENTATION_CONTEXT() REPRESENTATION_CONTEXT('2D SPACE',''
  ) );
#2100 = PCURVE('',#1573,#2101);
#2101 = DEFINITIONAL_REPRESENTATION('',(#2102),#2106);
#2102 = LINE('',#2103,#2104);
#2103 = CARTESIAN_POINT('',(1.570796326795,0.));
#2104 = VECTOR('',#2105,1.);
#2105 = DIRECTION('',(0.,1.));
#2106 = ( GEOMETRIC_REPRESENTATION_CONTEXT(2) 
PARAMETRIC_REPRESENTATION_CONTEXT() REPRESENTATION_CONTEXT('2D SPACE',''
  ) );
#2107 = ADVANCED_FACE('',(#2108),#1500,.T.);
#2108 = FACE_BOUND('',#2109,.T.);
#2109 = EDGE_LOOP('',(#2110,#2138,#2159,#2160));
#2110 = ORIENTED_EDGE('',*,*,#2111,.T.);
#2111 = EDGE_CURVE('',#2014,#2112,#2114,.T.);
#2112 = VERTEX_POINT('',#2113);
#2113 = CARTESIAN_POINT('',(-3.1,2.1,0.));
#2114 = SURFACE_CURVE('',#2115,(#2120,#2127),.PCURVE_S1.);
#2115 = CIRCLE('',#2116,1.);
#2116 = AXIS2_PLACEMENT_3D('',#2117,#2118,#2119);
#2117 = CARTESIAN_POINT('',(-2.1,2.1,0.));
#2118 = DIRECTION('',(-0.,0.,1.));
#2119 = DIRECTION('',(0.,-1.,0.));
#2120 = PCURVE('',#1500,#2121);
#2121 = DEFINITIONAL_REPRESENTATION('',(#2122),#2126);
#2122 = LINE('',#2123,#2124);
#2123 = CARTESIAN_POINT('',(-3.14159265359,0.));
#2124 = VECTOR('',#2125,1.);
#2125 = DIRECTION('',(1.,0.));
#2126 = ( GEOMETRIC_REPRESENTATION_CONTEXT(2) 
PARAMETRIC_REPRESENTATION_CONTEXT() REPRESENTATION_CONTEXT('2D SPACE',''
  ) );
#2127 = PCURVE('',#1855,#2128);
#2128 = DEFINITIONAL_REPRESENTATION('',(#2129),#2137);
#2129 = ( BOUNDED_CURVE() B_SPLINE_CURVE(2,(#2130,#2131,#2132,#2133,
#2134,#2135,#2136),.UNSPECIFIED.,.T.,.F.) B_SPLINE_CURVE_WITH_KNOTS((1,2
    ,2,2,2,1),(-2.094395102393,0.,2.094395102393,4.188790204786,
6.28318530718,8.377580409573),.UNSPECIFIED.) CURVE() 
GEOMETRIC_REPRESENTATION_ITEM() RATIONAL_B_SPLINE_CURVE((1.,0.5,1.,0.5,
1.,0.5,1.)) REPRESENTATION_ITEM('') );
#2130 = CARTESIAN_POINT('',(2.1,1.1));
#2131 = CARTESIAN_POINT('',(0.367949192431,1.1));
#2132 = CARTESIAN_POINT('',(1.233974596216,2.6));
#2133 = CARTESIAN_POINT('',(2.1,4.1));
#2134 = CARTESIAN_POINT('',(2.966025403784,2.6));
#2135 = CARTESIAN_POINT('',(3.832050807569,1.1));
#2136 = CARTESIAN_POINT('',(2.1,1.1));
#2137 = ( GEOMETRIC_REPRESENTATION_CONTEXT(2) 
PARAMETRIC_REPRESENTATION_CONTEXT() REPRESENTATION_CONTEXT('2D SPACE',''
  ) );
#2138 = ORIENTED_EDGE('',*,*,#2139,.T.);
#2139 = EDGE_CURVE('',#2112,#1485,#2140,.T.);
#2140 = SURFACE_CURVE('',#2141,(#2145,#2152),.PCURVE_S1.);
#2141 = LINE('',#2142,#2143);
#2142 = CARTESIAN_POINT('',(-3.1,2.1,0.));
#2143 = VECTOR('',#2144,1.);
#2144 = DIRECTION('',(0.,0.,1.));
#2145 = PCURVE('',#1500,#2146);
#2146 = DEFINITIONAL_REPRESENTATION('',(#2147),#2151);
#2147 = LINE('',#2148,#2149);
#2148 = CARTESIAN_POINT('',(1.570796326795,0.));
#2149 = VECTOR('',#2150,1.);
#2150 = DIRECTION('',(0.,1.));
#2151 = ( GEOMETRIC_REPRESENTATION_CONTEXT(2) 
PARAMETRIC_REPRESENTATION_CONTEXT() REPRESENTATION_CONTEXT('2D SPACE',''
  ) );
#2152 = PCURVE('',#1606,#2153);
#2153 = DEFINITIONAL_REPRESENTATION('',(#2154),#2158);
#2154 = LINE('',#2155,#2156);
#2155 = CARTESIAN_POINT('',(5.2,0.));
#2156 = VECTOR('',#2157,1.);
#2157 = DIRECTION('',(0.,-1.));
#2158 = ( GEOMETRIC_REPRESENTATION_CONTEXT(2) 
PARAMETRIC_REPRESENTATION_CONTEXT() REPRESENTATION_CONTEXT('2D SPACE',''
  ) );
#2159 = ORIENTED_EDGE('',*,*,#1484,.F.);
#2160 = ORIENTED_EDGE('',*,*,#2036,.F.);
#2161 = ADVANCED_FACE('',(#2162),#1573,.T.);
#2162 = FACE_BOUND('',#2163,.T.);
#2163 = EDGE_LOOP('',(#2164,#2192,#2193,#2194));
#2164 = ORIENTED_EDGE('',*,*,#2165,.T.);
#2165 = EDGE_CURVE('',#2166,#2063,#2168,.T.);
#2166 = VERTEX_POINT('',#2167);
#2167 = CARTESIAN_POINT('',(-3.1,-2.1,0.));
#2168 = SURFACE_CURVE('',#2169,(#2174,#2181),.PCURVE_S1.);
#2169 = CIRCLE('',#2170,1.);
#2170 = AXIS2_PLACEMENT_3D('',#2171,#2172,#2173);
#2171 = CARTESIAN_POINT('',(-2.1,-2.1,0.));
#2172 = DIRECTION('',(-0.,0.,1.));
#2173 = DIRECTION('',(0.,-1.,0.));
#2174 = PCURVE('',#1573,#2175);
#2175 = DEFINITIONAL_REPRESENTATION('',(#2176),#2180);
#2176 = LINE('',#2177,#2178);
#2177 = CARTESIAN_POINT('',(-4.712388980385,0.));
#2178 = VECTOR('',#2179,1.);
#2179 = DIRECTION('',(1.,0.));
#2180 = ( GEOMETRIC_REPRESENTATION_CONTEXT(2) 
PARAMETRIC_REPRESENTATION_CONTEXT() REPRESENTATION_CONTEXT('2D SPACE',''
  ) );
#2181 = PCURVE('',#1855,#2182);
#2182 = DEFINITIONAL_REPRESENTATION('',(#2183),#2191);
#2183 = ( BOUNDED_CURVE() B_SPLINE_CURVE(2,(#2184,#2185,#2186,#2187,
#2188,#2189,#2190),.UNSPECIFIED.,.T.,.F.) B_SPLINE_CURVE_WITH_KNOTS((1,2
    ,2,2,2,1),(-2.094395102393,0.,2.094395102393,4.188790204786,
6.28318530718,8.377580409573),.UNSPECIFIED.) CURVE() 
GEOMETRIC_REPRESENTATION_ITEM() RATIONAL_B_SPLINE_CURVE((1.,0.5,1.,0.5,
1.,0.5,1.)) REPRESENTATION_ITEM('') );
#2184 = CARTESIAN_POINT('',(2.1,-3.1));
#2185 = CARTESIAN_POINT('',(0.367949192431,-3.1));
#2186 = CARTESIAN_POINT('',(1.233974596216,-1.6));
#2187 = CARTESIAN_POINT('',(2.1,-0.1));
#2188 = CARTESIAN_POINT('',(2.966025403784,-1.6));
#2189 = CARTESIAN_POINT('',(3.832050807569,-3.1));
#2190 = CARTESIAN_POINT('',(2.1,-3.1));
#2191 = ( GEOMETRIC_REPRESENTATION_CONTEXT(2) 
PARAMETRIC_REPRESENTATION_CONTEXT() REPRESENTATION_CONTEXT('2D SPACE',''
  ) );
#2192 = ORIENTED_EDGE('',*,*,#2087,.T.);
#2193 = ORIENTED_EDGE('',*,*,#1559,.F.);
#2194 = ORIENTED_EDGE('',*,*,#2195,.F.);
#2195 = EDGE_CURVE('',#2166,#1537,#2196,.T.);
#2196 = SURFACE_CURVE('',#2197,(#2201,#2208),.PCURVE_S1.);
#2197 = LINE('',#2198,#2199);
#2198 = CARTESIAN_POINT('',(-3.1,-2.1,0.));
#2199 = VECTOR('',#2200,1.);
#2200 = DIRECTION('',(0.,0.,1.));
#2201 = PCURVE('',#1573,#2202);
#2202 = DEFINITIONAL_REPRESENTATION('',(#2203),#2207);
#2203 = LINE('',#2204,#2205);
#2204 = CARTESIAN_POINT('',(0.,0.));
#2205 = VECTOR('',#2206,1.);
#2206 = DIRECTION('',(0.,1.));
#2207 = ( GEOMETRIC_REPRESENTATION_CONTEXT(2) 
PARAMETRIC_REPRESENTATION_CONTEXT() REPRESENTATION_CONTEXT('2D SPACE',''
  ) );
#2208 = PCURVE('',#1606,#2209);
#2209 = DEFINITIONAL_REPRESENTATION('',(#2210),#2214);
#2210 = LINE('',#2211,#2212);
#2211 = CARTESIAN_POINT('',(1.,0.));
#2212 = VECTOR('',#2213,1.);
#2213 = DIRECTION('',(0.,-1.));
#2214 = ( GEOMETRIC_REPRESENTATION_CONTEXT(2) 
PARAMETRIC_REPRESENTATION_CONTEXT() REPRESENTATION_CONTEXT('2D SPACE',''
  ) );
#2215 = ADVANCED_FACE('',(#2216),#1606,.T.);
#2216 = FACE_BOUND('',#2217,.T.);
#2217 = EDGE_LOOP('',(#2218,#2239,#2240,#2241));
#2218 = ORIENTED_EDGE('',*,*,#2219,.F.);
#2219 = EDGE_CURVE('',#2166,#2112,#2220,.T.);
#2220 = SURFACE_CURVE('',#2221,(#2225,#2232),.PCURVE_S1.);
#2221 = LINE('',#2222,#2223);
#2222 = CARTESIAN_POINT('',(-3.1,-3.1,0.));
#2223 = VECTOR('',#2224,1.);
#2224 = DIRECTION('',(0.,1.,0.));
#2225 = PCURVE('',#1606,#2226);
#2226 = DEFINITIONAL_REPRESENTATION('',(#2227),#2231);
#2227 = LINE('',#2228,#2229);
#2228 = CARTESIAN_POINT('',(0.,0.));
#2229 = VECTOR('',#2230,1.);
#2230 = DIRECTION('',(1.,0.));
#2231 = ( GEOMETRIC_REPRESENTATION_CONTEXT(2) 
PARAMETRIC_REPRESENTATION_CONTEXT() REPRESENTATION_CONTEXT('2D SPACE',''
  ) );
#2232 = PCURVE('',#1855,#2233);
#2233 = DEFINITIONAL_REPRESENTATION('',(#2234),#2238);
#2234 = LINE('',#2235,#2236);
#2235 = CARTESIAN_POINT('',(3.1,-3.1));
#2236 = VECTOR('',#2237,1.);
#2237 = DIRECTION('',(0.,1.));
#2238 = ( GEOMETRIC_REPRESENTATION_CONTEXT(2) 
PARAMETRIC_REPRESENTATION_CONTEXT() REPRESENTATION_CONTEXT('2D SPACE',''
  ) );
#2239 = ORIENTED_EDGE('',*,*,#2195,.T.);
#2240 = ORIENTED_EDGE('',*,*,#1592,.T.);
#2241 = ORIENTED_EDGE('',*,*,#2139,.F.);
#2242 = ADVANCED_FACE('',(#2243),#1660,.T.);
#2243 = FACE_BOUND('',#2244,.T.);
#2244 = EDGE_LOOP('',(#2245));
#2245 = ORIENTED_EDGE('',*,*,#1645,.T.);
#2246 = ADVANCED_FACE('',(#2247),#1714,.T.);
#2247 = FACE_BOUND('',#2248,.T.);
#2248 = EDGE_LOOP('',(#2249));
#2249 = ORIENTED_EDGE('',*,*,#1699,.T.);
#2250 = ADVANCED_FACE('',(#2251),#1768,.T.);
#2251 = FACE_BOUND('',#2252,.T.);
#2252 = EDGE_LOOP('',(#2253));
#2253 = ORIENTED_EDGE('',*,*,#1753,.T.);
#2254 = ADVANCED_FACE('',(#2255),#1822,.T.);
#2255 = FACE_BOUND('',#2256,.T.);
#2256 = EDGE_LOOP('',(#2257));
#2257 = ORIENTED_EDGE('',*,*,#1807,.T.);
#2258 = ADVANCED_FACE('',(#2259,#2269,#2300),#1855,.T.);
#2259 = FACE_BOUND('',#2260,.T.);
#2260 = EDGE_LOOP('',(#2261,#2262,#2263,#2264,#2265,#2266,#2267,#2268));
#2261 = ORIENTED_EDGE('',*,*,#2013,.T.);
#2262 = ORIENTED_EDGE('',*,*,#1913,.T.);
#2263 = ORIENTED_EDGE('',*,*,#1837,.T.);
#2264 = ORIENTED_EDGE('',*,*,#1963,.T.);
#2265 = ORIENTED_EDGE('',*,*,#2062,.T.);
#2266 = ORIENTED_EDGE('',*,*,#2165,.F.);
#2267 = ORIENTED_EDGE('',*,*,#2219,.T.);
#2268 = ORIENTED_EDGE('',*,*,#2111,.F.);
#2269 = FACE_BOUND('',#2270,.T.);
#2270 = EDGE_LOOP('',(#2271));
#2271 = ORIENTED_EDGE('',*,*,#2272,.F.);
#2272 = EDGE_CURVE('',#2273,#2273,#2275,.T.);
#2273 = VERTEX_POINT('',#2274);
#2274 = CARTESIAN_POINT('',(-2.,0.,0.));
#2275 = SURFACE_CURVE('',#2276,(#2281,#2288),.PCURVE_S1.);
#2276 = CIRCLE('',#2277,0.5);
#2277 = AXIS2_PLACEMENT_3D('',#2278,#2279,#2280);
#2278 = CARTESIAN_POINT('',(-2.5,0.,0.));
#2279 = DIRECTION('',(0.,0.,-1.));
#2280 = DIRECTION('',(1.,0.,0.));
#2281 = PCURVE('',#1855,#2282);
#2282 = DEFINITIONAL_REPRESENTATION('',(#2283),#2287);
#2283 = CIRCLE('',#2284,0.5);
#2284 = AXIS2_PLACEMENT_2D('',#2285,#2286);
#2285 = CARTESIAN_POINT('',(2.5,-1.432545838226E-16));
#2286 = DIRECTION('',(-1.,0.));
#2287 = ( GEOMETRIC_REPRESENTATION_CONTEXT(2) 
PARAMETRIC_REPRESENTATION_CONTEXT() REPRESENTATION_CONTEXT('2D SPACE',''
  ) );
#2288 = PCURVE('',#2289,#2294);
#2289 = CYLINDRICAL_SURFACE('',#2290,0.5);
#2290 = AXIS2_PLACEMENT_3D('',#2291,#2292,#2293);
#2291 = CARTESIAN_POINT('',(-2.5,0.,0.));
#2292 = DIRECTION('',(0.,0.,1.));
#2293 = DIRECTION('',(1.,0.,0.));
#2294 = DEFINITIONAL_REPRESENTATION('',(#2295),#2299);
#2295 = LINE('',#2296,#2297);
#2296 = CARTESIAN_POINT('',(-0.,0.));
#2297 = VECTOR('',#2298,1.);
#2298 = DIRECTION('',(-1.,0.));
#2299 = ( GEOMETRIC_REPRESENTATION_CONTEXT(2) 
PARAMETRIC_REPRESENTATION_CONTEXT() REPRESENTATION_CONTEXT('2D SPACE',''
  ) );
#2300 = FACE_BOUND('',#2301,.T.);
#2301 = EDGE_LOOP('',(#2302));
#2302 = ORIENTED_EDGE('',*,*,#2303,.F.);
#2303 = EDGE_CURVE('',#2304,#2304,#2306,.T.);
#2304 = VERTEX_POINT('',#2305);
#2305 = CARTESIAN_POINT('',(3.,0.,0.));
#2306 = SURFACE_CURVE('',#2307,(#2312,#2319),.PCURVE_S1.);
#2307 = CIRCLE('',#2308,0.5);
#2308 = AXIS2_PLACEMENT_3D('',#2309,#2310,#2311);
#2309 = CARTESIAN_POINT('',(2.5,0.,0.));
#2310 = DIRECTION('',(0.,0.,-1.));
#2311 = DIRECTION('',(1.,0.,0.));
#2312 = PCURVE('',#1855,#2313);
#2313 = DEFINITIONAL_REPRESENTATION('',(#2314),#2318);
#2314 = CIRCLE('',#2315,0.5);
#2315 = AXIS2_PLACEMENT_2D('',#2316,#2317);
#2316 = CARTESIAN_POINT('',(-2.5,-1.432545838226E-16));
#2317 = DIRECTION('',(-1.,0.));
#2318 = ( GEOMETRIC_REPRESENTATION_CONTEXT(2) 
PARAMETRIC_REPRESENTATION_CONTEXT() REPRESENTATION_CONTEXT('2D SPACE',''
  ) );
#2319 = PCURVE('',#2320,#2325);
#2320 = CYLINDRICAL_SURFACE('',#2321,0.5);
#2321 = AXIS2_PLACEMENT_3D('',#2322,#2323,#2324);
#2322 = CARTESIAN_POINT('',(2.5,0.,0.));
#2323 = DIRECTION('',(0.,0.,1.));
#2324 = DIRECTION('',(1.,0.,0.));
#2325 = DEFINITIONAL_REPRESENTATION('',(#2326),#2330);
#2326 = LINE('',#2327,#2328);
#2327 = CARTESIAN_POINT('',(-0.,0.));
#2328 = VECTOR('',#2329,1.);
#2329 = DIRECTION('',(-1.,0.));
#2330 = ( GEOMETRIC_REPRESENTATION_CONTEXT(2) 
PARAMETRIC_REPRESENTATION_CONTEXT() REPRESENTATION_CONTEXT('2D SPACE',''
  ) );
#2331 = ADVANCED_FACE('',(#2332),#2289,.T.);
#2332 = FACE_BOUND('',#2333,.F.);
#2333 = EDGE_LOOP('',(#2334,#2357,#2384,#2385));
#2334 = ORIENTED_EDGE('',*,*,#2335,.T.);
#2335 = EDGE_CURVE('',#2273,#2336,#2338,.T.);
#2336 = VERTEX_POINT('',#2337);
#2337 = CARTESIAN_POINT('',(-2.,0.,-3.5));
#2338 = SEAM_CURVE('',#2339,(#2343,#2350),.PCURVE_S1.);
#2339 = LINE('',#2340,#2341);
#2340 = CARTESIAN_POINT('',(-2.,0.,0.));
#2341 = VECTOR('',#2342,1.);
#2342 = DIRECTION('',(0.,0.,-1.));
#2343 = PCURVE('',#2289,#2344);
#2344 = DEFINITIONAL_REPRESENTATION('',(#2345),#2349);
#2345 = LINE('',#2346,#2347);
#2346 = CARTESIAN_POINT('',(-0.,0.));
#2347 = VECTOR('',#2348,1.);
#2348 = DIRECTION('',(-0.,-1.));
#2349 = ( GEOMETRIC_REPRESENTATION_CONTEXT(2) 
PARAMETRIC_REPRESENTATION_CONTEXT() REPRESENTATION_CONTEXT('2D SPACE',''
  ) );
#2350 = PCURVE('',#2289,#2351);
#2351 = DEFINITIONAL_REPRESENTATION('',(#2352),#2356);
#2352 = LINE('',#2353,#2354);
#2353 = CARTESIAN_POINT('',(-6.28318530718,0.));
#2354 = VECTOR('',#2355,1.);
#2355 = DIRECTION('',(-0.,-1.));
#2356 = ( GEOMETRIC_REPRESENTATION_CONTEXT(2) 
PARAMETRIC_REPRESENTATION_CONTEXT() REPRESENTATION_CONTEXT('2D SPACE',''
  ) );
#2357 = ORIENTED_EDGE('',*,*,#2358,.T.);
#2358 = EDGE_CURVE('',#2336,#2336,#2359,.T.);
#2359 = SURFACE_CURVE('',#2360,(#2365,#2372),.PCURVE_S1.);
#2360 = CIRCLE('',#2361,0.5);
#2361 = AXIS2_PLACEMENT_3D('',#2362,#2363,#2364);
#2362 = CARTESIAN_POINT('',(-2.5,0.,-3.5));
#2363 = DIRECTION('',(0.,0.,-1.));
#2364 = DIRECTION('',(1.,0.,0.));
#2365 = PCURVE('',#2289,#2366);
#2366 = DEFINITIONAL_REPRESENTATION('',(#2367),#2371);
#2367 = LINE('',#2368,#2369);
#2368 = CARTESIAN_POINT('',(-0.,-3.5));
#2369 = VECTOR('',#2370,1.);
#2370 = DIRECTION('',(-1.,0.));
#2371 = ( GEOMETRIC_REPRESENTATION_CONTEXT(2) 
PARAMETRIC_REPRESENTATION_CONTEXT() REPRESENTATION_CONTEXT('2D SPACE',''
  ) );
#2372 = PCURVE('',#2373,#2378);
#2373 = PLANE('',#2374);
#2374 = AXIS2_PLACEMENT_3D('',#2375,#2376,#2377);
#2375 = CARTESIAN_POINT('',(-2.5,-4.3687976227E-17,-3.5));
#2376 = DIRECTION('',(-0.,-0.,-1.));
#2377 = DIRECTION('',(-1.,0.,0.));
#2378 = DEFINITIONAL_REPRESENTATION('',(#2379),#2383);
#2379 = CIRCLE('',#2380,0.5);
#2380 = AXIS2_PLACEMENT_2D('',#2381,#2382);
#2381 = CARTESIAN_POINT('',(0.,4.3687976227E-17));
#2382 = DIRECTION('',(-1.,0.));
#2383 = ( GEOMETRIC_REPRESENTATION_CONTEXT(2) 
PARAMETRIC_REPRESENTATION_CONTEXT() REPRESENTATION_CONTEXT('2D SPACE',''
  ) );
#2384 = ORIENTED_EDGE('',*,*,#2335,.F.);
#2385 = ORIENTED_EDGE('',*,*,#2272,.F.);
#2386 = ADVANCED_FACE('',(#2387),#2320,.T.);
#2387 = FACE_BOUND('',#2388,.F.);
#2388 = EDGE_LOOP('',(#2389,#2412,#2439,#2440));
#2389 = ORIENTED_EDGE('',*,*,#2390,.T.);
#2390 = EDGE_CURVE('',#2304,#2391,#2393,.T.);
#2391 = VERTEX_POINT('',#2392);
#2392 = CARTESIAN_POINT('',(3.,0.,-3.5));
#2393 = SEAM_CURVE('',#2394,(#2398,#2405),.PCURVE_S1.);
#2394 = LINE('',#2395,#2396);
#2395 = CARTESIAN_POINT('',(3.,0.,0.));
#2396 = VECTOR('',#2397,1.);
#2397 = DIRECTION('',(0.,0.,-1.));
#2398 = PCURVE('',#2320,#2399);
#2399 = DEFINITIONAL_REPRESENTATION('',(#2400),#2404);
#2400 = LINE('',#2401,#2402);
#2401 = CARTESIAN_POINT('',(-0.,0.));
#2402 = VECTOR('',#2403,1.);
#2403 = DIRECTION('',(-0.,-1.));
#2404 = ( GEOMETRIC_REPRESENTATION_CONTEXT(2) 
PARAMETRIC_REPRESENTATION_CONTEXT() REPRESENTATION_CONTEXT('2D SPACE',''
  ) );
#2405 = PCURVE('',#2320,#2406);
#2406 = DEFINITIONAL_REPRESENTATION('',(#2407),#2411);
#2407 = LINE('',#2408,#2409);
#2408 = CARTESIAN_POINT('',(-6.28318530718,0.));
#2409 = VECTOR('',#2410,1.);
#2410 = DIRECTION('',(-0.,-1.));
#2411 = ( GEOMETRIC_REPRESENTATION_CONTEXT(2) 
PARAMETRIC_REPRESENTATION_CONTEXT() REPRESENTATION_CONTEXT('2D SPACE',''
  ) );
#2412 = ORIENTED_EDGE('',*,*,#2413,.T.);
#2413 = EDGE_CURVE('',#2391,#2391,#2414,.T.);
#2414 = SURFACE_CURVE('',#2415,(#2420,#2427),.PCURVE_S1.);
#2415 = CIRCLE('',#2416,0.5);
#2416 = AXIS2_PLACEMENT_3D('',#2417,#2418,#2419);
#2417 = CARTESIAN_POINT('',(2.5,0.,-3.5));
#2418 = DIRECTION('',(0.,0.,-1.));
#2419 = DIRECTION('',(1.,0.,0.));
#2420 = PCURVE('',#2320,#2421);
#2421 = DEFINITIONAL_REPRESENTATION('',(#2422),#2426);
#2422 = LINE('',#2423,#2424);
#2423 = CARTESIAN_POINT('',(-0.,-3.5));
#2424 = VECTOR('',#2425,1.);
#2425 = DIRECTION('',(-1.,0.));
#2426 = ( GEOMETRIC_REPRESENTATION_CONTEXT(2) 
PARAMETRIC_REPRESENTATION_CONTEXT() REPRESENTATION_CONTEXT('2D SPACE',''
  ) );
#2427 = PCURVE('',#2428,#2433);
#2428 = PLANE('',#2429);
#2429 = AXIS2_PLACEMENT_3D('',#2430,#2431,#2432);
#2430 = CARTESIAN_POINT('',(2.5,-4.3687976227E-17,-3.5));
#2431 = DIRECTION('',(-0.,-0.,-1.));
#2432 = DIRECTION('',(-1.,0.,0.));
#2433 = DEFINITIONAL_REPRESENTATION('',(#2434),#2438);
#2434 = CIRCLE('',#2435,0.5);
#2435 = AXIS2_PLACEMENT_2D('',#2436,#2437);
#2436 = CARTESIAN_POINT('',(4.440892098501E-16,4.3687976227E-17));
#2437 = DIRECTION('',(-1.,0.));
#2438 = ( GEOMETRIC_REPRESENTATION_CONTEXT(2) 
PARAMETRIC_REPRESENTATION_CONTEXT() REPRESENTATION_CONTEXT('2D SPACE',''
  ) );
#2439 = ORIENTED_EDGE('',*,*,#2390,.F.);
#2440 = ORIENTED_EDGE('',*,*,#2303,.F.);
#2441 = ADVANCED_FACE('',(#2442),#2373,.T.);
#2442 = FACE_BOUND('',#2443,.T.);
#2443 = EDGE_LOOP('',(#2444));
#2444 = ORIENTED_EDGE('',*,*,#2358,.T.);
#2445 = ADVANCED_FACE('',(#2446),#2428,.T.);
#2446 = FACE_BOUND('',#2447,.T.);
#2447 = EDGE_LOOP('',(#2448));
#2448 = ORIENTED_EDGE('',*,*,#2413,.T.);
#2449 = ( GEOMETRIC_REPRESENTATION_CONTEXT(3) 
GLOBAL_UNCERTAINTY_ASSIGNED_CONTEXT((#2453)) 
GLOBAL_UNIT_ASSIGNED_CONTEXT((#2450,#2451,#2452)) REPRESENTATION_CONTEXT
('Context #1','3D Context with UNIT and UNCERTAINTY') );
#2450 = ( LENGTH_UNIT() NAMED_UNIT(*) SI_UNIT(.MILLI.,.METRE.) );
#2451 = ( NAMED_UNIT(*) PLANE_ANGLE_UNIT() SI_UNIT($,.RADIAN.) );
#2452 = ( NAMED_UNIT(*) SI_UNIT($,.STERADIAN.) SOLID_ANGLE_UNIT() );
#2453 = UNCERTAINTY_MEASURE_WITH_UNIT(LENGTH_MEASURE(1.E-07),#2450,
  'distance_accuracy_value','confusion accuracy');
#2454 = PRODUCT_RELATED_PRODUCT_CATEGORY('part',$,(#7));
#2455 = MECHANICAL_DESIGN_GEOMETRIC_PRESENTATION_REPRESENTATION('',(
    #2456,#2464,#2471,#2479,#2486,#2493,#2500,#2507,#2514,#2521,#2528,
    #2535,#2542,#2549,#2556,#2563,#2570,#2577,#2584,#2591,#2598,#2605,
    #2612,#2619,#2626,#2633,#2640,#2647,#2654,#2661,#2668,#2675,#2682,
    #2689,#2696,#2703,#2710,#2717,#2724,#2731,#2738,#2745,#2752,#2759,
    #2766),#2449);
#2456 = STYLED_ITEM('color',(#2457),#17);
#2457 = PRESENTATION_STYLE_ASSIGNMENT((#2458));
#2458 = SURFACE_STYLE_USAGE(.BOTH.,#2459);
#2459 = SURFACE_SIDE_STYLE('',(#2460));
#2460 = SURFACE_STYLE_FILL_AREA(#2461);
#2461 = FILL_AREA_STYLE('',(#2462));
#2462 = FILL_AREA_STYLE_COLOUR('',#2463);
#2463 = COLOUR_RGB('',0.117647059262,0.117647059262,0.117647059262);
#2464 = STYLED_ITEM('color',(#2465),#109);
#2465 = PRESENTATION_STYLE_ASSIGNMENT((#2466));
#2466 = SURFACE_STYLE_USAGE(.BOTH.,#2467);
#2467 = SURFACE_SIDE_STYLE('',(#2468));
#2468 = SURFACE_STYLE_FILL_AREA(#2469);
#2469 = FILL_AREA_STYLE('',(#2470));
#2470 = FILL_AREA_STYLE_COLOUR('',#2463);
#2471 = STYLED_ITEM('color',(#2472),#163);
#2472 = PRESENTATION_STYLE_ASSIGNMENT((#2473));
#2473 = SURFACE_STYLE_USAGE(.BOTH.,#2474);
#2474 = SURFACE_SIDE_STYLE('',(#2475));
#2475 = SURFACE_STYLE_FILL_AREA(#2476);
#2476 = FILL_AREA_STYLE('',(#2477));
#2477 = FILL_AREA_STYLE_COLOUR('',#2478);
#2478 = COLOUR_RGB('',0.811764717102,0.811764717102,0.811764717102);
#2479 = STYLED_ITEM('color',(#2480),#537);
#2480 = PRESENTATION_STYLE_ASSIGNMENT((#2481));
#2481 = SURFACE_STYLE_USAGE(.BOTH.,#2482);
#2482 = SURFACE_SIDE_STYLE('',(#2483));
#2483 = SURFACE_STYLE_FILL_AREA(#2484);
#2484 = FILL_AREA_STYLE('',(#2485));
#2485 = FILL_AREA_STYLE_COLOUR('',#2463);
#2486 = STYLED_ITEM('color',(#2487),#541);
#2487 = PRESENTATION_STYLE_ASSIGNMENT((#2488));
#2488 = SURFACE_STYLE_USAGE(.BOTH.,#2489);
#2489 = SURFACE_SIDE_STYLE('',(#2490));
#2490 = SURFACE_STYLE_FILL_AREA(#2491);
#2491 = FILL_AREA_STYLE('',(#2492));
#2492 = FILL_AREA_STYLE_COLOUR('',#2478);
#2493 = STYLED_ITEM('color',(#2494),#615);
#2494 = PRESENTATION_STYLE_ASSIGNMENT((#2495));
#2495 = SURFACE_STYLE_USAGE(.BOTH.,#2496);
#2496 = SURFACE_SIDE_STYLE('',(#2497));
#2497 = SURFACE_STYLE_FILL_AREA(#2498);
#2498 = FILL_AREA_STYLE('',(#2499));
#2499 = FILL_AREA_STYLE_COLOUR('',#2478);
#2500 = STYLED_ITEM('color',(#2501),#669);
#2501 = PRESENTATION_STYLE_ASSIGNMENT((#2502));
#2502 = SURFACE_STYLE_USAGE(.BOTH.,#2503);
#2503 = SURFACE_SIDE_STYLE('',(#2504));
#2504 = SURFACE_STYLE_FILL_AREA(#2505);
#2505 = FILL_AREA_STYLE('',(#2506));
#2506 = FILL_AREA_STYLE_COLOUR('',#2478);
#2507 = STYLED_ITEM('color',(#2508),#723);
#2508 = PRESENTATION_STYLE_ASSIGNMENT((#2509));
#2509 = SURFACE_STYLE_USAGE(.BOTH.,#2510);
#2510 = SURFACE_SIDE_STYLE('',(#2511));
#2511 = SURFACE_STYLE_FILL_AREA(#2512);
#2512 = FILL_AREA_STYLE('',(#2513));
#2513 = FILL_AREA_STYLE_COLOUR('',#2478);
#2514 = STYLED_ITEM('color',(#2515),#776);
#2515 = PRESENTATION_STYLE_ASSIGNMENT((#2516));
#2516 = SURFACE_STYLE_USAGE(.BOTH.,#2517);
#2517 = SURFACE_SIDE_STYLE('',(#2518));
#2518 = SURFACE_STYLE_FILL_AREA(#2519);
#2519 = FILL_AREA_STYLE('',(#2520));
#2520 = FILL_AREA_STYLE_COLOUR('',#2478);
#2521 = STYLED_ITEM('color',(#2522),#829);
#2522 = PRESENTATION_STYLE_ASSIGNMENT((#2523));
#2523 = SURFACE_STYLE_USAGE(.BOTH.,#2524);
#2524 = SURFACE_SIDE_STYLE('',(#2525));
#2525 = SURFACE_STYLE_FILL_AREA(#2526);
#2526 = FILL_AREA_STYLE('',(#2527));
#2527 = FILL_AREA_STYLE_COLOUR('',#2478);
#2528 = STYLED_ITEM('color',(#2529),#883);
#2529 = PRESENTATION_STYLE_ASSIGNMENT((#2530));
#2530 = SURFACE_STYLE_USAGE(.BOTH.,#2531);
#2531 = SURFACE_SIDE_STYLE('',(#2532));
#2532 = SURFACE_STYLE_FILL_AREA(#2533);
#2533 = FILL_AREA_STYLE('',(#2534));
#2534 = FILL_AREA_STYLE_COLOUR('',#2478);
#2535 = STYLED_ITEM('color',(#2536),#937);
#2536 = PRESENTATION_STYLE_ASSIGNMENT((#2537));
#2537 = SURFACE_STYLE_USAGE(.BOTH.,#2538);
#2538 = SURFACE_SIDE_STYLE('',(#2539));
#2539 = SURFACE_STYLE_FILL_AREA(#2540);
#2540 = FILL_AREA_STYLE('',(#2541));
#2541 = FILL_AREA_STYLE_COLOUR('',#2478);
#2542 = STYLED_ITEM('color',(#2543),#969);
#2543 = PRESENTATION_STYLE_ASSIGNMENT((#2544));
#2544 = SURFACE_STYLE_USAGE(.BOTH.,#2545);
#2545 = SURFACE_SIDE_STYLE('',(#2546));
#2546 = SURFACE_STYLE_FILL_AREA(#2547);
#2547 = FILL_AREA_STYLE('',(#2548));
#2548 = FILL_AREA_STYLE_COLOUR('',#2463);
#2549 = STYLED_ITEM('color',(#2550),#1024);
#2550 = PRESENTATION_STYLE_ASSIGNMENT((#2551));
#2551 = SURFACE_STYLE_USAGE(.BOTH.,#2552);
#2552 = SURFACE_SIDE_STYLE('',(#2553));
#2553 = SURFACE_STYLE_FILL_AREA(#2554);
#2554 = FILL_AREA_STYLE('',(#2555));
#2555 = FILL_AREA_STYLE_COLOUR('',#2463);
#2556 = STYLED_ITEM('color',(#2557),#1079);
#2557 = PRESENTATION_STYLE_ASSIGNMENT((#2558));
#2558 = SURFACE_STYLE_USAGE(.BOTH.,#2559);
#2559 = SURFACE_SIDE_STYLE('',(#2560));
#2560 = SURFACE_STYLE_FILL_AREA(#2561);
#2561 = FILL_AREA_STYLE('',(#2562));
#2562 = FILL_AREA_STYLE_COLOUR('',#2463);
#2563 = STYLED_ITEM('color',(#2564),#1134);
#2564 = PRESENTATION_STYLE_ASSIGNMENT((#2565));
#2565 = SURFACE_STYLE_USAGE(.BOTH.,#2566);
#2566 = SURFACE_SIDE_STYLE('',(#2567));
#2567 = SURFACE_STYLE_FILL_AREA(#2568);
#2568 = FILL_AREA_STYLE('',(#2569));
#2569 = FILL_AREA_STYLE_COLOUR('',#2463);
#2570 = STYLED_ITEM('color',(#2571),#1189);
#2571 = PRESENTATION_STYLE_ASSIGNMENT((#2572));
#2572 = SURFACE_STYLE_USAGE(.BOTH.,#2573);
#2573 = SURFACE_SIDE_STYLE('',(#2574));
#2574 = SURFACE_STYLE_FILL_AREA(#2575);
#2575 = FILL_AREA_STYLE('',(#2576));
#2576 = FILL_AREA_STYLE_COLOUR('',#2463);
#2577 = STYLED_ITEM('color',(#2578),#1265);
#2578 = PRESENTATION_STYLE_ASSIGNMENT((#2579));
#2579 = SURFACE_STYLE_USAGE(.BOTH.,#2580);
#2580 = SURFACE_SIDE_STYLE('',(#2581));
#2581 = SURFACE_STYLE_FILL_AREA(#2582);
#2582 = FILL_AREA_STYLE('',(#2583));
#2583 = FILL_AREA_STYLE_COLOUR('',#2463);
#2584 = STYLED_ITEM('color',(#2585),#1318);
#2585 = PRESENTATION_STYLE_ASSIGNMENT((#2586));
#2586 = SURFACE_STYLE_USAGE(.BOTH.,#2587);
#2587 = SURFACE_SIDE_STYLE('',(#2588));
#2588 = SURFACE_STYLE_FILL_AREA(#2589);
#2589 = FILL_AREA_STYLE('',(#2590));
#2590 = FILL_AREA_STYLE_COLOUR('',#2463);
#2591 = STYLED_ITEM('color',(#2592),#1371);
#2592 = PRESENTATION_STYLE_ASSIGNMENT((#2593));
#2593 = SURFACE_STYLE_USAGE(.BOTH.,#2594);
#2594 = SURFACE_SIDE_STYLE('',(#2595));
#2595 = SURFACE_STYLE_FILL_AREA(#2596);
#2596 = FILL_AREA_STYLE('',(#2597));
#2597 = FILL_AREA_STYLE_COLOUR('',#2463);
#2598 = STYLED_ITEM('color',(#2599),#1425);
#2599 = PRESENTATION_STYLE_ASSIGNMENT((#2600));
#2600 = SURFACE_STYLE_USAGE(.BOTH.,#2601);
#2601 = SURFACE_SIDE_STYLE('',(#2602));
#2602 = SURFACE_STYLE_FILL_AREA(#2603);
#2603 = FILL_AREA_STYLE('',(#2604));
#2604 = FILL_AREA_STYLE_COLOUR('',#2463);
#2605 = STYLED_ITEM('color',(#2606),#1479);
#2606 = PRESENTATION_STYLE_ASSIGNMENT((#2607));
#2607 = SURFACE_STYLE_USAGE(.BOTH.,#2608);
#2608 = SURFACE_SIDE_STYLE('',(#2609));
#2609 = SURFACE_STYLE_FILL_AREA(#2610);
#2610 = FILL_AREA_STYLE('',(#2611));
#2611 = FILL_AREA_STYLE_COLOUR('',#2463);
#2612 = STYLED_ITEM('color',(#2613),#1532);
#2613 = PRESENTATION_STYLE_ASSIGNMENT((#2614));
#2614 = SURFACE_STYLE_USAGE(.BOTH.,#2615);
#2615 = SURFACE_SIDE_STYLE('',(#2616));
#2616 = SURFACE_STYLE_FILL_AREA(#2617);
#2617 = FILL_AREA_STYLE('',(#2618));
#2618 = FILL_AREA_STYLE_COLOUR('',#2463);
#2619 = STYLED_ITEM('color',(#2620),#1585);
#2620 = PRESENTATION_STYLE_ASSIGNMENT((#2621));
#2621 = SURFACE_STYLE_USAGE(.BOTH.,#2622);
#2622 = SURFACE_SIDE_STYLE('',(#2623));
#2623 = SURFACE_STYLE_FILL_AREA(#2624);
#2624 = FILL_AREA_STYLE('',(#2625));
#2625 = FILL_AREA_STYLE_COLOUR('',#2463);
#2626 = STYLED_ITEM('color',(#2627),#1617);
#2627 = PRESENTATION_STYLE_ASSIGNMENT((#2628));
#2628 = SURFACE_STYLE_USAGE(.BOTH.,#2629);
#2629 = SURFACE_SIDE_STYLE('',(#2630));
#2630 = SURFACE_STYLE_FILL_AREA(#2631);
#2631 = FILL_AREA_STYLE('',(#2632));
#2632 = FILL_AREA_STYLE_COLOUR('',#2463);
#2633 = STYLED_ITEM('color',(#2634),#1671);
#2634 = PRESENTATION_STYLE_ASSIGNMENT((#2635));
#2635 = SURFACE_STYLE_USAGE(.BOTH.,#2636);
#2636 = SURFACE_SIDE_STYLE('',(#2637));
#2637 = SURFACE_STYLE_FILL_AREA(#2638);
#2638 = FILL_AREA_STYLE('',(#2639));
#2639 = FILL_AREA_STYLE_COLOUR('',#2463);
#2640 = STYLED_ITEM('color',(#2641),#1725);
#2641 = PRESENTATION_STYLE_ASSIGNMENT((#2642));
#2642 = SURFACE_STYLE_USAGE(.BOTH.,#2643);
#2643 = SURFACE_SIDE_STYLE('',(#2644));
#2644 = SURFACE_STYLE_FILL_AREA(#2645);
#2645 = FILL_AREA_STYLE('',(#2646));
#2646 = FILL_AREA_STYLE_COLOUR('',#2463);
#2647 = STYLED_ITEM('color',(#2648),#1779);
#2648 = PRESENTATION_STYLE_ASSIGNMENT((#2649));
#2649 = SURFACE_STYLE_USAGE(.BOTH.,#2650);
#2650 = SURFACE_SIDE_STYLE('',(#2651));
#2651 = SURFACE_STYLE_FILL_AREA(#2652);
#2652 = FILL_AREA_STYLE('',(#2653));
#2653 = FILL_AREA_STYLE_COLOUR('',#2463);
#2654 = STYLED_ITEM('color',(#2655),#1833);
#2655 = PRESENTATION_STYLE_ASSIGNMENT((#2656));
#2656 = SURFACE_STYLE_USAGE(.BOTH.,#2657);
#2657 = SURFACE_SIDE_STYLE('',(#2658));
#2658 = SURFACE_STYLE_FILL_AREA(#2659);
#2659 = FILL_AREA_STYLE('',(#2660));
#2660 = FILL_AREA_STYLE_COLOUR('',#2463);
#2661 = STYLED_ITEM('color',(#2662),#1909);
#2662 = PRESENTATION_STYLE_ASSIGNMENT((#2663));
#2663 = SURFACE_STYLE_USAGE(.BOTH.,#2664);
#2664 = SURFACE_SIDE_STYLE('',(#2665));
#2665 = SURFACE_STYLE_FILL_AREA(#2666);
#2666 = FILL_AREA_STYLE('',(#2667));
#2667 = FILL_AREA_STYLE_COLOUR('',#2463);
#2668 = STYLED_ITEM('color',(#2669),#1959);
#2669 = PRESENTATION_STYLE_ASSIGNMENT((#2670));
#2670 = SURFACE_STYLE_USAGE(.BOTH.,#2671);
#2671 = SURFACE_SIDE_STYLE('',(#2672));
#2672 = SURFACE_STYLE_FILL_AREA(#2673);
#2673 = FILL_AREA_STYLE('',(#2674));
#2674 = FILL_AREA_STYLE_COLOUR('',#2463);
#2675 = STYLED_ITEM('color',(#2676),#2009);
#2676 = PRESENTATION_STYLE_ASSIGNMENT((#2677));
#2677 = SURFACE_STYLE_USAGE(.BOTH.,#2678);
#2678 = SURFACE_SIDE_STYLE('',(#2679));
#2679 = SURFACE_STYLE_FILL_AREA(#2680);
#2680 = FILL_AREA_STYLE('',(#2681));
#2681 = FILL_AREA_STYLE_COLOUR('',#2463);
#2682 = STYLED_ITEM('color',(#2683),#2058);
#2683 = PRESENTATION_STYLE_ASSIGNMENT((#2684));
#2684 = SURFACE_STYLE_USAGE(.BOTH.,#2685);
#2685 = SURFACE_SIDE_STYLE('',(#2686));
#2686 = SURFACE_STYLE_FILL_AREA(#2687);
#2687 = FILL_AREA_STYLE('',(#2688));
#2688 = FILL_AREA_STYLE_COLOUR('',#2463);
#2689 = STYLED_ITEM('color',(#2690),#2107);
#2690 = PRESENTATION_STYLE_ASSIGNMENT((#2691));
#2691 = SURFACE_STYLE_USAGE(.BOTH.,#2692);
#2692 = SURFACE_SIDE_STYLE('',(#2693));
#2693 = SURFACE_STYLE_FILL_AREA(#2694);
#2694 = FILL_AREA_STYLE('',(#2695));
#2695 = FILL_AREA_STYLE_COLOUR('',#2463);
#2696 = STYLED_ITEM('color',(#2697),#2161);
#2697 = PRESENTATION_STYLE_ASSIGNMENT((#2698));
#2698 = SURFACE_STYLE_USAGE(.BOTH.,#2699);
#2699 = SURFACE_SIDE_STYLE('',(#2700));
#2700 = SURFACE_STYLE_FILL_AREA(#2701);
#2701 = FILL_AREA_STYLE('',(#2702));
#2702 = FILL_AREA_STYLE_COLOUR('',#2463);
#2703 = STYLED_ITEM('color',(#2704),#2215);
#2704 = PRESENTATION_STYLE_ASSIGNMENT((#2705));
#2705 = SURFACE_STYLE_USAGE(.BOTH.,#2706);
#2706 = SURFACE_SIDE_STYLE('',(#2707));
#2707 = SURFACE_STYLE_FILL_AREA(#2708);
#2708 = FILL_AREA_STYLE('',(#2709));
#2709 = FILL_AREA_STYLE_COLOUR('',#2463);
#2710 = STYLED_ITEM('color',(#2711),#2242);
#2711 = PRESENTATION_STYLE_ASSIGNMENT((#2712));
#2712 = SURFACE_STYLE_USAGE(.BOTH.,#2713);
#2713 = SURFACE_SIDE_STYLE('',(#2714));
#2714 = SURFACE_STYLE_FILL_AREA(#2715);
#2715 = FILL_AREA_STYLE('',(#2716));
#2716 = FILL_AREA_STYLE_COLOUR('',#2463);
#2717 = STYLED_ITEM('color',(#2718),#2246);
#2718 = PRESENTATION_STYLE_ASSIGNMENT((#2719));
#2719 = SURFACE_STYLE_USAGE(.BOTH.,#2720);
#2720 = SURFACE_SIDE_STYLE('',(#2721));
#2721 = SURFACE_STYLE_FILL_AREA(#2722);
#2722 = FILL_AREA_STYLE('',(#2723));
#2723 = FILL_AREA_STYLE_COLOUR('',#2463);
#2724 = STYLED_ITEM('color',(#2725),#2250);
#2725 = PRESENTATION_STYLE_ASSIGNMENT((#2726));
#2726 = SURFACE_STYLE_USAGE(.BOTH.,#2727);
#2727 = SURFACE_SIDE_STYLE('',(#2728));
#2728 = SURFACE_STYLE_FILL_AREA(#2729);
#2729 = FILL_AREA_STYLE('',(#2730));
#2730 = FILL_AREA_STYLE_COLOUR('',#2463);
#2731 = STYLED_ITEM('color',(#2732),#2254);
#2732 = PRESENTATION_STYLE_ASSIGNMENT((#2733));
#2733 = SURFACE_STYLE_USAGE(.BOTH.,#2734);
#2734 = SURFACE_SIDE_STYLE('',(#2735));
#2735 = SURFACE_STYLE_FILL_AREA(#2736);
#2736 = FILL_AREA_STYLE('',(#2737));
#2737 = FILL_AREA_STYLE_COLOUR('',#2463);
#2738 = STYLED_ITEM('color',(#2739),#2258);
#2739 = PRESENTATION_STYLE_ASSIGNMENT((#2740));
#2740 = SURFACE_STYLE_USAGE(.BOTH.,#2741);
#2741 = SURFACE_SIDE_STYLE('',(#2742));
#2742 = SURFACE_STYLE_FILL_AREA(#2743);
#2743 = FILL_AREA_STYLE('',(#2744));
#2744 = FILL_AREA_STYLE_COLOUR('',#2463);
#2745 = STYLED_ITEM('color',(#2746),#2331);
#2746 = PRESENTATION_STYLE_ASSIGNMENT((#2747));
#2747 = SURFACE_STYLE_USAGE(.BOTH.,#2748);
#2748 = SURFACE_SIDE_STYLE('',(#2749));
#2749 = SURFACE_STYLE_FILL_AREA(#2750);
#2750 = FILL_AREA_STYLE('',(#2751));
#2751 = FILL_AREA_STYLE_COLOUR('',#2478);
#2752 = STYLED_ITEM('color',(#2753),#2386);
#2753 = PRESENTATION_STYLE_ASSIGNMENT((#2754));
#2754 = SURFACE_STYLE_USAGE(.BOTH.,#2755);
#2755 = SURFACE_SIDE_STYLE('',(#2756));
#2756 = SURFACE_STYLE_FILL_AREA(#2757);
#2757 = FILL_AREA_STYLE('',(#2758));
#2758 = FILL_AREA_STYLE_COLOUR('',#2478);
#2759 = STYLED_ITEM('color',(#2760),#2441);
#2760 = PRESENTATION_STYLE_ASSIGNMENT((#2761));
#2761 = SURFACE_STYLE_USAGE(.BOTH.,#2762);
#2762 = SURFACE_SIDE_STYLE('',(#2763));
#2763 = SURFACE_STYLE_FILL_AREA(#2764);
#2764 = FILL_AREA_STYLE('',(#2765));
#2765 = FILL_AREA_STYLE_COLOUR('',#2478);
#2766 = STYLED_ITEM('color',(#2767),#2445);
#2767 = PRESENTATION_STYLE_ASSIGNMENT((#2768));
#2768 = SURFACE_STYLE_USAGE(.BOTH.,#2769);
#2769 = SURFACE_SIDE_STYLE('',(#2770));
#2770 = SURFACE_STYLE_FILL_AREA(#2771);
#2771 = FILL_AREA_STYLE('',(#2772));
#2772 = FILL_AREA_STYLE_COLOUR('',#2478);
ENDSEC;
END-ISO-10303-21;
