ISO-10303-21;
HEADER;
FILE_DESCRIPTION(('STEP AP242'),'1');
FILE_NAME('1731721.stp','2024-02-13T12:09:24',('TraceParts'),('TraceParts S.A.'),'Spatial InterOp 3D',' ',' ');
FILE_SCHEMA(('AP242_MANAGED_MODEL_BASED_3D_ENGINEERING_MIM_LF  {1 0 10303 442 1 1 4}'));
ENDSEC;
DATA;
#1=MECHANICAL_DESIGN_GEOMETRIC_PRESENTATION_REPRESENTATION(' ',(#10,#11,#12,#13,#14,#15,#16,#17,#18,#19,#20,#21,#22,#23,#24,#25,#26,#27,#28,#29,#30,#31,#32,#33,#34,#35,#36,#37,#38,#39,#40,#41,#42,#43,#44,#45,#46,#47,#48,#49,#50,#51,#52,#53,#54,#55,#56,#57,#58,#59,#60,#61,#62,#63,#64,#65,#66,#67,#68,#69,#70,#71,#72,#73,#74,#75,#76,#77,#78,#79,#80,#81,#82,#83,#84,#85,#86,#87,#88,#89,#90,#91,#92,#93,#94,#95,#96,#97,#98,#99,#100,#101,#102,#103,#104,#105,#106,#107,#108,#109,#110,#111,#112,#113,#114,#115,#116,#117,#118,#119,#120,#121,#122,#123,#124,#125,#126,#127,#128,#129,#130,#131,#132,#133,#134,#135,#136,#137,#138,#139,#140,#141,#142,#143,#144,#145,#146,#147,#148,#149,#150,#151,#152,#153,#154,#155,#156,#157,#158,#159,#160,#161,#162,#163),#6);
#2=PRODUCT_DEFINITION_CONTEXT('',#164,'design');
#3=APPLICATION_PROTOCOL_DEFINITION('INTERNATIONAL STANDARD','ap242_managed_model_based_3d_engineering',2014,#164);
#4=PRODUCT_CATEGORY_RELATIONSHIP('NONE','NONE',#165,#166);
#5=SHAPE_DEFINITION_REPRESENTATION(#167,#168);
#6= (GEOMETRIC_REPRESENTATION_CONTEXT(3)GLOBAL_UNCERTAINTY_ASSIGNED_CONTEXT((#171))GLOBAL_UNIT_ASSIGNED_CONTEXT((#173,#174,#175))REPRESENTATION_CONTEXT('NONE','WORKSPACE'));
#10=STYLED_ITEM('',(#177),#178);
#11=STYLED_ITEM('',(#179),#180);
#12=STYLED_ITEM('',(#181),#182);
#13=STYLED_ITEM('',(#183),#184);
#14=STYLED_ITEM('',(#185),#186);
#15=STYLED_ITEM('',(#187),#188);
#16=STYLED_ITEM('',(#189),#190);
#17=STYLED_ITEM('',(#191),#192);
#18=STYLED_ITEM('',(#193),#194);
#19=STYLED_ITEM('',(#195),#196);
#20=STYLED_ITEM('',(#197),#198);
#21=STYLED_ITEM('',(#199),#200);
#22=STYLED_ITEM('',(#201),#202);
#23=STYLED_ITEM('',(#203),#204);
#24=STYLED_ITEM('',(#205),#206);
#25=STYLED_ITEM('',(#207),#208);
#26=STYLED_ITEM('',(#209),#210);
#27=STYLED_ITEM('',(#211),#212);
#28=STYLED_ITEM('',(#213),#214);
#29=STYLED_ITEM('',(#215),#216);
#30=STYLED_ITEM('',(#217),#218);
#31=STYLED_ITEM('',(#219),#220);
#32=STYLED_ITEM('',(#221),#222);
#33=STYLED_ITEM('',(#223),#224);
#34=STYLED_ITEM('',(#225),#226);
#35=STYLED_ITEM('',(#227),#228);
#36=STYLED_ITEM('',(#229),#230);
#37=STYLED_ITEM('',(#231),#232);
#38=STYLED_ITEM('',(#233),#234);
#39=STYLED_ITEM('',(#235),#236);
#40=STYLED_ITEM('',(#237),#238);
#41=STYLED_ITEM('',(#239),#240);
#42=STYLED_ITEM('',(#241),#242);
#43=STYLED_ITEM('',(#243),#244);
#44=STYLED_ITEM('',(#245),#246);
#45=STYLED_ITEM('',(#247),#248);
#46=STYLED_ITEM('',(#249),#250);
#47=STYLED_ITEM('',(#251),#252);
#48=STYLED_ITEM('',(#253),#254);
#49=STYLED_ITEM('',(#255),#256);
#50=STYLED_ITEM('',(#257),#258);
#51=STYLED_ITEM('',(#259),#260);
#52=STYLED_ITEM('',(#261),#262);
#53=STYLED_ITEM('',(#263),#264);
#54=STYLED_ITEM('',(#265),#266);
#55=STYLED_ITEM('',(#267),#268);
#56=STYLED_ITEM('',(#269),#270);
#57=STYLED_ITEM('',(#271),#272);
#58=STYLED_ITEM('',(#273),#274);
#59=STYLED_ITEM('',(#275),#276);
#60=STYLED_ITEM('',(#277),#278);
#61=STYLED_ITEM('',(#279),#280);
#62=STYLED_ITEM('',(#281),#282);
#63=STYLED_ITEM('',(#283),#284);
#64=STYLED_ITEM('',(#285),#286);
#65=STYLED_ITEM('',(#287),#288);
#66=STYLED_ITEM('',(#289),#290);
#67=STYLED_ITEM('',(#291),#292);
#68=STYLED_ITEM('',(#293),#294);
#69=STYLED_ITEM('',(#295),#296);
#70=STYLED_ITEM('',(#297),#298);
#71=STYLED_ITEM('',(#299),#300);
#72=STYLED_ITEM('',(#301),#302);
#73=STYLED_ITEM('',(#303),#304);
#74=STYLED_ITEM('',(#305),#306);
#75=STYLED_ITEM('',(#307),#308);
#76=STYLED_ITEM('',(#309),#310);
#77=STYLED_ITEM('',(#311),#312);
#78=STYLED_ITEM('',(#313),#314);
#79=STYLED_ITEM('',(#315),#316);
#80=STYLED_ITEM('',(#317),#318);
#81=STYLED_ITEM('',(#319),#320);
#82=STYLED_ITEM('',(#321),#322);
#83=STYLED_ITEM('',(#323),#324);
#84=STYLED_ITEM('',(#325),#326);
#85=STYLED_ITEM('',(#327),#328);
#86=STYLED_ITEM('',(#329),#330);
#87=STYLED_ITEM('',(#331),#332);
#88=STYLED_ITEM('',(#333),#334);
#89=STYLED_ITEM('',(#335),#336);
#90=STYLED_ITEM('',(#337),#338);
#91=STYLED_ITEM('',(#339),#340);
#92=STYLED_ITEM('',(#341),#342);
#93=STYLED_ITEM('',(#343),#344);
#94=STYLED_ITEM('',(#345),#346);
#95=STYLED_ITEM('',(#347),#348);
#96=STYLED_ITEM('',(#349),#350);
#97=STYLED_ITEM('',(#351),#352);
#98=STYLED_ITEM('',(#353),#354);
#99=STYLED_ITEM('',(#355),#356);
#100=STYLED_ITEM('',(#357),#358);
#101=STYLED_ITEM('',(#359),#360);
#102=STYLED_ITEM('',(#361),#362);
#103=STYLED_ITEM('',(#363),#364);
#104=STYLED_ITEM('',(#365),#366);
#105=STYLED_ITEM('',(#367),#368);
#106=STYLED_ITEM('',(#369),#370);
#107=STYLED_ITEM('',(#371),#372);
#108=STYLED_ITEM('',(#373),#374);
#109=STYLED_ITEM('',(#375),#376);
#110=STYLED_ITEM('',(#377),#378);
#111=STYLED_ITEM('',(#379),#380);
#112=STYLED_ITEM('',(#381),#382);
#113=STYLED_ITEM('',(#383),#384);
#114=STYLED_ITEM('',(#385),#386);
#115=STYLED_ITEM('',(#387),#388);
#116=STYLED_ITEM('',(#389),#390);
#117=STYLED_ITEM('',(#391),#392);
#118=STYLED_ITEM('',(#393),#394);
#119=STYLED_ITEM('',(#395),#396);
#120=STYLED_ITEM('',(#397),#398);
#121=STYLED_ITEM('',(#399),#400);
#122=STYLED_ITEM('',(#401),#402);
#123=STYLED_ITEM('',(#403),#404);
#124=STYLED_ITEM('',(#405),#406);
#125=STYLED_ITEM('',(#407),#408);
#126=STYLED_ITEM('',(#409),#410);
#127=STYLED_ITEM('',(#411),#412);
#128=STYLED_ITEM('',(#413),#414);
#129=STYLED_ITEM('',(#415),#416);
#130=STYLED_ITEM('',(#417),#418);
#131=STYLED_ITEM('',(#419),#420);
#132=STYLED_ITEM('',(#421),#422);
#133=STYLED_ITEM('',(#423),#424);
#134=STYLED_ITEM('',(#425),#426);
#135=STYLED_ITEM('',(#427),#428);
#136=STYLED_ITEM('',(#429),#430);
#137=STYLED_ITEM('',(#431),#432);
#138=STYLED_ITEM('',(#433),#434);
#139=STYLED_ITEM('',(#435),#436);
#140=STYLED_ITEM('',(#437),#438);
#141=STYLED_ITEM('',(#439),#440);
#142=STYLED_ITEM('',(#441),#442);
#143=STYLED_ITEM('',(#443),#444);
#144=STYLED_ITEM('',(#445),#446);
#145=STYLED_ITEM('',(#447),#448);
#146=STYLED_ITEM('',(#449),#450);
#147=STYLED_ITEM('',(#451),#452);
#148=STYLED_ITEM('',(#453),#454);
#149=STYLED_ITEM('',(#455),#456);
#150=STYLED_ITEM('',(#457),#458);
#151=STYLED_ITEM('',(#459),#460);
#152=STYLED_ITEM('',(#461),#462);
#153=STYLED_ITEM('',(#463),#464);
#154=STYLED_ITEM('',(#465),#466);
#155=STYLED_ITEM('',(#467),#468);
#156=STYLED_ITEM('',(#469),#470);
#157=STYLED_ITEM('',(#471),#472);
#158=STYLED_ITEM('',(#473),#474);
#159=STYLED_ITEM('',(#475),#476);
#160=STYLED_ITEM('',(#477),#478);
#161=STYLED_ITEM('',(#479),#480);
#162=STYLED_ITEM('',(#481),#482);
#163=STYLED_ITEM('',(#483),#484);
#164=APPLICATION_CONTEXT('managed model based 3d engineering');
#165=PRODUCT_CATEGORY('part','NONE');
#166=PRODUCT_RELATED_PRODUCT_CATEGORY('detail',' ',(#485));
#167=PRODUCT_DEFINITION_SHAPE('NONE','NONE',#486);
#168=ADVANCED_BREP_SHAPE_REPRESENTATION('1731721',(#484,#487),#6);
#171=UNCERTAINTY_MEASURE_WITH_UNIT(LENGTH_MEASURE(1.0E-06),#173,'','');
#173= (CONVERSION_BASED_UNIT('MILLIMETRE',#490)LENGTH_UNIT()NAMED_UNIT(#493));
#174= (NAMED_UNIT(#495)PLANE_ANGLE_UNIT()SI_UNIT($,.RADIAN.));
#175= (NAMED_UNIT(#495)SOLID_ANGLE_UNIT()SI_UNIT($,.STERADIAN.));
#177=PRESENTATION_STYLE_ASSIGNMENT((#501));
#178=ADVANCED_FACE('',(#502),#503,.F.);
#179=PRESENTATION_STYLE_ASSIGNMENT((#504));
#180=ADVANCED_FACE('',(#505),#506,.F.);
#181=PRESENTATION_STYLE_ASSIGNMENT((#507));
#182=ADVANCED_FACE('',(#508,#509),#510,.T.);
#183=PRESENTATION_STYLE_ASSIGNMENT((#511));
#184=ADVANCED_FACE('',(#512),#513,.T.);
#185=PRESENTATION_STYLE_ASSIGNMENT((#514));
#186=ADVANCED_FACE('',(#515),#516,.T.);
#187=PRESENTATION_STYLE_ASSIGNMENT((#517));
#188=ADVANCED_FACE('',(#518),#519,.F.);
#189=PRESENTATION_STYLE_ASSIGNMENT((#520));
#190=ADVANCED_FACE('',(#521),#522,.F.);
#191=PRESENTATION_STYLE_ASSIGNMENT((#523));
#192=ADVANCED_FACE('',(#524),#525,.F.);
#193=PRESENTATION_STYLE_ASSIGNMENT((#526));
#194=ADVANCED_FACE('',(#527),#528,.T.);
#195=PRESENTATION_STYLE_ASSIGNMENT((#529));
#196=ADVANCED_FACE('',(#530),#531,.F.);
#197=PRESENTATION_STYLE_ASSIGNMENT((#532));
#198=ADVANCED_FACE('',(#533),#534,.T.);
#199=PRESENTATION_STYLE_ASSIGNMENT((#535));
#200=ADVANCED_FACE('',(#536),#537,.T.);
#201=PRESENTATION_STYLE_ASSIGNMENT((#538));
#202=ADVANCED_FACE('',(#539),#540,.F.);
#203=PRESENTATION_STYLE_ASSIGNMENT((#541));
#204=ADVANCED_FACE('',(#542),#543,.T.);
#205=PRESENTATION_STYLE_ASSIGNMENT((#544));
#206=ADVANCED_FACE('',(#545),#546,.F.);
#207=PRESENTATION_STYLE_ASSIGNMENT((#547));
#208=ADVANCED_FACE('',(#548),#549,.T.);
#209=PRESENTATION_STYLE_ASSIGNMENT((#550));
#210=ADVANCED_FACE('',(#551),#552,.T.);
#211=PRESENTATION_STYLE_ASSIGNMENT((#553));
#212=ADVANCED_FACE('',(#554),#555,.T.);
#213=PRESENTATION_STYLE_ASSIGNMENT((#556));
#214=ADVANCED_FACE('',(#557),#558,.F.);
#215=PRESENTATION_STYLE_ASSIGNMENT((#559));
#216=ADVANCED_FACE('',(#560),#561,.F.);
#217=PRESENTATION_STYLE_ASSIGNMENT((#562));
#218=ADVANCED_FACE('',(#563),#564,.F.);
#219=PRESENTATION_STYLE_ASSIGNMENT((#565));
#220=ADVANCED_FACE('',(#566),#567,.T.);
#221=PRESENTATION_STYLE_ASSIGNMENT((#568));
#222=ADVANCED_FACE('',(#569),#570,.T.);
#223=PRESENTATION_STYLE_ASSIGNMENT((#571));
#224=ADVANCED_FACE('',(#572),#573,.T.);
#225=PRESENTATION_STYLE_ASSIGNMENT((#574));
#226=ADVANCED_FACE('',(#575),#576,.T.);
#227=PRESENTATION_STYLE_ASSIGNMENT((#577));
#228=ADVANCED_FACE('',(#578),#579,.T.);
#229=PRESENTATION_STYLE_ASSIGNMENT((#580));
#230=ADVANCED_FACE('',(#581),#582,.T.);
#231=PRESENTATION_STYLE_ASSIGNMENT((#583));
#232=ADVANCED_FACE('',(#584),#585,.T.);
#233=PRESENTATION_STYLE_ASSIGNMENT((#586));
#234=ADVANCED_FACE('',(#587),#588,.T.);
#235=PRESENTATION_STYLE_ASSIGNMENT((#589));
#236=ADVANCED_FACE('',(#590),#591,.T.);
#237=PRESENTATION_STYLE_ASSIGNMENT((#592));
#238=ADVANCED_FACE('',(#593),#594,.T.);
#239=PRESENTATION_STYLE_ASSIGNMENT((#595));
#240=ADVANCED_FACE('',(#596),#597,.T.);
#241=PRESENTATION_STYLE_ASSIGNMENT((#598));
#242=ADVANCED_FACE('',(#599),#600,.T.);
#243=PRESENTATION_STYLE_ASSIGNMENT((#601));
#244=ADVANCED_FACE('',(#602),#603,.T.);
#245=PRESENTATION_STYLE_ASSIGNMENT((#604));
#246=ADVANCED_FACE('',(#605,#606),#607,.T.);
#247=PRESENTATION_STYLE_ASSIGNMENT((#608));
#248=ADVANCED_FACE('',(#609),#610,.T.);
#249=PRESENTATION_STYLE_ASSIGNMENT((#611));
#250=ADVANCED_FACE('',(#612),#613,.F.);
#251=PRESENTATION_STYLE_ASSIGNMENT((#614));
#252=ADVANCED_FACE('',(#615),#616,.T.);
#253=PRESENTATION_STYLE_ASSIGNMENT((#617));
#254=ADVANCED_FACE('',(#618),#619,.T.);
#255=PRESENTATION_STYLE_ASSIGNMENT((#620));
#256=ADVANCED_FACE('',(#621),#622,.T.);
#257=PRESENTATION_STYLE_ASSIGNMENT((#623));
#258=ADVANCED_FACE('',(#624),#625,.T.);
#259=PRESENTATION_STYLE_ASSIGNMENT((#626));
#260=ADVANCED_FACE('',(#627),#628,.F.);
#261=PRESENTATION_STYLE_ASSIGNMENT((#629));
#262=ADVANCED_FACE('',(#630),#631,.F.);
#263=PRESENTATION_STYLE_ASSIGNMENT((#632));
#264=ADVANCED_FACE('',(#633,#634),#635,.T.);
#265=PRESENTATION_STYLE_ASSIGNMENT((#636));
#266=ADVANCED_FACE('',(#637),#638,.T.);
#267=PRESENTATION_STYLE_ASSIGNMENT((#639));
#268=ADVANCED_FACE('',(#640),#641,.T.);
#269=PRESENTATION_STYLE_ASSIGNMENT((#642));
#270=ADVANCED_FACE('',(#643),#644,.T.);
#271=PRESENTATION_STYLE_ASSIGNMENT((#645));
#272=ADVANCED_FACE('',(#646),#647,.T.);
#273=PRESENTATION_STYLE_ASSIGNMENT((#648));
#274=ADVANCED_FACE('',(#649),#650,.T.);
#275=PRESENTATION_STYLE_ASSIGNMENT((#651));
#276=ADVANCED_FACE('',(#652),#653,.T.);
#277=PRESENTATION_STYLE_ASSIGNMENT((#654));
#278=ADVANCED_FACE('',(#655),#656,.F.);
#279=PRESENTATION_STYLE_ASSIGNMENT((#657));
#280=ADVANCED_FACE('',(#658),#659,.T.);
#281=PRESENTATION_STYLE_ASSIGNMENT((#660));
#282=ADVANCED_FACE('',(#661,#662,#663),#664,.T.);
#283=PRESENTATION_STYLE_ASSIGNMENT((#665));
#284=ADVANCED_FACE('',(#666),#667,.T.);
#285=PRESENTATION_STYLE_ASSIGNMENT((#668));
#286=ADVANCED_FACE('',(#669,#670),#671,.T.);
#287=PRESENTATION_STYLE_ASSIGNMENT((#672));
#288=ADVANCED_FACE('',(#673),#674,.T.);
#289=PRESENTATION_STYLE_ASSIGNMENT((#675));
#290=ADVANCED_FACE('',(#676),#677,.T.);
#291=PRESENTATION_STYLE_ASSIGNMENT((#678));
#292=ADVANCED_FACE('',(#679),#680,.T.);
#293=PRESENTATION_STYLE_ASSIGNMENT((#681));
#294=ADVANCED_FACE('',(#682),#683,.T.);
#295=PRESENTATION_STYLE_ASSIGNMENT((#684));
#296=ADVANCED_FACE('',(#685),#686,.T.);
#297=PRESENTATION_STYLE_ASSIGNMENT((#687));
#298=ADVANCED_FACE('',(#688),#689,.F.);
#299=PRESENTATION_STYLE_ASSIGNMENT((#690));
#300=ADVANCED_FACE('',(#691),#692,.F.);
#301=PRESENTATION_STYLE_ASSIGNMENT((#693));
#302=ADVANCED_FACE('',(#694),#695,.F.);
#303=PRESENTATION_STYLE_ASSIGNMENT((#696));
#304=ADVANCED_FACE('',(#697),#698,.F.);
#305=PRESENTATION_STYLE_ASSIGNMENT((#699));
#306=ADVANCED_FACE('',(#700),#701,.T.);
#307=PRESENTATION_STYLE_ASSIGNMENT((#702));
#308=ADVANCED_FACE('',(#703),#704,.F.);
#309=PRESENTATION_STYLE_ASSIGNMENT((#705));
#310=ADVANCED_FACE('',(#706),#707,.F.);
#311=PRESENTATION_STYLE_ASSIGNMENT((#708));
#312=ADVANCED_FACE('',(#709),#710,.F.);
#313=PRESENTATION_STYLE_ASSIGNMENT((#711));
#314=ADVANCED_FACE('',(#712),#713,.F.);
#315=PRESENTATION_STYLE_ASSIGNMENT((#714));
#316=ADVANCED_FACE('',(#715),#716,.F.);
#317=PRESENTATION_STYLE_ASSIGNMENT((#717));
#318=ADVANCED_FACE('',(#718),#719,.T.);
#319=PRESENTATION_STYLE_ASSIGNMENT((#720));
#320=ADVANCED_FACE('',(#721,#722),#723,.T.);
#321=PRESENTATION_STYLE_ASSIGNMENT((#724));
#322=ADVANCED_FACE('',(#725),#726,.F.);
#323=PRESENTATION_STYLE_ASSIGNMENT((#727));
#324=ADVANCED_FACE('',(#728),#729,.F.);
#325=PRESENTATION_STYLE_ASSIGNMENT((#730));
#326=ADVANCED_FACE('',(#731),#732,.F.);
#327=PRESENTATION_STYLE_ASSIGNMENT((#733));
#328=ADVANCED_FACE('',(#734),#735,.F.);
#329=PRESENTATION_STYLE_ASSIGNMENT((#736));
#330=ADVANCED_FACE('',(#737),#738,.F.);
#331=PRESENTATION_STYLE_ASSIGNMENT((#739));
#332=ADVANCED_FACE('',(#740),#741,.F.);
#333=PRESENTATION_STYLE_ASSIGNMENT((#742));
#334=ADVANCED_FACE('',(#743),#744,.F.);
#335=PRESENTATION_STYLE_ASSIGNMENT((#745));
#336=ADVANCED_FACE('',(#746,#747,#748,#749),#750,.T.);
#337=PRESENTATION_STYLE_ASSIGNMENT((#751));
#338=ADVANCED_FACE('',(#752),#753,.F.);
#339=PRESENTATION_STYLE_ASSIGNMENT((#754));
#340=ADVANCED_FACE('',(#755),#756,.F.);
#341=PRESENTATION_STYLE_ASSIGNMENT((#757));
#342=ADVANCED_FACE('',(#758),#759,.T.);
#343=PRESENTATION_STYLE_ASSIGNMENT((#760));
#344=ADVANCED_FACE('',(#761),#762,.T.);
#345=PRESENTATION_STYLE_ASSIGNMENT((#763));
#346=ADVANCED_FACE('',(#764),#765,.F.);
#347=PRESENTATION_STYLE_ASSIGNMENT((#766));
#348=ADVANCED_FACE('',(#767),#768,.T.);
#349=PRESENTATION_STYLE_ASSIGNMENT((#769));
#350=ADVANCED_FACE('',(#770),#771,.F.);
#351=PRESENTATION_STYLE_ASSIGNMENT((#772));
#352=ADVANCED_FACE('',(#773),#774,.T.);
#353=PRESENTATION_STYLE_ASSIGNMENT((#775));
#354=ADVANCED_FACE('',(#776),#777,.T.);
#355=PRESENTATION_STYLE_ASSIGNMENT((#778));
#356=ADVANCED_FACE('',(#779),#780,.T.);
#357=PRESENTATION_STYLE_ASSIGNMENT((#781));
#358=ADVANCED_FACE('',(#782),#783,.F.);
#359=PRESENTATION_STYLE_ASSIGNMENT((#784));
#360=ADVANCED_FACE('',(#785),#786,.T.);
#361=PRESENTATION_STYLE_ASSIGNMENT((#787));
#362=ADVANCED_FACE('',(#788),#789,.F.);
#363=PRESENTATION_STYLE_ASSIGNMENT((#790));
#364=ADVANCED_FACE('',(#791),#792,.T.);
#365=PRESENTATION_STYLE_ASSIGNMENT((#793));
#366=ADVANCED_FACE('',(#794),#795,.T.);
#367=PRESENTATION_STYLE_ASSIGNMENT((#796));
#368=ADVANCED_FACE('',(#797),#798,.F.);
#369=PRESENTATION_STYLE_ASSIGNMENT((#799));
#370=ADVANCED_FACE('',(#800),#801,.T.);
#371=PRESENTATION_STYLE_ASSIGNMENT((#802));
#372=ADVANCED_FACE('',(#803),#804,.F.);
#373=PRESENTATION_STYLE_ASSIGNMENT((#805));
#374=ADVANCED_FACE('',(#806),#807,.F.);
#375=PRESENTATION_STYLE_ASSIGNMENT((#808));
#376=ADVANCED_FACE('',(#809),#810,.T.);
#377=PRESENTATION_STYLE_ASSIGNMENT((#811));
#378=ADVANCED_FACE('',(#812),#813,.F.);
#379=PRESENTATION_STYLE_ASSIGNMENT((#814));
#380=ADVANCED_FACE('',(#815),#816,.T.);
#381=PRESENTATION_STYLE_ASSIGNMENT((#817));
#382=ADVANCED_FACE('',(#818),#819,.T.);
#383=PRESENTATION_STYLE_ASSIGNMENT((#820));
#384=ADVANCED_FACE('',(#821),#822,.F.);
#385=PRESENTATION_STYLE_ASSIGNMENT((#823));
#386=ADVANCED_FACE('',(#824),#825,.T.);
#387=PRESENTATION_STYLE_ASSIGNMENT((#826));
#388=ADVANCED_FACE('',(#827),#828,.T.);
#389=PRESENTATION_STYLE_ASSIGNMENT((#829));
#390=ADVANCED_FACE('',(#830),#831,.F.);
#391=PRESENTATION_STYLE_ASSIGNMENT((#832));
#392=ADVANCED_FACE('',(#833),#834,.T.);
#393=PRESENTATION_STYLE_ASSIGNMENT((#835));
#394=ADVANCED_FACE('',(#836,#837,#838),#839,.T.);
#395=PRESENTATION_STYLE_ASSIGNMENT((#840));
#396=ADVANCED_FACE('',(#841),#842,.F.);
#397=PRESENTATION_STYLE_ASSIGNMENT((#843));
#398=ADVANCED_FACE('',(#844),#845,.F.);
#399=PRESENTATION_STYLE_ASSIGNMENT((#846));
#400=ADVANCED_FACE('',(#847),#848,.F.);
#401=PRESENTATION_STYLE_ASSIGNMENT((#849));
#402=ADVANCED_FACE('',(#850),#851,.F.);
#403=PRESENTATION_STYLE_ASSIGNMENT((#852));
#404=ADVANCED_FACE('',(#853),#854,.F.);
#405=PRESENTATION_STYLE_ASSIGNMENT((#855));
#406=ADVANCED_FACE('',(#856),#857,.F.);
#407=PRESENTATION_STYLE_ASSIGNMENT((#858));
#408=ADVANCED_FACE('',(#859),#860,.F.);
#409=PRESENTATION_STYLE_ASSIGNMENT((#861));
#410=ADVANCED_FACE('',(#862),#863,.F.);
#411=PRESENTATION_STYLE_ASSIGNMENT((#864));
#412=ADVANCED_FACE('',(#865),#866,.F.);
#413=PRESENTATION_STYLE_ASSIGNMENT((#867));
#414=ADVANCED_FACE('',(#868),#869,.F.);
#415=PRESENTATION_STYLE_ASSIGNMENT((#870));
#416=ADVANCED_FACE('',(#871),#872,.F.);
#417=PRESENTATION_STYLE_ASSIGNMENT((#873));
#418=ADVANCED_FACE('',(#874),#875,.T.);
#419=PRESENTATION_STYLE_ASSIGNMENT((#876));
#420=ADVANCED_FACE('',(#877),#878,.T.);
#421=PRESENTATION_STYLE_ASSIGNMENT((#879));
#422=ADVANCED_FACE('',(#880),#881,.T.);
#423=PRESENTATION_STYLE_ASSIGNMENT((#882));
#424=ADVANCED_FACE('',(#883),#884,.T.);
#425=PRESENTATION_STYLE_ASSIGNMENT((#885));
#426=ADVANCED_FACE('',(#886),#887,.T.);
#427=PRESENTATION_STYLE_ASSIGNMENT((#888));
#428=ADVANCED_FACE('',(#889,#890,#891,#892),#893,.T.);
#429=PRESENTATION_STYLE_ASSIGNMENT((#894));
#430=ADVANCED_FACE('',(#895),#896,.T.);
#431=PRESENTATION_STYLE_ASSIGNMENT((#897));
#432=ADVANCED_FACE('',(#898),#899,.T.);
#433=PRESENTATION_STYLE_ASSIGNMENT((#900));
#434=ADVANCED_FACE('',(#901),#902,.T.);
#435=PRESENTATION_STYLE_ASSIGNMENT((#903));
#436=ADVANCED_FACE('',(#904),#905,.T.);
#437=PRESENTATION_STYLE_ASSIGNMENT((#906));
#438=ADVANCED_FACE('',(#907),#908,.T.);
#439=PRESENTATION_STYLE_ASSIGNMENT((#909));
#440=ADVANCED_FACE('',(#910),#911,.T.);
#441=PRESENTATION_STYLE_ASSIGNMENT((#912));
#442=ADVANCED_FACE('',(#913),#914,.T.);
#443=PRESENTATION_STYLE_ASSIGNMENT((#915));
#444=ADVANCED_FACE('',(#916),#917,.T.);
#445=PRESENTATION_STYLE_ASSIGNMENT((#918));
#446=ADVANCED_FACE('',(#919),#920,.T.);
#447=PRESENTATION_STYLE_ASSIGNMENT((#921));
#448=ADVANCED_FACE('',(#922),#923,.T.);
#449=PRESENTATION_STYLE_ASSIGNMENT((#924));
#450=ADVANCED_FACE('',(#925),#926,.T.);
#451=PRESENTATION_STYLE_ASSIGNMENT((#927));
#452=ADVANCED_FACE('',(#928),#929,.T.);
#453=PRESENTATION_STYLE_ASSIGNMENT((#930));
#454=ADVANCED_FACE('',(#931),#932,.T.);
#455=PRESENTATION_STYLE_ASSIGNMENT((#933));
#456=ADVANCED_FACE('',(#934),#935,.T.);
#457=PRESENTATION_STYLE_ASSIGNMENT((#936));
#458=ADVANCED_FACE('',(#937),#938,.T.);
#459=PRESENTATION_STYLE_ASSIGNMENT((#939));
#460=ADVANCED_FACE('',(#940),#941,.T.);
#461=PRESENTATION_STYLE_ASSIGNMENT((#942));
#462=ADVANCED_FACE('',(#943),#944,.F.);
#463=PRESENTATION_STYLE_ASSIGNMENT((#945));
#464=ADVANCED_FACE('',(#946),#947,.F.);
#465=PRESENTATION_STYLE_ASSIGNMENT((#948));
#466=ADVANCED_FACE('',(#949),#950,.T.);
#467=PRESENTATION_STYLE_ASSIGNMENT((#951));
#468=ADVANCED_FACE('',(#952),#953,.T.);
#469=PRESENTATION_STYLE_ASSIGNMENT((#954));
#470=ADVANCED_FACE('',(#955),#956,.T.);
#471=PRESENTATION_STYLE_ASSIGNMENT((#957));
#472=ADVANCED_FACE('',(#958),#959,.F.);
#473=PRESENTATION_STYLE_ASSIGNMENT((#960));
#474=ADVANCED_FACE('',(#961),#962,.T.);
#475=PRESENTATION_STYLE_ASSIGNMENT((#963));
#476=ADVANCED_FACE('',(#964),#965,.T.);
#477=PRESENTATION_STYLE_ASSIGNMENT((#966));
#478=ADVANCED_FACE('',(#967),#968,.T.);
#479=PRESENTATION_STYLE_ASSIGNMENT((#969));
#480=ADVANCED_FACE('',(#970),#971,.F.);
#481=PRESENTATION_STYLE_ASSIGNMENT((#972));
#482=ADVANCED_FACE('',(#973),#974,.T.);
#483=PRESENTATION_STYLE_ASSIGNMENT((#975));
#484=MANIFOLD_SOLID_BREP('1731721',#976);
#485=PRODUCT('1731721','','PART--DESC',(#977));
#486=PRODUCT_DEFINITION('','NONE',#978,#2);
#487=AXIS2_PLACEMENT_3D('',#979,#980,#981);
#490=LENGTH_MEASURE_WITH_UNIT(LENGTH_MEASURE(1.0),#982);
#493=DIMENSIONAL_EXPONENTS(1.0,0.0,0.0,0.0,0.0,0.0,0.0);
#495=DIMENSIONAL_EXPONENTS(0.0,0.0,0.0,0.0,0.0,0.0,0.0);
#501=SURFACE_STYLE_USAGE(.BOTH.,#983);
#502=FACE_OUTER_BOUND('',#984,.T.);
#503=PLANE('',#985);
#504=SURFACE_STYLE_USAGE(.BOTH.,#986);
#505=FACE_OUTER_BOUND('',#987,.T.);
#506=PLANE('',#988);
#507=SURFACE_STYLE_USAGE(.BOTH.,#989);
#508=FACE_OUTER_BOUND('',#990,.T.);
#509=FACE_BOUND('',#991,.T.);
#510=PLANE('',#992);
#511=SURFACE_STYLE_USAGE(.BOTH.,#993);
#512=FACE_OUTER_BOUND('',#994,.T.);
#513=CYLINDRICAL_SURFACE('',#995,1.9);
#514=SURFACE_STYLE_USAGE(.BOTH.,#996);
#515=FACE_OUTER_BOUND('',#997,.T.);
#516=SPHERICAL_SURFACE('',#998,0.5);
#517=SURFACE_STYLE_USAGE(.BOTH.,#999);
#518=FACE_OUTER_BOUND('',#1000,.T.);
#519=PLANE('',#1001);
#520=SURFACE_STYLE_USAGE(.BOTH.,#1002);
#521=FACE_OUTER_BOUND('',#1003,.T.);
#522=PLANE('',#1004);
#523=SURFACE_STYLE_USAGE(.BOTH.,#1005);
#524=FACE_OUTER_BOUND('',#1006,.T.);
#525=CYLINDRICAL_SURFACE('',#1007,0.999999999999986);
#526=SURFACE_STYLE_USAGE(.BOTH.,#1008);
#527=FACE_OUTER_BOUND('',#1009,.T.);
#528=PLANE('',#1010);
#529=SURFACE_STYLE_USAGE(.BOTH.,#1011);
#530=FACE_OUTER_BOUND('',#1012,.T.);
#531=PLANE('',#1013);
#532=SURFACE_STYLE_USAGE(.BOTH.,#1014);
#533=FACE_OUTER_BOUND('',#1015,.T.);
#534=PLANE('',#1016);
#535=SURFACE_STYLE_USAGE(.BOTH.,#1017);
#536=FACE_OUTER_BOUND('',#1018,.T.);
#537=PLANE('',#1019);
#538=SURFACE_STYLE_USAGE(.BOTH.,#1020);
#539=FACE_OUTER_BOUND('',#1021,.T.);
#540=CYLINDRICAL_SURFACE('',#1022,2.0);
#541=SURFACE_STYLE_USAGE(.BOTH.,#1023);
#542=FACE_OUTER_BOUND('',#1024,.T.);
#543=PLANE('',#1025);
#544=SURFACE_STYLE_USAGE(.BOTH.,#1026);
#545=FACE_OUTER_BOUND('',#1027,.T.);
#546=PLANE('',#1028);
#547=SURFACE_STYLE_USAGE(.BOTH.,#1029);
#548=FACE_OUTER_BOUND('',#1030,.T.);
#549=PLANE('',#1031);
#550=SURFACE_STYLE_USAGE(.BOTH.,#1032);
#551=FACE_OUTER_BOUND('',#1033,.T.);
#552=PLANE('',#1034);
#553=SURFACE_STYLE_USAGE(.BOTH.,#1035);
#554=FACE_OUTER_BOUND('',#1036,.T.);
#555=PLANE('',#1037);
#556=SURFACE_STYLE_USAGE(.BOTH.,#1038);
#557=FACE_OUTER_BOUND('',#1039,.T.);
#558=PLANE('',#1040);
#559=SURFACE_STYLE_USAGE(.BOTH.,#1041);
#560=FACE_OUTER_BOUND('',#1042,.T.);
#561=PLANE('',#1043);
#562=SURFACE_STYLE_USAGE(.BOTH.,#1044);
#563=FACE_OUTER_BOUND('',#1045,.T.);
#564=PLANE('',#1046);
#565=SURFACE_STYLE_USAGE(.BOTH.,#1047);
#566=FACE_OUTER_BOUND('',#1048,.T.);
#567=PLANE('',#1049);
#568=SURFACE_STYLE_USAGE(.BOTH.,#1050);
#569=FACE_OUTER_BOUND('',#1051,.T.);
#570=PLANE('',#1052);
#571=SURFACE_STYLE_USAGE(.BOTH.,#1053);
#572=FACE_OUTER_BOUND('',#1054,.T.);
#573=PLANE('',#1055);
#574=SURFACE_STYLE_USAGE(.BOTH.,#1056);
#575=FACE_OUTER_BOUND('',#1057,.T.);
#576=PLANE('',#1058);
#577=SURFACE_STYLE_USAGE(.BOTH.,#1059);
#578=FACE_OUTER_BOUND('',#1060,.T.);
#579=PLANE('',#1061);
#580=SURFACE_STYLE_USAGE(.BOTH.,#1062);
#581=FACE_OUTER_BOUND('',#1063,.T.);
#582=PLANE('',#1064);
#583=SURFACE_STYLE_USAGE(.BOTH.,#1065);
#584=FACE_OUTER_BOUND('',#1066,.T.);
#585=PLANE('',#1067);
#586=SURFACE_STYLE_USAGE(.BOTH.,#1068);
#587=FACE_OUTER_BOUND('',#1069,.T.);
#588=PLANE('',#1070);
#589=SURFACE_STYLE_USAGE(.BOTH.,#1071);
#590=FACE_OUTER_BOUND('',#1072,.T.);
#591=PLANE('',#1073);
#592=SURFACE_STYLE_USAGE(.BOTH.,#1074);
#593=FACE_OUTER_BOUND('',#1075,.T.);
#594=PLANE('',#1076);
#595=SURFACE_STYLE_USAGE(.BOTH.,#1077);
#596=FACE_OUTER_BOUND('',#1078,.T.);
#597=PLANE('',#1079);
#598=SURFACE_STYLE_USAGE(.BOTH.,#1080);
#599=FACE_OUTER_BOUND('',#1081,.T.);
#600=PLANE('',#1082);
#601=SURFACE_STYLE_USAGE(.BOTH.,#1083);
#602=FACE_OUTER_BOUND('',#1084,.T.);
#603=PLANE('',#1085);
#604=SURFACE_STYLE_USAGE(.BOTH.,#1086);
#605=FACE_OUTER_BOUND('',#1087,.T.);
#606=FACE_BOUND('',#1088,.T.);
#607=PLANE('',#1089);
#608=SURFACE_STYLE_USAGE(.BOTH.,#1090);
#609=FACE_OUTER_BOUND('',#1091,.T.);
#610=CYLINDRICAL_SURFACE('',#1092,0.65);
#611=SURFACE_STYLE_USAGE(.BOTH.,#1093);
#612=FACE_OUTER_BOUND('',#1094,.T.);
#613=CYLINDRICAL_SURFACE('',#1095,1.00000000000002);
#614=SURFACE_STYLE_USAGE(.BOTH.,#1096);
#615=FACE_OUTER_BOUND('',#1097,.T.);
#616=PLANE('',#1098);
#617=SURFACE_STYLE_USAGE(.BOTH.,#1099);
#618=FACE_OUTER_BOUND('',#1100,.T.);
#619=PLANE('',#1101);
#620=SURFACE_STYLE_USAGE(.BOTH.,#1102);
#621=FACE_OUTER_BOUND('',#1103,.T.);
#622=PLANE('',#1104);
#623=SURFACE_STYLE_USAGE(.BOTH.,#1105);
#624=FACE_OUTER_BOUND('',#1106,.T.);
#625=PLANE('',#1107);
#626=SURFACE_STYLE_USAGE(.BOTH.,#1108);
#627=FACE_OUTER_BOUND('',#1109,.T.);
#628=PLANE('',#1110);
#629=SURFACE_STYLE_USAGE(.BOTH.,#1111);
#630=FACE_OUTER_BOUND('',#1112,.T.);
#631=PLANE('',#1113);
#632=SURFACE_STYLE_USAGE(.BOTH.,#1114);
#633=FACE_OUTER_BOUND('',#1115,.T.);
#634=FACE_BOUND('',#1116,.T.);
#635=PLANE('',#1117);
#636=SURFACE_STYLE_USAGE(.BOTH.,#1118);
#637=FACE_OUTER_BOUND('',#1119,.T.);
#638=PLANE('',#1120);
#639=SURFACE_STYLE_USAGE(.BOTH.,#1121);
#640=FACE_OUTER_BOUND('',#1122,.T.);
#641=CYLINDRICAL_SURFACE('',#1123,1.9);
#642=SURFACE_STYLE_USAGE(.BOTH.,#1124);
#643=FACE_OUTER_BOUND('',#1125,.T.);
#644=PLANE('',#1126);
#645=SURFACE_STYLE_USAGE(.BOTH.,#1127);
#646=FACE_OUTER_BOUND('',#1128,.T.);
#647=PLANE('',#1129);
#648=SURFACE_STYLE_USAGE(.BOTH.,#1130);
#649=FACE_OUTER_BOUND('',#1131,.T.);
#650=CYLINDRICAL_SURFACE('',#1132,0.299999999999954);
#651=SURFACE_STYLE_USAGE(.BOTH.,#1133);
#652=FACE_OUTER_BOUND('',#1134,.T.);
#653=PLANE('',#1135);
#654=SURFACE_STYLE_USAGE(.BOTH.,#1136);
#655=FACE_OUTER_BOUND('',#1137,.T.);
#656=CYLINDRICAL_SURFACE('',#1138,2.0);
#657=SURFACE_STYLE_USAGE(.BOTH.,#1139);
#658=FACE_OUTER_BOUND('',#1140,.T.);
#659=PLANE('',#1141);
#660=SURFACE_STYLE_USAGE(.BOTH.,#1142);
#661=FACE_OUTER_BOUND('',#1143,.T.);
#662=FACE_BOUND('',#1144,.T.);
#663=FACE_BOUND('',#1145,.T.);
#664=PLANE('',#1146);
#665=SURFACE_STYLE_USAGE(.BOTH.,#1147);
#666=FACE_OUTER_BOUND('',#1148,.T.);
#667=CYLINDRICAL_SURFACE('',#1149,0.65);
#668=SURFACE_STYLE_USAGE(.BOTH.,#1150);
#669=FACE_OUTER_BOUND('',#1151,.T.);
#670=FACE_BOUND('',#1152,.T.);
#671=PLANE('',#1153);
#672=SURFACE_STYLE_USAGE(.BOTH.,#1154);
#673=FACE_OUTER_BOUND('',#1155,.T.);
#674=PLANE('',#1156);
#675=SURFACE_STYLE_USAGE(.BOTH.,#1157);
#676=FACE_OUTER_BOUND('',#1158,.T.);
#677=PLANE('',#1159);
#678=SURFACE_STYLE_USAGE(.BOTH.,#1160);
#679=FACE_OUTER_BOUND('',#1161,.T.);
#680=PLANE('',#1162);
#681=SURFACE_STYLE_USAGE(.BOTH.,#1163);
#682=FACE_OUTER_BOUND('',#1164,.T.);
#683=PLANE('',#1165);
#684=SURFACE_STYLE_USAGE(.BOTH.,#1166);
#685=FACE_OUTER_BOUND('',#1167,.T.);
#686=PLANE('',#1168);
#687=SURFACE_STYLE_USAGE(.BOTH.,#1169);
#688=FACE_OUTER_BOUND('',#1170,.T.);
#689=PLANE('',#1171);
#690=SURFACE_STYLE_USAGE(.BOTH.,#1172);
#691=FACE_OUTER_BOUND('',#1173,.T.);
#692=PLANE('',#1174);
#693=SURFACE_STYLE_USAGE(.BOTH.,#1175);
#694=FACE_OUTER_BOUND('',#1176,.T.);
#695=PLANE('',#1177);
#696=SURFACE_STYLE_USAGE(.BOTH.,#1178);
#697=FACE_OUTER_BOUND('',#1179,.T.);
#698=PLANE('',#1180);
#699=SURFACE_STYLE_USAGE(.BOTH.,#1181);
#700=FACE_OUTER_BOUND('',#1182,.T.);
#701=PLANE('',#1183);
#702=SURFACE_STYLE_USAGE(.BOTH.,#1184);
#703=FACE_OUTER_BOUND('',#1185,.T.);
#704=PLANE('',#1186);
#705=SURFACE_STYLE_USAGE(.BOTH.,#1187);
#706=FACE_OUTER_BOUND('',#1188,.T.);
#707=PLANE('',#1189);
#708=SURFACE_STYLE_USAGE(.BOTH.,#1190);
#709=FACE_OUTER_BOUND('',#1191,.T.);
#710=PLANE('',#1192);
#711=SURFACE_STYLE_USAGE(.BOTH.,#1193);
#712=FACE_OUTER_BOUND('',#1194,.T.);
#713=PLANE('',#1195);
#714=SURFACE_STYLE_USAGE(.BOTH.,#1196);
#715=FACE_OUTER_BOUND('',#1197,.T.);
#716=PLANE('',#1198);
#717=SURFACE_STYLE_USAGE(.BOTH.,#1199);
#718=FACE_OUTER_BOUND('',#1200,.T.);
#719=PLANE('',#1201);
#720=SURFACE_STYLE_USAGE(.BOTH.,#1202);
#721=FACE_OUTER_BOUND('',#1203,.T.);
#722=FACE_BOUND('',#1204,.T.);
#723=PLANE('',#1205);
#724=SURFACE_STYLE_USAGE(.BOTH.,#1206);
#725=FACE_OUTER_BOUND('',#1207,.T.);
#726=CYLINDRICAL_SURFACE('',#1208,0.210795812577921);
#727=SURFACE_STYLE_USAGE(.BOTH.,#1209);
#728=FACE_OUTER_BOUND('',#1210,.T.);
#729=PLANE('',#1211);
#730=SURFACE_STYLE_USAGE(.BOTH.,#1212);
#731=FACE_OUTER_BOUND('',#1213,.T.);
#732=PLANE('',#1214);
#733=SURFACE_STYLE_USAGE(.BOTH.,#1215);
#734=FACE_OUTER_BOUND('',#1216,.T.);
#735=CYLINDRICAL_SURFACE('',#1217,0.210795812577999);
#736=SURFACE_STYLE_USAGE(.BOTH.,#1218);
#737=FACE_OUTER_BOUND('',#1219,.T.);
#738=PLANE('',#1220);
#739=SURFACE_STYLE_USAGE(.BOTH.,#1221);
#740=FACE_OUTER_BOUND('',#1222,.T.);
#741=CYLINDRICAL_SURFACE('',#1223,0.210795812577921);
#742=SURFACE_STYLE_USAGE(.BOTH.,#1224);
#743=FACE_OUTER_BOUND('',#1225,.T.);
#744=CYLINDRICAL_SURFACE('',#1226,0.210795812577999);
#745=SURFACE_STYLE_USAGE(.BOTH.,#1227);
#746=FACE_OUTER_BOUND('',#1228,.T.);
#747=FACE_BOUND('',#1229,.T.);
#748=FACE_BOUND('',#1230,.T.);
#749=FACE_BOUND('',#1231,.T.);
#750=PLANE('',#1232);
#751=SURFACE_STYLE_USAGE(.BOTH.,#1233);
#752=FACE_OUTER_BOUND('',#1234,.T.);
#753=CYLINDRICAL_SURFACE('',#1235,0.456724260585462);
#754=SURFACE_STYLE_USAGE(.BOTH.,#1236);
#755=FACE_OUTER_BOUND('',#1237,.T.);
#756=PLANE('',#1238);
#757=SURFACE_STYLE_USAGE(.BOTH.,#1239);
#758=FACE_OUTER_BOUND('',#1240,.T.);
#759=PLANE('',#1241);
#760=SURFACE_STYLE_USAGE(.BOTH.,#1242);
#761=FACE_OUTER_BOUND('',#1243,.T.);
#762=CYLINDRICAL_SURFACE('',#1244,0.15809685943344);
#763=SURFACE_STYLE_USAGE(.BOTH.,#1245);
#764=FACE_OUTER_BOUND('',#1246,.T.);
#765=PLANE('',#1247);
#766=SURFACE_STYLE_USAGE(.BOTH.,#1248);
#767=FACE_OUTER_BOUND('',#1249,.T.);
#768=CYLINDRICAL_SURFACE('',#1250,0.158096859433385);
#769=SURFACE_STYLE_USAGE(.BOTH.,#1251);
#770=FACE_OUTER_BOUND('',#1252,.T.);
#771=PLANE('',#1253);
#772=SURFACE_STYLE_USAGE(.BOTH.,#1254);
#773=FACE_OUTER_BOUND('',#1255,.T.);
#774=CYLINDRICAL_SURFACE('',#1256,0.951183574045199);
#775=SURFACE_STYLE_USAGE(.BOTH.,#1257);
#776=FACE_OUTER_BOUND('',#1258,.T.);
#777=CYLINDRICAL_SURFACE('',#1259,0.158096859433584);
#778=SURFACE_STYLE_USAGE(.BOTH.,#1260);
#779=FACE_OUTER_BOUND('',#1261,.T.);
#780=CYLINDRICAL_SURFACE('',#1262,0.15809685943344);
#781=SURFACE_STYLE_USAGE(.BOTH.,#1263);
#782=FACE_OUTER_BOUND('',#1264,.T.);
#783=PLANE('',#1265);
#784=SURFACE_STYLE_USAGE(.BOTH.,#1266);
#785=FACE_OUTER_BOUND('',#1267,.T.);
#786=CYLINDRICAL_SURFACE('',#1268,0.158096859433613);
#787=SURFACE_STYLE_USAGE(.BOTH.,#1269);
#788=FACE_OUTER_BOUND('',#1270,.T.);
#789=PLANE('',#1271);
#790=SURFACE_STYLE_USAGE(.BOTH.,#1272);
#791=FACE_OUTER_BOUND('',#1273,.T.);
#792=CYLINDRICAL_SURFACE('',#1274,0.1580968594333);
#793=SURFACE_STYLE_USAGE(.BOTH.,#1275);
#794=FACE_OUTER_BOUND('',#1276,.T.);
#795=PLANE('',#1277);
#796=SURFACE_STYLE_USAGE(.BOTH.,#1278);
#797=FACE_OUTER_BOUND('',#1279,.T.);
#798=CYLINDRICAL_SURFACE('',#1280,0.456724260585518);
#799=SURFACE_STYLE_USAGE(.BOTH.,#1281);
#800=FACE_OUTER_BOUND('',#1282,.T.);
#801=CYLINDRICAL_SURFACE('',#1283,0.158096859433421);
#802=SURFACE_STYLE_USAGE(.BOTH.,#1284);
#803=FACE_OUTER_BOUND('',#1285,.T.);
#804=PLANE('',#1286);
#805=SURFACE_STYLE_USAGE(.BOTH.,#1287);
#806=FACE_OUTER_BOUND('',#1288,.T.);
#807=PLANE('',#1289);
#808=SURFACE_STYLE_USAGE(.BOTH.,#1290);
#809=FACE_OUTER_BOUND('',#1291,.T.);
#810=CYLINDRICAL_SURFACE('',#1292,0.158096859433499);
#811=SURFACE_STYLE_USAGE(.BOTH.,#1293);
#812=FACE_OUTER_BOUND('',#1294,.T.);
#813=PLANE('',#1295);
#814=SURFACE_STYLE_USAGE(.BOTH.,#1296);
#815=FACE_OUTER_BOUND('',#1297,.T.);
#816=CYLINDRICAL_SURFACE('',#1298,0.158096859433439);
#817=SURFACE_STYLE_USAGE(.BOTH.,#1299);
#818=FACE_OUTER_BOUND('',#1300,.T.);
#819=CYLINDRICAL_SURFACE('',#1301,0.15809685943344);
#820=SURFACE_STYLE_USAGE(.BOTH.,#1302);
#821=FACE_OUTER_BOUND('',#1303,.T.);
#822=PLANE('',#1304);
#823=SURFACE_STYLE_USAGE(.BOTH.,#1305);
#824=FACE_OUTER_BOUND('',#1306,.T.);
#825=CYLINDRICAL_SURFACE('',#1307,0.228362130292794);
#826=SURFACE_STYLE_USAGE(.BOTH.,#1308);
#827=FACE_OUTER_BOUND('',#1309,.T.);
#828=PLANE('',#1310);
#829=SURFACE_STYLE_USAGE(.BOTH.,#1311);
#830=FACE_OUTER_BOUND('',#1312,.T.);
#831=PLANE('',#1313);
#832=SURFACE_STYLE_USAGE(.BOTH.,#1314);
#833=FACE_OUTER_BOUND('',#1315,.T.);
#834=CYLINDRICAL_SURFACE('',#1316,0.299999999999997);
#835=SURFACE_STYLE_USAGE(.BOTH.,#1317);
#836=FACE_OUTER_BOUND('',#1318,.T.);
#837=FACE_BOUND('',#1319,.T.);
#838=FACE_BOUND('',#1320,.T.);
#839=PLANE('',#1321);
#840=SURFACE_STYLE_USAGE(.BOTH.,#1322);
#841=FACE_OUTER_BOUND('',#1323,.T.);
#842=PLANE('',#1324);
#843=SURFACE_STYLE_USAGE(.BOTH.,#1325);
#844=FACE_OUTER_BOUND('',#1326,.T.);
#845=PLANE('',#1327);
#846=SURFACE_STYLE_USAGE(.BOTH.,#1328);
#847=FACE_OUTER_BOUND('',#1329,.T.);
#848=PLANE('',#1330);
#849=SURFACE_STYLE_USAGE(.BOTH.,#1331);
#850=FACE_OUTER_BOUND('',#1332,.T.);
#851=PLANE('',#1333);
#852=SURFACE_STYLE_USAGE(.BOTH.,#1334);
#853=FACE_OUTER_BOUND('',#1335,.T.);
#854=PLANE('',#1336);
#855=SURFACE_STYLE_USAGE(.BOTH.,#1337);
#856=FACE_OUTER_BOUND('',#1338,.T.);
#857=PLANE('',#1339);
#858=SURFACE_STYLE_USAGE(.BOTH.,#1340);
#859=FACE_OUTER_BOUND('',#1341,.T.);
#860=PLANE('',#1342);
#861=SURFACE_STYLE_USAGE(.BOTH.,#1343);
#862=FACE_OUTER_BOUND('',#1344,.T.);
#863=PLANE('',#1345);
#864=SURFACE_STYLE_USAGE(.BOTH.,#1346);
#865=FACE_OUTER_BOUND('',#1347,.T.);
#866=CYLINDRICAL_SURFACE('',#1348,0.999999999999986);
#867=SURFACE_STYLE_USAGE(.BOTH.,#1349);
#868=FACE_OUTER_BOUND('',#1350,.T.);
#869=PLANE('',#1351);
#870=SURFACE_STYLE_USAGE(.BOTH.,#1352);
#871=FACE_OUTER_BOUND('',#1353,.T.);
#872=CYLINDRICAL_SURFACE('',#1354,1.00000000000002);
#873=SURFACE_STYLE_USAGE(.BOTH.,#1355);
#874=FACE_OUTER_BOUND('',#1356,.T.);
#875=PLANE('',#1357);
#876=SURFACE_STYLE_USAGE(.BOTH.,#1358);
#877=FACE_OUTER_BOUND('',#1359,.T.);
#878=PLANE('',#1360);
#879=SURFACE_STYLE_USAGE(.BOTH.,#1361);
#880=FACE_OUTER_BOUND('',#1362,.T.);
#881=PLANE('',#1363);
#882=SURFACE_STYLE_USAGE(.BOTH.,#1364);
#883=FACE_OUTER_BOUND('',#1365,.T.);
#884=PLANE('',#1366);
#885=SURFACE_STYLE_USAGE(.BOTH.,#1367);
#886=FACE_OUTER_BOUND('',#1368,.T.);
#887=CYLINDRICAL_SURFACE('',#1369,0.800000000000068);
#888=SURFACE_STYLE_USAGE(.BOTH.,#1370);
#889=FACE_OUTER_BOUND('',#1371,.T.);
#890=FACE_BOUND('',#1372,.T.);
#891=FACE_BOUND('',#1373,.T.);
#892=FACE_BOUND('',#1374,.T.);
#893=PLANE('',#1375);
#894=SURFACE_STYLE_USAGE(.BOTH.,#1376);
#895=FACE_OUTER_BOUND('',#1377,.T.);
#896=PLANE('',#1378);
#897=SURFACE_STYLE_USAGE(.BOTH.,#1379);
#898=FACE_OUTER_BOUND('',#1380,.T.);
#899=PLANE('',#1381);
#900=SURFACE_STYLE_USAGE(.BOTH.,#1382);
#901=FACE_OUTER_BOUND('',#1383,.T.);
#902=PLANE('',#1384);
#903=SURFACE_STYLE_USAGE(.BOTH.,#1385);
#904=FACE_OUTER_BOUND('',#1386,.T.);
#905=PLANE('',#1387);
#906=SURFACE_STYLE_USAGE(.BOTH.,#1388);
#907=FACE_OUTER_BOUND('',#1389,.T.);
#908=PLANE('',#1390);
#909=SURFACE_STYLE_USAGE(.BOTH.,#1391);
#910=FACE_OUTER_BOUND('',#1392,.T.);
#911=PLANE('',#1393);
#912=SURFACE_STYLE_USAGE(.BOTH.,#1394);
#913=FACE_OUTER_BOUND('',#1395,.T.);
#914=PLANE('',#1396);
#915=SURFACE_STYLE_USAGE(.BOTH.,#1397);
#916=FACE_OUTER_BOUND('',#1398,.T.);
#917=PLANE('',#1399);
#918=SURFACE_STYLE_USAGE(.BOTH.,#1400);
#919=FACE_OUTER_BOUND('',#1401,.T.);
#920=PLANE('',#1402);
#921=SURFACE_STYLE_USAGE(.BOTH.,#1403);
#922=FACE_OUTER_BOUND('',#1404,.T.);
#923=PLANE('',#1405);
#924=SURFACE_STYLE_USAGE(.BOTH.,#1406);
#925=FACE_OUTER_BOUND('',#1407,.T.);
#926=PLANE('',#1408);
#927=SURFACE_STYLE_USAGE(.BOTH.,#1409);
#928=FACE_OUTER_BOUND('',#1410,.T.);
#929=PLANE('',#1411);
#930=SURFACE_STYLE_USAGE(.BOTH.,#1412);
#931=FACE_OUTER_BOUND('',#1413,.T.);
#932=PLANE('',#1414);
#933=SURFACE_STYLE_USAGE(.BOTH.,#1415);
#934=FACE_OUTER_BOUND('',#1416,.T.);
#935=PLANE('',#1417);
#936=SURFACE_STYLE_USAGE(.BOTH.,#1418);
#937=FACE_OUTER_BOUND('',#1419,.T.);
#938=PLANE('',#1420);
#939=SURFACE_STYLE_USAGE(.BOTH.,#1421);
#940=FACE_OUTER_BOUND('',#1422,.T.);
#941=PLANE('',#1423);
#942=SURFACE_STYLE_USAGE(.BOTH.,#1424);
#943=FACE_OUTER_BOUND('',#1425,.T.);
#944=CYLINDRICAL_SURFACE('',#1426,2.0);
#945=SURFACE_STYLE_USAGE(.BOTH.,#1427);
#946=FACE_OUTER_BOUND('',#1428,.T.);
#947=CYLINDRICAL_SURFACE('',#1429,0.456724260585518);
#948=SURFACE_STYLE_USAGE(.BOTH.,#1430);
#949=FACE_OUTER_BOUND('',#1431,.T.);
#950=CYLINDRICAL_SURFACE('',#1432,0.228362130292794);
#951=SURFACE_STYLE_USAGE(.BOTH.,#1433);
#952=FACE_OUTER_BOUND('',#1434,.T.);
#953=CYLINDRICAL_SURFACE('',#1435,0.65);
#954=SURFACE_STYLE_USAGE(.BOTH.,#1436);
#955=FACE_OUTER_BOUND('',#1437,.T.);
#956=CYLINDRICAL_SURFACE('',#1438,0.951183574045199);
#957=SURFACE_STYLE_USAGE(.BOTH.,#1439);
#958=FACE_OUTER_BOUND('',#1440,.T.);
#959=CYLINDRICAL_SURFACE('',#1441,2.0);
#960=SURFACE_STYLE_USAGE(.BOTH.,#1442);
#961=FACE_OUTER_BOUND('',#1443,.T.);
#962=CYLINDRICAL_SURFACE('',#1444,1.9);
#963=SURFACE_STYLE_USAGE(.BOTH.,#1445);
#964=FACE_OUTER_BOUND('',#1446,.T.);
#965=CYLINDRICAL_SURFACE('',#1447,1.9);
#966=SURFACE_STYLE_USAGE(.BOTH.,#1448);
#967=FACE_OUTER_BOUND('',#1449,.T.);
#968=CYLINDRICAL_SURFACE('',#1450,0.65);
#969=SURFACE_STYLE_USAGE(.BOTH.,#1451);
#970=FACE_OUTER_BOUND('',#1452,.T.);
#971=CYLINDRICAL_SURFACE('',#1453,0.456724260585462);
#972=SURFACE_STYLE_USAGE(.BOTH.,#1454);
#973=FACE_OUTER_BOUND('',#1455,.T.);
#974=SPHERICAL_SURFACE('',#1456,0.5);
#975=SURFACE_STYLE_USAGE(.BOTH.,#1457);
#976=CLOSED_SHELL('',(#178,#180,#182,#184,#186,#188,#190,#192,#194,#196,#198,#200,#202,#204,#206,#208,#210,#212,#214,#216,#218,#220,#222,#224,#226,#228,#230,#232,#234,#236,#238,#240,#242,#244,#246,#248,#250,#252,#254,#256,#258,#260,#262,#264,#266,#268,#270,#272,#274,#276,#278,#280,#282,#284,#286,#288,#290,#292,#294,#296,#298,#300,#302,#304,#306,#308,#310,#312,#314,#316,#318,#320,#322,#324,#326,#328,#330,#332,#334,#336,#338,#340,#342,#344,#346,#348,#350,#352,#354,#356,#358,#360,#362,#364,#366,#368,#370,#372,#374,#376,#378,#380,#382,#384,#386,#388,#390,#392,#394,#396,#398,#400,#402,#404,#406,#408,#410,#412,#414,#416,#418,#420,#422,#424,#426,#428,#430,#432,#434,#436,#438,#440,#442,#444,#446,#448,#450,#452,#454,#456,#458,#460,#462,#464,#466,#468,#470,#472,#474,#476,#478,#480,#482));
#977=PRODUCT_CONTEXT('',#164,'mechanical');
#978=PRODUCT_DEFINITION_FORMATION_WITH_SPECIFIED_SOURCE(' ','NONE',#485,.NOT_KNOWN.);
#979=CARTESIAN_POINT('',(0.0,0.0,0.0));
#980=DIRECTION('',(0.0,0.0,1.0));
#981=DIRECTION('',(1.0,0.0,0.0));
#982= (NAMED_UNIT(#493)LENGTH_UNIT()SI_UNIT(.MILLI.,.METRE.));
#983=SURFACE_SIDE_STYLE('',(#1459));
#984=EDGE_LOOP('',(#1460,#1461,#1462,#1463,#1464,#1465,#1466,#1467));
#985=AXIS2_PLACEMENT_3D('',#1468,#1469,#1470);
#986=SURFACE_SIDE_STYLE('',(#1471));
#987=EDGE_LOOP('',(#1472,#1473,#1474,#1475));
#988=AXIS2_PLACEMENT_3D('',#1476,#1477,#1478);
#989=SURFACE_SIDE_STYLE('',(#1479));
#990=EDGE_LOOP('',(#1480,#1481));
#991=EDGE_LOOP('',(#1482,#1483));
#992=AXIS2_PLACEMENT_3D('',#1484,#1485,#1486);
#993=SURFACE_SIDE_STYLE('',(#1487));
#994=EDGE_LOOP('',(#1488,#1489,#1490,#1491,#1492,#1493,#1494,#1495));
#995=AXIS2_PLACEMENT_3D('',#1496,#1497,#1498);
#996=SURFACE_SIDE_STYLE('',(#1499));
#997=EDGE_LOOP('',(#1500,#1501));
#998=AXIS2_PLACEMENT_3D('',#1502,#1503,#1504);
#999=SURFACE_SIDE_STYLE('',(#1505));
#1000=EDGE_LOOP('',(#1506,#1507,#1508,#1509,#1510,#1511,#1512,#1513));
#1001=AXIS2_PLACEMENT_3D('',#1514,#1515,#1516);
#1002=SURFACE_SIDE_STYLE('',(#1517));
#1003=EDGE_LOOP('',(#1518,#1519,#1520,#1521,#1522));
#1004=AXIS2_PLACEMENT_3D('',#1523,#1524,#1525);
#1005=SURFACE_SIDE_STYLE('',(#1526));
#1006=EDGE_LOOP('',(#1527,#1528,#1529,#1530));
#1007=AXIS2_PLACEMENT_3D('',#1531,#1532,#1533);
#1008=SURFACE_SIDE_STYLE('',(#1534));
#1009=EDGE_LOOP('',(#1535,#1536,#1537,#1538));
#1010=AXIS2_PLACEMENT_3D('',#1539,#1540,#1541);
#1011=SURFACE_SIDE_STYLE('',(#1542));
#1012=EDGE_LOOP('',(#1543,#1544,#1545,#1546));
#1013=AXIS2_PLACEMENT_3D('',#1547,#1548,#1549);
#1014=SURFACE_SIDE_STYLE('',(#1550));
#1015=EDGE_LOOP('',(#1551,#1552,#1553,#1554));
#1016=AXIS2_PLACEMENT_3D('',#1555,#1556,#1557);
#1017=SURFACE_SIDE_STYLE('',(#1558));
#1018=EDGE_LOOP('',(#1559,#1560,#1561,#1562));
#1019=AXIS2_PLACEMENT_3D('',#1563,#1564,#1565);
#1020=SURFACE_SIDE_STYLE('',(#1566));
#1021=EDGE_LOOP('',(#1567,#1568,#1569,#1570));
#1022=AXIS2_PLACEMENT_3D('',#1571,#1572,#1573);
#1023=SURFACE_SIDE_STYLE('',(#1574));
#1024=EDGE_LOOP('',(#1575,#1576,#1577,#1578,#1579));
#1025=AXIS2_PLACEMENT_3D('',#1580,#1581,#1582);
#1026=SURFACE_SIDE_STYLE('',(#1583));
#1027=EDGE_LOOP('',(#1584,#1585,#1586,#1587,#1588,#1589,#1590,#1591,#1592,#1593,#1594,#1595,#1596,#1597,#1598,#1599));
#1028=AXIS2_PLACEMENT_3D('',#1600,#1601,#1602);
#1029=SURFACE_SIDE_STYLE('',(#1603));
#1030=EDGE_LOOP('',(#1604,#1605,#1606,#1607,#1608));
#1031=AXIS2_PLACEMENT_3D('',#1609,#1610,#1611);
#1032=SURFACE_SIDE_STYLE('',(#1612));
#1033=EDGE_LOOP('',(#1613,#1614,#1615,#1616,#1617,#1618,#1619,#1620,#1621,#1622));
#1034=AXIS2_PLACEMENT_3D('',#1623,#1624,#1625);
#1035=SURFACE_SIDE_STYLE('',(#1626));
#1036=EDGE_LOOP('',(#1627,#1628,#1629,#1630,#1631));
#1037=AXIS2_PLACEMENT_3D('',#1632,#1633,#1634);
#1038=SURFACE_SIDE_STYLE('',(#1635));
#1039=EDGE_LOOP('',(#1636,#1637,#1638,#1639));
#1040=AXIS2_PLACEMENT_3D('',#1640,#1641,#1642);
#1041=SURFACE_SIDE_STYLE('',(#1643));
#1042=EDGE_LOOP('',(#1644,#1645,#1646,#1647));
#1043=AXIS2_PLACEMENT_3D('',#1648,#1649,#1650);
#1044=SURFACE_SIDE_STYLE('',(#1651));
#1045=EDGE_LOOP('',(#1652,#1653,#1654,#1655,#1656));
#1046=AXIS2_PLACEMENT_3D('',#1657,#1658,#1659);
#1047=SURFACE_SIDE_STYLE('',(#1660));
#1048=EDGE_LOOP('',(#1661,#1662,#1663,#1664));
#1049=AXIS2_PLACEMENT_3D('',#1665,#1666,#1667);
#1050=SURFACE_SIDE_STYLE('',(#1668));
#1051=EDGE_LOOP('',(#1669,#1670,#1671,#1672));
#1052=AXIS2_PLACEMENT_3D('',#1673,#1674,#1675);
#1053=SURFACE_SIDE_STYLE('',(#1676));
#1054=EDGE_LOOP('',(#1677,#1678,#1679,#1680));
#1055=AXIS2_PLACEMENT_3D('',#1681,#1682,#1683);
#1056=SURFACE_SIDE_STYLE('',(#1684));
#1057=EDGE_LOOP('',(#1685,#1686,#1687,#1688,#1689,#1690));
#1058=AXIS2_PLACEMENT_3D('',#1691,#1692,#1693);
#1059=SURFACE_SIDE_STYLE('',(#1694));
#1060=EDGE_LOOP('',(#1695,#1696,#1697,#1698,#1699,#1700));
#1061=AXIS2_PLACEMENT_3D('',#1701,#1702,#1703);
#1062=SURFACE_SIDE_STYLE('',(#1704));
#1063=EDGE_LOOP('',(#1705,#1706,#1707,#1708));
#1064=AXIS2_PLACEMENT_3D('',#1709,#1710,#1711);
#1065=SURFACE_SIDE_STYLE('',(#1712));
#1066=EDGE_LOOP('',(#1713,#1714,#1715,#1716));
#1067=AXIS2_PLACEMENT_3D('',#1717,#1718,#1719);
#1068=SURFACE_SIDE_STYLE('',(#1720));
#1069=EDGE_LOOP('',(#1721,#1722,#1723,#1724));
#1070=AXIS2_PLACEMENT_3D('',#1725,#1726,#1727);
#1071=SURFACE_SIDE_STYLE('',(#1728));
#1072=EDGE_LOOP('',(#1729,#1730,#1731,#1732));
#1073=AXIS2_PLACEMENT_3D('',#1733,#1734,#1735);
#1074=SURFACE_SIDE_STYLE('',(#1736));
#1075=EDGE_LOOP('',(#1737,#1738,#1739,#1740));
#1076=AXIS2_PLACEMENT_3D('',#1741,#1742,#1743);
#1077=SURFACE_SIDE_STYLE('',(#1744));
#1078=EDGE_LOOP('',(#1745,#1746,#1747,#1748));
#1079=AXIS2_PLACEMENT_3D('',#1749,#1750,#1751);
#1080=SURFACE_SIDE_STYLE('',(#1752));
#1081=EDGE_LOOP('',(#1753,#1754,#1755,#1756));
#1082=AXIS2_PLACEMENT_3D('',#1757,#1758,#1759);
#1083=SURFACE_SIDE_STYLE('',(#1760));
#1084=EDGE_LOOP('',(#1761,#1762,#1763,#1764));
#1085=AXIS2_PLACEMENT_3D('',#1765,#1766,#1767);
#1086=SURFACE_SIDE_STYLE('',(#1768));
#1087=EDGE_LOOP('',(#1769,#1770));
#1088=EDGE_LOOP('',(#1771,#1772,#1773,#1774));
#1089=AXIS2_PLACEMENT_3D('',#1775,#1776,#1777);
#1090=SURFACE_SIDE_STYLE('',(#1778));
#1091=EDGE_LOOP('',(#1779,#1780,#1781,#1782));
#1092=AXIS2_PLACEMENT_3D('',#1783,#1784,#1785);
#1093=SURFACE_SIDE_STYLE('',(#1786));
#1094=EDGE_LOOP('',(#1787,#1788,#1789,#1790));
#1095=AXIS2_PLACEMENT_3D('',#1791,#1792,#1793);
#1096=SURFACE_SIDE_STYLE('',(#1794));
#1097=EDGE_LOOP('',(#1795,#1796,#1797,#1798));
#1098=AXIS2_PLACEMENT_3D('',#1799,#1800,#1801);
#1099=SURFACE_SIDE_STYLE('',(#1802));
#1100=EDGE_LOOP('',(#1803,#1804,#1805,#1806));
#1101=AXIS2_PLACEMENT_3D('',#1807,#1808,#1809);
#1102=SURFACE_SIDE_STYLE('',(#1810));
#1103=EDGE_LOOP('',(#1811,#1812,#1813,#1814));
#1104=AXIS2_PLACEMENT_3D('',#1815,#1816,#1817);
#1105=SURFACE_SIDE_STYLE('',(#1818));
#1106=EDGE_LOOP('',(#1819,#1820,#1821,#1822,#1823));
#1107=AXIS2_PLACEMENT_3D('',#1824,#1825,#1826);
#1108=SURFACE_SIDE_STYLE('',(#1827));
#1109=EDGE_LOOP('',(#1828,#1829,#1830,#1831));
#1110=AXIS2_PLACEMENT_3D('',#1832,#1833,#1834);
#1111=SURFACE_SIDE_STYLE('',(#1835));
#1112=EDGE_LOOP('',(#1836,#1837,#1838,#1839));
#1113=AXIS2_PLACEMENT_3D('',#1840,#1841,#1842);
#1114=SURFACE_SIDE_STYLE('',(#1843));
#1115=EDGE_LOOP('',(#1844,#1845));
#1116=EDGE_LOOP('',(#1846,#1847));
#1117=AXIS2_PLACEMENT_3D('',#1848,#1849,#1850);
#1118=SURFACE_SIDE_STYLE('',(#1851));
#1119=EDGE_LOOP('',(#1852,#1853,#1854,#1855));
#1120=AXIS2_PLACEMENT_3D('',#1856,#1857,#1858);
#1121=SURFACE_SIDE_STYLE('',(#1859));
#1122=EDGE_LOOP('',(#1860,#1861,#1862,#1863,#1864,#1865,#1866,#1867));
#1123=AXIS2_PLACEMENT_3D('',#1868,#1869,#1870);
#1124=SURFACE_SIDE_STYLE('',(#1871));
#1125=EDGE_LOOP('',(#1872,#1873,#1874,#1875));
#1126=AXIS2_PLACEMENT_3D('',#1876,#1877,#1878);
#1127=SURFACE_SIDE_STYLE('',(#1879));
#1128=EDGE_LOOP('',(#1880,#1881,#1882,#1883));
#1129=AXIS2_PLACEMENT_3D('',#1884,#1885,#1886);
#1130=SURFACE_SIDE_STYLE('',(#1887));
#1131=EDGE_LOOP('',(#1888,#1889,#1890,#1891));
#1132=AXIS2_PLACEMENT_3D('',#1892,#1893,#1894);
#1133=SURFACE_SIDE_STYLE('',(#1895));
#1134=EDGE_LOOP('',(#1896,#1897,#1898,#1899));
#1135=AXIS2_PLACEMENT_3D('',#1900,#1901,#1902);
#1136=SURFACE_SIDE_STYLE('',(#1903));
#1137=EDGE_LOOP('',(#1904,#1905,#1906,#1907));
#1138=AXIS2_PLACEMENT_3D('',#1908,#1909,#1910);
#1139=SURFACE_SIDE_STYLE('',(#1911));
#1140=EDGE_LOOP('',(#1912,#1913,#1914,#1915));
#1141=AXIS2_PLACEMENT_3D('',#1916,#1917,#1918);
#1142=SURFACE_SIDE_STYLE('',(#1919));
#1143=EDGE_LOOP('',(#1920,#1921,#1922,#1923,#1924,#1925,#1926,#1927,#1928,#1929,#1930,#1931,#1932,#1933,#1934,#1935,#1936,#1937,#1938,#1939));
#1144=EDGE_LOOP('',(#1940,#1941));
#1145=EDGE_LOOP('',(#1942,#1943));
#1146=AXIS2_PLACEMENT_3D('',#1944,#1945,#1946);
#1147=SURFACE_SIDE_STYLE('',(#1947));
#1148=EDGE_LOOP('',(#1948,#1949,#1950,#1951));
#1149=AXIS2_PLACEMENT_3D('',#1952,#1953,#1954);
#1150=SURFACE_SIDE_STYLE('',(#1955));
#1151=EDGE_LOOP('',(#1956,#1957));
#1152=EDGE_LOOP('',(#1958,#1959,#1960,#1961));
#1153=AXIS2_PLACEMENT_3D('',#1962,#1963,#1964);
#1154=SURFACE_SIDE_STYLE('',(#1965));
#1155=EDGE_LOOP('',(#1966,#1967,#1968,#1969));
#1156=AXIS2_PLACEMENT_3D('',#1970,#1971,#1972);
#1157=SURFACE_SIDE_STYLE('',(#1973));
#1158=EDGE_LOOP('',(#1974,#1975,#1976,#1977));
#1159=AXIS2_PLACEMENT_3D('',#1978,#1979,#1980);
#1160=SURFACE_SIDE_STYLE('',(#1981));
#1161=EDGE_LOOP('',(#1982,#1983,#1984,#1985));
#1162=AXIS2_PLACEMENT_3D('',#1986,#1987,#1988);
#1163=SURFACE_SIDE_STYLE('',(#1989));
#1164=EDGE_LOOP('',(#1990,#1991,#1992,#1993,#1994,#1995));
#1165=AXIS2_PLACEMENT_3D('',#1996,#1997,#1998);
#1166=SURFACE_SIDE_STYLE('',(#1999));
#1167=EDGE_LOOP('',(#2000,#2001,#2002,#2003,#2004,#2005));
#1168=AXIS2_PLACEMENT_3D('',#2006,#2007,#2008);
#1169=SURFACE_SIDE_STYLE('',(#2009));
#1170=EDGE_LOOP('',(#2010,#2011,#2012,#2013));
#1171=AXIS2_PLACEMENT_3D('',#2014,#2015,#2016);
#1172=SURFACE_SIDE_STYLE('',(#2017));
#1173=EDGE_LOOP('',(#2018,#2019,#2020,#2021));
#1174=AXIS2_PLACEMENT_3D('',#2022,#2023,#2024);
#1175=SURFACE_SIDE_STYLE('',(#2025));
#1176=EDGE_LOOP('',(#2026,#2027,#2028,#2029));
#1177=AXIS2_PLACEMENT_3D('',#2030,#2031,#2032);
#1178=SURFACE_SIDE_STYLE('',(#2033));
#1179=EDGE_LOOP('',(#2034,#2035,#2036,#2037));
#1180=AXIS2_PLACEMENT_3D('',#2038,#2039,#2040);
#1181=SURFACE_SIDE_STYLE('',(#2041));
#1182=EDGE_LOOP('',(#2042,#2043,#2044,#2045,#2046,#2047,#2048,#2049));
#1183=AXIS2_PLACEMENT_3D('',#2050,#2051,#2052);
#1184=SURFACE_SIDE_STYLE('',(#2053));
#1185=EDGE_LOOP('',(#2054,#2055,#2056,#2057));
#1186=AXIS2_PLACEMENT_3D('',#2058,#2059,#2060);
#1187=SURFACE_SIDE_STYLE('',(#2061));
#1188=EDGE_LOOP('',(#2062,#2063,#2064,#2065));
#1189=AXIS2_PLACEMENT_3D('',#2066,#2067,#2068);
#1190=SURFACE_SIDE_STYLE('',(#2069));
#1191=EDGE_LOOP('',(#2070,#2071,#2072,#2073));
#1192=AXIS2_PLACEMENT_3D('',#2074,#2075,#2076);
#1193=SURFACE_SIDE_STYLE('',(#2077));
#1194=EDGE_LOOP('',(#2078,#2079,#2080,#2081));
#1195=AXIS2_PLACEMENT_3D('',#2082,#2083,#2084);
#1196=SURFACE_SIDE_STYLE('',(#2085));
#1197=EDGE_LOOP('',(#2086,#2087,#2088,#2089));
#1198=AXIS2_PLACEMENT_3D('',#2090,#2091,#2092);
#1199=SURFACE_SIDE_STYLE('',(#2093));
#1200=EDGE_LOOP('',(#2094,#2095,#2096,#2097));
#1201=AXIS2_PLACEMENT_3D('',#2098,#2099,#2100);
#1202=SURFACE_SIDE_STYLE('',(#2101));
#1203=EDGE_LOOP('',(#2102,#2103,#2104,#2105,#2106,#2107,#2108,#2109,#2110,#2111,#2112,#2113,#2114,#2115,#2116,#2117));
#1204=EDGE_LOOP('',(#2118,#2119,#2120,#2121,#2122,#2123,#2124,#2125));
#1205=AXIS2_PLACEMENT_3D('',#2126,#2127,#2128);
#1206=SURFACE_SIDE_STYLE('',(#2129));
#1207=EDGE_LOOP('',(#2130,#2131,#2132,#2133));
#1208=AXIS2_PLACEMENT_3D('',#2134,#2135,#2136);
#1209=SURFACE_SIDE_STYLE('',(#2137));
#1210=EDGE_LOOP('',(#2138,#2139,#2140,#2141));
#1211=AXIS2_PLACEMENT_3D('',#2142,#2143,#2144);
#1212=SURFACE_SIDE_STYLE('',(#2145));
#1213=EDGE_LOOP('',(#2146,#2147,#2148,#2149));
#1214=AXIS2_PLACEMENT_3D('',#2150,#2151,#2152);
#1215=SURFACE_SIDE_STYLE('',(#2153));
#1216=EDGE_LOOP('',(#2154,#2155,#2156,#2157));
#1217=AXIS2_PLACEMENT_3D('',#2158,#2159,#2160);
#1218=SURFACE_SIDE_STYLE('',(#2161));
#1219=EDGE_LOOP('',(#2162,#2163,#2164,#2165));
#1220=AXIS2_PLACEMENT_3D('',#2166,#2167,#2168);
#1221=SURFACE_SIDE_STYLE('',(#2169));
#1222=EDGE_LOOP('',(#2170,#2171,#2172,#2173));
#1223=AXIS2_PLACEMENT_3D('',#2174,#2175,#2176);
#1224=SURFACE_SIDE_STYLE('',(#2177));
#1225=EDGE_LOOP('',(#2178,#2179,#2180,#2181));
#1226=AXIS2_PLACEMENT_3D('',#2182,#2183,#2184);
#1227=SURFACE_SIDE_STYLE('',(#2185));
#1228=EDGE_LOOP('',(#2186,#2187,#2188,#2189,#2190,#2191,#2192,#2193));
#1229=EDGE_LOOP('',(#2194,#2195,#2196,#2197,#2198,#2199,#2200,#2201,#2202,#2203,#2204,#2205));
#1230=EDGE_LOOP('',(#2206,#2207,#2208,#2209,#2210,#2211,#2212,#2213,#2214,#2215,#2216,#2217,#2218));
#1231=EDGE_LOOP('',(#2219,#2220));
#1232=AXIS2_PLACEMENT_3D('',#2221,#2222,#2223);
#1233=SURFACE_SIDE_STYLE('',(#2224));
#1234=EDGE_LOOP('',(#2225,#2226,#2227,#2228));
#1235=AXIS2_PLACEMENT_3D('',#2229,#2230,#2231);
#1236=SURFACE_SIDE_STYLE('',(#2232));
#1237=EDGE_LOOP('',(#2233,#2234,#2235,#2236));
#1238=AXIS2_PLACEMENT_3D('',#2237,#2238,#2239);
#1239=SURFACE_SIDE_STYLE('',(#2240));
#1240=EDGE_LOOP('',(#2241,#2242,#2243,#2244,#2245,#2246,#2247,#2248,#2249,#2250,#2251,#2252));
#1241=AXIS2_PLACEMENT_3D('',#2253,#2254,#2255);
#1242=SURFACE_SIDE_STYLE('',(#2256));
#1243=EDGE_LOOP('',(#2257,#2258,#2259,#2260));
#1244=AXIS2_PLACEMENT_3D('',#2261,#2262,#2263);
#1245=SURFACE_SIDE_STYLE('',(#2264));
#1246=EDGE_LOOP('',(#2265,#2266,#2267,#2268));
#1247=AXIS2_PLACEMENT_3D('',#2269,#2270,#2271);
#1248=SURFACE_SIDE_STYLE('',(#2272));
#1249=EDGE_LOOP('',(#2273,#2274,#2275,#2276));
#1250=AXIS2_PLACEMENT_3D('',#2277,#2278,#2279);
#1251=SURFACE_SIDE_STYLE('',(#2280));
#1252=EDGE_LOOP('',(#2281,#2282,#2283,#2284));
#1253=AXIS2_PLACEMENT_3D('',#2285,#2286,#2287);
#1254=SURFACE_SIDE_STYLE('',(#2288));
#1255=EDGE_LOOP('',(#2289,#2290,#2291,#2292));
#1256=AXIS2_PLACEMENT_3D('',#2293,#2294,#2295);
#1257=SURFACE_SIDE_STYLE('',(#2296));
#1258=EDGE_LOOP('',(#2297,#2298,#2299,#2300));
#1259=AXIS2_PLACEMENT_3D('',#2301,#2302,#2303);
#1260=SURFACE_SIDE_STYLE('',(#2304));
#1261=EDGE_LOOP('',(#2305,#2306,#2307,#2308));
#1262=AXIS2_PLACEMENT_3D('',#2309,#2310,#2311);
#1263=SURFACE_SIDE_STYLE('',(#2312));
#1264=EDGE_LOOP('',(#2313,#2314,#2315,#2316));
#1265=AXIS2_PLACEMENT_3D('',#2317,#2318,#2319);
#1266=SURFACE_SIDE_STYLE('',(#2320));
#1267=EDGE_LOOP('',(#2321,#2322,#2323,#2324));
#1268=AXIS2_PLACEMENT_3D('',#2325,#2326,#2327);
#1269=SURFACE_SIDE_STYLE('',(#2328));
#1270=EDGE_LOOP('',(#2329,#2330,#2331,#2332));
#1271=AXIS2_PLACEMENT_3D('',#2333,#2334,#2335);
#1272=SURFACE_SIDE_STYLE('',(#2336));
#1273=EDGE_LOOP('',(#2337,#2338,#2339,#2340));
#1274=AXIS2_PLACEMENT_3D('',#2341,#2342,#2343);
#1275=SURFACE_SIDE_STYLE('',(#2344));
#1276=EDGE_LOOP('',(#2345,#2346,#2347,#2348,#2349,#2350,#2351,#2352,#2353,#2354,#2355,#2356,#2357));
#1277=AXIS2_PLACEMENT_3D('',#2358,#2359,#2360);
#1278=SURFACE_SIDE_STYLE('',(#2361));
#1279=EDGE_LOOP('',(#2362,#2363,#2364,#2365));
#1280=AXIS2_PLACEMENT_3D('',#2366,#2367,#2368);
#1281=SURFACE_SIDE_STYLE('',(#2369));
#1282=EDGE_LOOP('',(#2370,#2371,#2372,#2373));
#1283=AXIS2_PLACEMENT_3D('',#2374,#2375,#2376);
#1284=SURFACE_SIDE_STYLE('',(#2377));
#1285=EDGE_LOOP('',(#2378,#2379,#2380,#2381));
#1286=AXIS2_PLACEMENT_3D('',#2382,#2383,#2384);
#1287=SURFACE_SIDE_STYLE('',(#2385));
#1288=EDGE_LOOP('',(#2386,#2387,#2388,#2389));
#1289=AXIS2_PLACEMENT_3D('',#2390,#2391,#2392);
#1290=SURFACE_SIDE_STYLE('',(#2393));
#1291=EDGE_LOOP('',(#2394,#2395,#2396,#2397));
#1292=AXIS2_PLACEMENT_3D('',#2398,#2399,#2400);
#1293=SURFACE_SIDE_STYLE('',(#2401));
#1294=EDGE_LOOP('',(#2402,#2403,#2404,#2405));
#1295=AXIS2_PLACEMENT_3D('',#2406,#2407,#2408);
#1296=SURFACE_SIDE_STYLE('',(#2409));
#1297=EDGE_LOOP('',(#2410,#2411,#2412,#2413));
#1298=AXIS2_PLACEMENT_3D('',#2414,#2415,#2416);
#1299=SURFACE_SIDE_STYLE('',(#2417));
#1300=EDGE_LOOP('',(#2418,#2419,#2420,#2421));
#1301=AXIS2_PLACEMENT_3D('',#2422,#2423,#2424);
#1302=SURFACE_SIDE_STYLE('',(#2425));
#1303=EDGE_LOOP('',(#2426,#2427,#2428,#2429));
#1304=AXIS2_PLACEMENT_3D('',#2430,#2431,#2432);
#1305=SURFACE_SIDE_STYLE('',(#2433));
#1306=EDGE_LOOP('',(#2434,#2435,#2436,#2437));
#1307=AXIS2_PLACEMENT_3D('',#2438,#2439,#2440);
#1308=SURFACE_SIDE_STYLE('',(#2441));
#1309=EDGE_LOOP('',(#2442,#2443));
#1310=AXIS2_PLACEMENT_3D('',#2444,#2445,#2446);
#1311=SURFACE_SIDE_STYLE('',(#2447));
#1312=EDGE_LOOP('',(#2448,#2449,#2450,#2451));
#1313=AXIS2_PLACEMENT_3D('',#2452,#2453,#2454);
#1314=SURFACE_SIDE_STYLE('',(#2455));
#1315=EDGE_LOOP('',(#2456,#2457,#2458,#2459));
#1316=AXIS2_PLACEMENT_3D('',#2460,#2461,#2462);
#1317=SURFACE_SIDE_STYLE('',(#2463));
#1318=EDGE_LOOP('',(#2464,#2465,#2466,#2467));
#1319=EDGE_LOOP('',(#2468,#2469,#2470,#2471));
#1320=EDGE_LOOP('',(#2472,#2473,#2474,#2475));
#1321=AXIS2_PLACEMENT_3D('',#2476,#2477,#2478);
#1322=SURFACE_SIDE_STYLE('',(#2479));
#1323=EDGE_LOOP('',(#2480,#2481,#2482,#2483));
#1324=AXIS2_PLACEMENT_3D('',#2484,#2485,#2486);
#1325=SURFACE_SIDE_STYLE('',(#2487));
#1326=EDGE_LOOP('',(#2488,#2489,#2490,#2491,#2492));
#1327=AXIS2_PLACEMENT_3D('',#2493,#2494,#2495);
#1328=SURFACE_SIDE_STYLE('',(#2496));
#1329=EDGE_LOOP('',(#2497,#2498,#2499,#2500,#2501,#2502,#2503,#2504));
#1330=AXIS2_PLACEMENT_3D('',#2505,#2506,#2507);
#1331=SURFACE_SIDE_STYLE('',(#2508));
#1332=EDGE_LOOP('',(#2509,#2510,#2511,#2512));
#1333=AXIS2_PLACEMENT_3D('',#2513,#2514,#2515);
#1334=SURFACE_SIDE_STYLE('',(#2516));
#1335=EDGE_LOOP('',(#2517,#2518,#2519,#2520));
#1336=AXIS2_PLACEMENT_3D('',#2521,#2522,#2523);
#1337=SURFACE_SIDE_STYLE('',(#2524));
#1338=EDGE_LOOP('',(#2525,#2526,#2527,#2528));
#1339=AXIS2_PLACEMENT_3D('',#2529,#2530,#2531);
#1340=SURFACE_SIDE_STYLE('',(#2532));
#1341=EDGE_LOOP('',(#2533,#2534,#2535,#2536));
#1342=AXIS2_PLACEMENT_3D('',#2537,#2538,#2539);
#1343=SURFACE_SIDE_STYLE('',(#2540));
#1344=EDGE_LOOP('',(#2541,#2542,#2543,#2544));
#1345=AXIS2_PLACEMENT_3D('',#2545,#2546,#2547);
#1346=SURFACE_SIDE_STYLE('',(#2548));
#1347=EDGE_LOOP('',(#2549,#2550,#2551,#2552));
#1348=AXIS2_PLACEMENT_3D('',#2553,#2554,#2555);
#1349=SURFACE_SIDE_STYLE('',(#2556));
#1350=EDGE_LOOP('',(#2557,#2558,#2559,#2560,#2561));
#1351=AXIS2_PLACEMENT_3D('',#2562,#2563,#2564);
#1352=SURFACE_SIDE_STYLE('',(#2565));
#1353=EDGE_LOOP('',(#2566,#2567,#2568,#2569));
#1354=AXIS2_PLACEMENT_3D('',#2570,#2571,#2572);
#1355=SURFACE_SIDE_STYLE('',(#2573));
#1356=EDGE_LOOP('',(#2574,#2575,#2576,#2577,#2578,#2579,#2580,#2581,#2582,#2583));
#1357=AXIS2_PLACEMENT_3D('',#2584,#2585,#2586);
#1358=SURFACE_SIDE_STYLE('',(#2587));
#1359=EDGE_LOOP('',(#2588,#2589,#2590,#2591));
#1360=AXIS2_PLACEMENT_3D('',#2592,#2593,#2594);
#1361=SURFACE_SIDE_STYLE('',(#2595));
#1362=EDGE_LOOP('',(#2596,#2597,#2598,#2599));
#1363=AXIS2_PLACEMENT_3D('',#2600,#2601,#2602);
#1364=SURFACE_SIDE_STYLE('',(#2603));
#1365=EDGE_LOOP('',(#2604,#2605,#2606,#2607));
#1366=AXIS2_PLACEMENT_3D('',#2608,#2609,#2610);
#1367=SURFACE_SIDE_STYLE('',(#2611));
#1368=EDGE_LOOP('',(#2612,#2613,#2614,#2615));
#1369=AXIS2_PLACEMENT_3D('',#2616,#2617,#2618);
#1370=SURFACE_SIDE_STYLE('',(#2619));
#1371=EDGE_LOOP('',(#2620,#2621,#2622,#2623));
#1372=EDGE_LOOP('',(#2624,#2625));
#1373=EDGE_LOOP('',(#2626,#2627));
#1374=EDGE_LOOP('',(#2628,#2629));
#1375=AXIS2_PLACEMENT_3D('',#2630,#2631,#2632);
#1376=SURFACE_SIDE_STYLE('',(#2633));
#1377=EDGE_LOOP('',(#2634,#2635,#2636,#2637));
#1378=AXIS2_PLACEMENT_3D('',#2638,#2639,#2640);
#1379=SURFACE_SIDE_STYLE('',(#2641));
#1380=EDGE_LOOP('',(#2642,#2643,#2644,#2645));
#1381=AXIS2_PLACEMENT_3D('',#2646,#2647,#2648);
#1382=SURFACE_SIDE_STYLE('',(#2649));
#1383=EDGE_LOOP('',(#2650,#2651,#2652,#2653));
#1384=AXIS2_PLACEMENT_3D('',#2654,#2655,#2656);
#1385=SURFACE_SIDE_STYLE('',(#2657));
#1386=EDGE_LOOP('',(#2658,#2659,#2660,#2661));
#1387=AXIS2_PLACEMENT_3D('',#2662,#2663,#2664);
#1388=SURFACE_SIDE_STYLE('',(#2665));
#1389=EDGE_LOOP('',(#2666,#2667,#2668,#2669));
#1390=AXIS2_PLACEMENT_3D('',#2670,#2671,#2672);
#1391=SURFACE_SIDE_STYLE('',(#2673));
#1392=EDGE_LOOP('',(#2674,#2675,#2676,#2677));
#1393=AXIS2_PLACEMENT_3D('',#2678,#2679,#2680);
#1394=SURFACE_SIDE_STYLE('',(#2681));
#1395=EDGE_LOOP('',(#2682,#2683));
#1396=AXIS2_PLACEMENT_3D('',#2684,#2685,#2686);
#1397=SURFACE_SIDE_STYLE('',(#2687));
#1398=EDGE_LOOP('',(#2688,#2689));
#1399=AXIS2_PLACEMENT_3D('',#2690,#2691,#2692);
#1400=SURFACE_SIDE_STYLE('',(#2693));
#1401=EDGE_LOOP('',(#2694,#2695,#2696,#2697));
#1402=AXIS2_PLACEMENT_3D('',#2698,#2699,#2700);
#1403=SURFACE_SIDE_STYLE('',(#2701));
#1404=EDGE_LOOP('',(#2702,#2703,#2704,#2705));
#1405=AXIS2_PLACEMENT_3D('',#2706,#2707,#2708);
#1406=SURFACE_SIDE_STYLE('',(#2709));
#1407=EDGE_LOOP('',(#2710,#2711));
#1408=AXIS2_PLACEMENT_3D('',#2712,#2713,#2714);
#1409=SURFACE_SIDE_STYLE('',(#2715));
#1410=EDGE_LOOP('',(#2716,#2717,#2718,#2719));
#1411=AXIS2_PLACEMENT_3D('',#2720,#2721,#2722);
#1412=SURFACE_SIDE_STYLE('',(#2723));
#1413=EDGE_LOOP('',(#2724,#2725,#2726,#2727));
#1414=AXIS2_PLACEMENT_3D('',#2728,#2729,#2730);
#1415=SURFACE_SIDE_STYLE('',(#2731));
#1416=EDGE_LOOP('',(#2732,#2733,#2734,#2735));
#1417=AXIS2_PLACEMENT_3D('',#2736,#2737,#2738);
#1418=SURFACE_SIDE_STYLE('',(#2739));
#1419=EDGE_LOOP('',(#2740,#2741,#2742,#2743));
#1420=AXIS2_PLACEMENT_3D('',#2744,#2745,#2746);
#1421=SURFACE_SIDE_STYLE('',(#2747));
#1422=EDGE_LOOP('',(#2748,#2749));
#1423=AXIS2_PLACEMENT_3D('',#2750,#2751,#2752);
#1424=SURFACE_SIDE_STYLE('',(#2753));
#1425=EDGE_LOOP('',(#2754,#2755,#2756,#2757));
#1426=AXIS2_PLACEMENT_3D('',#2758,#2759,#2760);
#1427=SURFACE_SIDE_STYLE('',(#2761));
#1428=EDGE_LOOP('',(#2762,#2763,#2764,#2765));
#1429=AXIS2_PLACEMENT_3D('',#2766,#2767,#2768);
#1430=SURFACE_SIDE_STYLE('',(#2769));
#1431=EDGE_LOOP('',(#2770,#2771,#2772,#2773));
#1432=AXIS2_PLACEMENT_3D('',#2774,#2775,#2776);
#1433=SURFACE_SIDE_STYLE('',(#2777));
#1434=EDGE_LOOP('',(#2778,#2779,#2780,#2781));
#1435=AXIS2_PLACEMENT_3D('',#2782,#2783,#2784);
#1436=SURFACE_SIDE_STYLE('',(#2785));
#1437=EDGE_LOOP('',(#2786,#2787,#2788,#2789));
#1438=AXIS2_PLACEMENT_3D('',#2790,#2791,#2792);
#1439=SURFACE_SIDE_STYLE('',(#2793));
#1440=EDGE_LOOP('',(#2794,#2795,#2796,#2797));
#1441=AXIS2_PLACEMENT_3D('',#2798,#2799,#2800);
#1442=SURFACE_SIDE_STYLE('',(#2801));
#1443=EDGE_LOOP('',(#2802,#2803,#2804,#2805,#2806,#2807,#2808,#2809));
#1444=AXIS2_PLACEMENT_3D('',#2810,#2811,#2812);
#1445=SURFACE_SIDE_STYLE('',(#2813));
#1446=EDGE_LOOP('',(#2814,#2815,#2816,#2817,#2818,#2819,#2820,#2821));
#1447=AXIS2_PLACEMENT_3D('',#2822,#2823,#2824);
#1448=SURFACE_SIDE_STYLE('',(#2825));
#1449=EDGE_LOOP('',(#2826,#2827,#2828,#2829));
#1450=AXIS2_PLACEMENT_3D('',#2830,#2831,#2832);
#1451=SURFACE_SIDE_STYLE('',(#2833));
#1452=EDGE_LOOP('',(#2834,#2835,#2836,#2837));
#1453=AXIS2_PLACEMENT_3D('',#2838,#2839,#2840);
#1454=SURFACE_SIDE_STYLE('',(#2841));
#1455=EDGE_LOOP('',(#2842,#2843));
#1456=AXIS2_PLACEMENT_3D('',#2844,#2845,#2846);
#1457=SURFACE_SIDE_STYLE('',(#2847));
#1459=SURFACE_STYLE_FILL_AREA(#2848);
#1460=ORIENTED_EDGE('',*,*,#2849,.T.);
#1461=ORIENTED_EDGE('',*,*,#2850,.F.);
#1462=ORIENTED_EDGE('',*,*,#2851,.F.);
#1463=ORIENTED_EDGE('',*,*,#2852,.F.);
#1464=ORIENTED_EDGE('',*,*,#2853,.F.);
#1465=ORIENTED_EDGE('',*,*,#2854,.T.);
#1466=ORIENTED_EDGE('',*,*,#2855,.T.);
#1467=ORIENTED_EDGE('',*,*,#2856,.T.);
#1468=CARTESIAN_POINT('',(-8.45704622093155,12.0,-4.52578352883553));
#1469=DIRECTION('',(0.0,-1.0,0.0));
#1470=DIRECTION('',(0.0,0.0,-1.0));
#1471=SURFACE_STYLE_FILL_AREA(#2857);
#1472=ORIENTED_EDGE('',*,*,#2858,.T.);
#1473=ORIENTED_EDGE('',*,*,#2859,.T.);
#1474=ORIENTED_EDGE('',*,*,#2860,.T.);
#1475=ORIENTED_EDGE('',*,*,#2861,.T.);
#1476=CARTESIAN_POINT('',(-45.4972636381758,-75.4858546571136,-5.20999999999999));
#1477=DIRECTION('',(-1.22460635382238E-16,0.0,-1.0));
#1478=DIRECTION('',(-1.0,0.0,1.22460635382238E-16));
#1479=SURFACE_STYLE_FILL_AREA(#2862);
#1480=ORIENTED_EDGE('',*,*,#2863,.T.);
#1481=ORIENTED_EDGE('',*,*,#2864,.T.);
#1482=ORIENTED_EDGE('',*,*,#2865,.F.);
#1483=ORIENTED_EDGE('',*,*,#2866,.F.);
#1484=CARTESIAN_POINT('',(-4.5,14.7886751345948,-3.81));
#1485=DIRECTION('',(-0.0,1.0,0.0));
#1486=DIRECTION('',(1.0,0.0,0.0));
#1487=SURFACE_STYLE_FILL_AREA(#2867);
#1488=ORIENTED_EDGE('',*,*,#2868,.T.);
#1489=ORIENTED_EDGE('',*,*,#2869,.T.);
#1490=ORIENTED_EDGE('',*,*,#2870,.F.);
#1491=ORIENTED_EDGE('',*,*,#2871,.F.);
#1492=ORIENTED_EDGE('',*,*,#2872,.F.);
#1493=ORIENTED_EDGE('',*,*,#2873,.T.);
#1494=ORIENTED_EDGE('',*,*,#2874,.F.);
#1495=ORIENTED_EDGE('',*,*,#2875,.F.);
#1496=CARTESIAN_POINT('',(-5.5,14.6326181038845,-11.43));
#1497=DIRECTION('',(0.0,-1.0,0.0));
#1498=DIRECTION('',(1.0,0.0,-1.22460635382238E-16));
#1499=SURFACE_STYLE_FILL_AREA(#2876);
#1500=ORIENTED_EDGE('',*,*,#2877,.T.);
#1501=ORIENTED_EDGE('',*,*,#2878,.T.);
#1502=CARTESIAN_POINT('',(-7.20000000000001,17.8,-7.62));
#1503=DIRECTION('',(1.0,0.0,0.0));
#1504=DIRECTION('',(0.0,1.0,0.0));
#1505=SURFACE_STYLE_FILL_AREA(#2879);
#1506=ORIENTED_EDGE('',*,*,#2880,.F.);
#1507=ORIENTED_EDGE('',*,*,#2881,.T.);
#1508=ORIENTED_EDGE('',*,*,#2882,.F.);
#1509=ORIENTED_EDGE('',*,*,#2883,.T.);
#1510=ORIENTED_EDGE('',*,*,#2884,.T.);
#1511=ORIENTED_EDGE('',*,*,#2885,.T.);
#1512=ORIENTED_EDGE('',*,*,#2886,.F.);
#1513=ORIENTED_EDGE('',*,*,#2887,.T.);
#1514=CARTESIAN_POINT('',(-0.599999999999994,8.8,-3.81));
#1515=DIRECTION('',(-0.447213595499955,0.894427190999918,5.47660610564995E-17));
#1516=DIRECTION('',(1.22460635382238E-16,0.0,1.0));
#1517=SURFACE_STYLE_FILL_AREA(#2888);
#1518=ORIENTED_EDGE('',*,*,#2889,.T.);
#1519=ORIENTED_EDGE('',*,*,#2890,.F.);
#1520=ORIENTED_EDGE('',*,*,#2891,.F.);
#1521=ORIENTED_EDGE('',*,*,#2892,.T.);
#1522=ORIENTED_EDGE('',*,*,#2881,.F.);
#1523=CARTESIAN_POINT('',(0.0,8.0,-1.81000000000001));
#1524=DIRECTION('',(1.22460635382238E-16,0.0,1.0));
#1525=DIRECTION('',(1.0,0.0,-1.22460635382238E-16));
#1526=SURFACE_STYLE_FILL_AREA(#2893);
#1527=ORIENTED_EDGE('',*,*,#2894,.T.);
#1528=ORIENTED_EDGE('',*,*,#2882,.T.);
#1529=ORIENTED_EDGE('',*,*,#2892,.F.);
#1530=ORIENTED_EDGE('',*,*,#2895,.T.);
#1531=CARTESIAN_POINT('',(-0.8928203230276,3.3,-2.81));
#1532=DIRECTION('',(0.0,1.0,0.0));
#1533=DIRECTION('',(-1.0,0.0,1.22460635382238E-16));
#1534=SURFACE_STYLE_FILL_AREA(#2896);
#1535=ORIENTED_EDGE('',*,*,#2897,.T.);
#1536=ORIENTED_EDGE('',*,*,#2898,.F.);
#1537=ORIENTED_EDGE('',*,*,#2899,.T.);
#1538=ORIENTED_EDGE('',*,*,#2900,.T.);
#1539=CARTESIAN_POINT('',(-5.74748737341531,15.0886751345948,-11.1825126265847));
#1540=DIRECTION('',(-0.0,1.0,0.0));
#1541=DIRECTION('',(1.0,0.0,0.0));
#1542=SURFACE_STYLE_FILL_AREA(#2901);
#1543=ORIENTED_EDGE('',*,*,#2902,.T.);
#1544=ORIENTED_EDGE('',*,*,#2883,.F.);
#1545=ORIENTED_EDGE('',*,*,#2894,.F.);
#1546=ORIENTED_EDGE('',*,*,#2903,.F.);
#1547=CARTESIAN_POINT('',(-1.3928203230276,3.3,-1.94397459621558));
#1548=DIRECTION('',(-0.500000000000002,0.0,0.866025403784438));
#1549=DIRECTION('',(0.0,1.0,0.0));
#1550=SURFACE_STYLE_FILL_AREA(#2904);
#1551=ORIENTED_EDGE('',*,*,#2905,.F.);
#1552=ORIENTED_EDGE('',*,*,#2900,.F.);
#1553=ORIENTED_EDGE('',*,*,#2906,.F.);
#1554=ORIENTED_EDGE('',*,*,#2907,.F.);
#1555=CARTESIAN_POINT('',(-5.74748737341531,15.0886751345948,-11.1825126265847));
#1556=DIRECTION('',(0.707106781186547,0.0,-0.707106781186548));
#1557=DIRECTION('',(0.0,-1.0,0.0));
#1558=SURFACE_STYLE_FILL_AREA(#2908);
#1559=ORIENTED_EDGE('',*,*,#2909,.T.);
#1560=ORIENTED_EDGE('',*,*,#2902,.F.);
#1561=ORIENTED_EDGE('',*,*,#2910,.T.);
#1562=ORIENTED_EDGE('',*,*,#2911,.T.);
#1563=CARTESIAN_POINT('',(-45.4972636381758,-75.4858546571136,-2.40999999999999));
#1564=DIRECTION('',(-1.22460635382238E-16,0.0,-1.0));
#1565=DIRECTION('',(-1.0,0.0,1.22460635382238E-16));
#1566=SURFACE_STYLE_FILL_AREA(#2912);
#1567=ORIENTED_EDGE('',*,*,#2913,.F.);
#1568=ORIENTED_EDGE('',*,*,#2914,.T.);
#1569=ORIENTED_EDGE('',*,*,#2863,.F.);
#1570=ORIENTED_EDGE('',*,*,#2915,.F.);
#1571=CARTESIAN_POINT('',(-5.5,16.3943375672974,-3.81));
#1572=DIRECTION('',(0.0,1.0,0.0));
#1573=DIRECTION('',(1.0,0.0,-1.22460635382238E-16));
#1574=SURFACE_STYLE_FILL_AREA(#2916);
#1575=ORIENTED_EDGE('',*,*,#2917,.T.);
#1576=ORIENTED_EDGE('',*,*,#2918,.T.);
#1577=ORIENTED_EDGE('',*,*,#2919,.T.);
#1578=ORIENTED_EDGE('',*,*,#2920,.T.);
#1579=ORIENTED_EDGE('',*,*,#2921,.T.);
#1580=CARTESIAN_POINT('',(-4.83125891595279,16.0886751345948,-4.4787410840472));
#1581=DIRECTION('',(-0.0,1.0,0.0));
#1582=DIRECTION('',(1.0,0.0,0.0));
#1583=SURFACE_STYLE_FILL_AREA(#2922);
#1584=ORIENTED_EDGE('',*,*,#2923,.F.);
#1585=ORIENTED_EDGE('',*,*,#2924,.F.);
#1586=ORIENTED_EDGE('',*,*,#2925,.F.);
#1587=ORIENTED_EDGE('',*,*,#2926,.T.);
#1588=ORIENTED_EDGE('',*,*,#2927,.F.);
#1589=ORIENTED_EDGE('',*,*,#2928,.F.);
#1590=ORIENTED_EDGE('',*,*,#2929,.F.);
#1591=ORIENTED_EDGE('',*,*,#2855,.F.);
#1592=ORIENTED_EDGE('',*,*,#2930,.F.);
#1593=ORIENTED_EDGE('',*,*,#2931,.F.);
#1594=ORIENTED_EDGE('',*,*,#2932,.F.);
#1595=ORIENTED_EDGE('',*,*,#2933,.F.);
#1596=ORIENTED_EDGE('',*,*,#2934,.T.);
#1597=ORIENTED_EDGE('',*,*,#2935,.F.);
#1598=ORIENTED_EDGE('',*,*,#2936,.F.);
#1599=ORIENTED_EDGE('',*,*,#2937,.F.);
#1600=CARTESIAN_POINT('',(-45.4972636381758,-75.4858546571136,5.32907051820075E-15));
#1601=DIRECTION('',(-1.22460635382238E-16,0.0,-1.0));
#1602=DIRECTION('',(-1.0,0.0,1.22460635382238E-16));
#1603=SURFACE_STYLE_FILL_AREA(#2938);
#1604=ORIENTED_EDGE('',*,*,#2939,.T.);
#1605=ORIENTED_EDGE('',*,*,#2940,.T.);
#1606=ORIENTED_EDGE('',*,*,#2941,.T.);
#1607=ORIENTED_EDGE('',*,*,#2942,.T.);
#1608=ORIENTED_EDGE('',*,*,#2943,.T.);
#1609=CARTESIAN_POINT('',(-4.83125891595279,16.0886751345948,-4.4787410840472));
#1610=DIRECTION('',(-0.0,1.0,0.0));
#1611=DIRECTION('',(1.0,0.0,0.0));
#1612=SURFACE_STYLE_FILL_AREA(#2944);
#1613=ORIENTED_EDGE('',*,*,#2945,.T.);
#1614=ORIENTED_EDGE('',*,*,#2859,.F.);
#1615=ORIENTED_EDGE('',*,*,#2946,.F.);
#1616=ORIENTED_EDGE('',*,*,#2910,.F.);
#1617=ORIENTED_EDGE('',*,*,#2903,.T.);
#1618=ORIENTED_EDGE('',*,*,#2895,.F.);
#1619=ORIENTED_EDGE('',*,*,#2891,.T.);
#1620=ORIENTED_EDGE('',*,*,#2947,.T.);
#1621=ORIENTED_EDGE('',*,*,#2948,.T.);
#1622=ORIENTED_EDGE('',*,*,#2949,.F.);
#1623=CARTESIAN_POINT('',(-1.77914143116598,3.3,-3.88724579783342));
#1624=DIRECTION('',(-0.0,1.0,0.0));
#1625=DIRECTION('',(1.0,0.0,0.0));
#1626=SURFACE_STYLE_FILL_AREA(#2950);
#1627=ORIENTED_EDGE('',*,*,#2951,.T.);
#1628=ORIENTED_EDGE('',*,*,#2907,.T.);
#1629=ORIENTED_EDGE('',*,*,#2952,.T.);
#1630=ORIENTED_EDGE('',*,*,#2953,.T.);
#1631=ORIENTED_EDGE('',*,*,#2870,.T.);
#1632=CARTESIAN_POINT('',(-4.83125891595279,16.0886751345948,-12.0987410840472));
#1633=DIRECTION('',(-0.0,1.0,0.0));
#1634=DIRECTION('',(1.0,0.0,0.0));
#1635=SURFACE_STYLE_FILL_AREA(#2954);
#1636=ORIENTED_EDGE('',*,*,#2955,.T.);
#1637=ORIENTED_EDGE('',*,*,#2885,.F.);
#1638=ORIENTED_EDGE('',*,*,#2860,.F.);
#1639=ORIENTED_EDGE('',*,*,#2945,.F.);
#1640=CARTESIAN_POINT('',(-2.20000000000001,3.3,-5.21));
#1641=DIRECTION('',(-0.49999999999999,0.0,-0.866025403784445));
#1642=DIRECTION('',(-0.866025403784445,0.0,0.49999999999999));
#1643=SURFACE_STYLE_FILL_AREA(#2956);
#1644=ORIENTED_EDGE('',*,*,#2884,.F.);
#1645=ORIENTED_EDGE('',*,*,#2909,.F.);
#1646=ORIENTED_EDGE('',*,*,#2957,.F.);
#1647=ORIENTED_EDGE('',*,*,#2861,.F.);
#1648=CARTESIAN_POINT('',(-2.875,8.0,-3.81));
#1649=DIRECTION('',(-0.0,1.0,0.0));
#1650=DIRECTION('',(1.0,0.0,0.0));
#1651=SURFACE_STYLE_FILL_AREA(#2958);
#1652=ORIENTED_EDGE('',*,*,#2959,.F.);
#1653=ORIENTED_EDGE('',*,*,#2960,.T.);
#1654=ORIENTED_EDGE('',*,*,#2887,.F.);
#1655=ORIENTED_EDGE('',*,*,#2961,.F.);
#1656=ORIENTED_EDGE('',*,*,#2948,.F.);
#1657=CARTESIAN_POINT('',(-0.8928203230275,3.3,-5.81));
#1658=DIRECTION('',(-1.22460635382238E-16,0.0,-1.0));
#1659=DIRECTION('',(-1.0,0.0,1.22460635382238E-16));
#1660=SURFACE_STYLE_FILL_AREA(#2962);
#1661=ORIENTED_EDGE('',*,*,#2963,.F.);
#1662=ORIENTED_EDGE('',*,*,#2964,.T.);
#1663=ORIENTED_EDGE('',*,*,#2965,.F.);
#1664=ORIENTED_EDGE('',*,*,#2918,.F.);
#1665=CARTESIAN_POINT('',(-5.25251262658472,16.0886751345948,-4.05748737341528));
#1666=DIRECTION('',(-0.707106781186547,0.0,0.707106781186548));
#1667=DIRECTION('',(0.0,1.0,0.0));
#1668=SURFACE_STYLE_FILL_AREA(#2966);
#1669=ORIENTED_EDGE('',*,*,#2967,.T.);
#1670=ORIENTED_EDGE('',*,*,#2968,.T.);
#1671=ORIENTED_EDGE('',*,*,#2969,.T.);
#1672=ORIENTED_EDGE('',*,*,#2970,.T.);
#1673=CARTESIAN_POINT('',(-5.5,-4.5,-4.12602540378444));
#1674=DIRECTION('',(-1.18287890419472E-16,-0.25881904510252,-0.965925826289068));
#1675=DIRECTION('',(0.0,-0.965925826289068,0.25881904510252));
#1676=SURFACE_STYLE_FILL_AREA(#2971);
#1677=ORIENTED_EDGE('',*,*,#2972,.T.);
#1678=ORIENTED_EDGE('',*,*,#2967,.F.);
#1679=ORIENTED_EDGE('',*,*,#2973,.T.);
#1680=ORIENTED_EDGE('',*,*,#2974,.F.);
#1681=CARTESIAN_POINT('',(-7.76910551494699,-5.0,-4.7999668384985));
#1682=DIRECTION('',(0.0,-1.0,0.0));
#1683=DIRECTION('',(0.0,0.0,-1.0));
#1684=SURFACE_STYLE_FILL_AREA(#2975);
#1685=ORIENTED_EDGE('',*,*,#2973,.F.);
#1686=ORIENTED_EDGE('',*,*,#2970,.F.);
#1687=ORIENTED_EDGE('',*,*,#2976,.F.);
#1688=ORIENTED_EDGE('',*,*,#2977,.T.);
#1689=ORIENTED_EDGE('',*,*,#2978,.T.);
#1690=ORIENTED_EDGE('',*,*,#2979,.F.);
#1691=CARTESIAN_POINT('',(-5.05,-0.5,-3.36));
#1692=DIRECTION('',(1.0,0.0,-1.22460635382238E-16));
#1693=DIRECTION('',(-1.22460635382238E-16,0.0,-1.0));
#1694=SURFACE_STYLE_FILL_AREA(#2980);
#1695=ORIENTED_EDGE('',*,*,#2981,.T.);
#1696=ORIENTED_EDGE('',*,*,#2982,.T.);
#1697=ORIENTED_EDGE('',*,*,#2968,.F.);
#1698=ORIENTED_EDGE('',*,*,#2972,.F.);
#1699=ORIENTED_EDGE('',*,*,#2983,.F.);
#1700=ORIENTED_EDGE('',*,*,#2984,.F.);
#1701=CARTESIAN_POINT('',(-5.95000000000001,-0.5,-4.26));
#1702=DIRECTION('',(-1.0,0.0,1.22460635382238E-16));
#1703=DIRECTION('',(0.0,1.0,0.0));
#1704=SURFACE_STYLE_FILL_AREA(#2985);
#1705=ORIENTED_EDGE('',*,*,#2986,.T.);
#1706=ORIENTED_EDGE('',*,*,#2987,.T.);
#1707=ORIENTED_EDGE('',*,*,#2849,.F.);
#1708=ORIENTED_EDGE('',*,*,#2988,.T.);
#1709=CARTESIAN_POINT('',(-2.25695934361607,0.0,0.307025686886849));
#1710=DIRECTION('',(-0.765370897600524,0.0,-0.643589456956971));
#1711=DIRECTION('',(-0.643589456956971,0.0,0.765370897600524));
#1712=SURFACE_STYLE_FILL_AREA(#2989);
#1713=ORIENTED_EDGE('',*,*,#2990,.T.);
#1714=ORIENTED_EDGE('',*,*,#2988,.F.);
#1715=ORIENTED_EDGE('',*,*,#2856,.F.);
#1716=ORIENTED_EDGE('',*,*,#2929,.T.);
#1717=CARTESIAN_POINT('',(-2.10700000000003,0.0,0.128690699906688));
#1718=DIRECTION('',(-1.0,0.0,3.80815463493675E-14));
#1719=DIRECTION('',(0.0,1.0,0.0));
#1720=SURFACE_STYLE_FILL_AREA(#2991);
#1721=ORIENTED_EDGE('',*,*,#2992,.F.);
#1722=ORIENTED_EDGE('',*,*,#2993,.F.);
#1723=ORIENTED_EDGE('',*,*,#2852,.T.);
#1724=ORIENTED_EDGE('',*,*,#2994,.T.);
#1725=CARTESIAN_POINT('',(-1.54304065638394,0.0,0.307025686886853));
#1726=DIRECTION('',(1.0,0.0,-6.03297035808248E-15));
#1727=DIRECTION('',(-6.03297035808248E-15,0.0,-1.0));
#1728=SURFACE_STYLE_FILL_AREA(#2995);
#1729=ORIENTED_EDGE('',*,*,#2996,.F.);
#1730=ORIENTED_EDGE('',*,*,#2997,.T.);
#1731=ORIENTED_EDGE('',*,*,#2850,.T.);
#1732=ORIENTED_EDGE('',*,*,#2987,.F.);
#1733=CARTESIAN_POINT('',(-2.25695934361607,0.0,0.569999999999922));
#1734=DIRECTION('',(-1.0,0.0,1.22460635382238E-16));
#1735=DIRECTION('',(0.0,1.0,0.0));
#1736=SURFACE_STYLE_FILL_AREA(#2998);
#1737=ORIENTED_EDGE('',*,*,#2999,.F.);
#1738=ORIENTED_EDGE('',*,*,#2994,.F.);
#1739=ORIENTED_EDGE('',*,*,#2851,.T.);
#1740=ORIENTED_EDGE('',*,*,#2997,.F.);
#1741=CARTESIAN_POINT('',(-1.54304065638394,0.0,0.569999999999922));
#1742=DIRECTION('',(1.22460635382238E-16,0.0,1.0));
#1743=DIRECTION('',(1.0,0.0,-1.22460635382238E-16));
#1744=SURFACE_STYLE_FILL_AREA(#3000);
#1745=ORIENTED_EDGE('',*,*,#3001,.F.);
#1746=ORIENTED_EDGE('',*,*,#3002,.T.);
#1747=ORIENTED_EDGE('',*,*,#2853,.T.);
#1748=ORIENTED_EDGE('',*,*,#2993,.T.);
#1749=CARTESIAN_POINT('',(-1.693,0.0,0.128690699906691));
#1750=DIRECTION('',(0.765370897600457,0.0,-0.64358945695705));
#1751=DIRECTION('',(0.0,-1.0,0.0));
#1752=SURFACE_STYLE_FILL_AREA(#3003);
#1753=ORIENTED_EDGE('',*,*,#3004,.T.);
#1754=ORIENTED_EDGE('',*,*,#2930,.T.);
#1755=ORIENTED_EDGE('',*,*,#2854,.F.);
#1756=ORIENTED_EDGE('',*,*,#3002,.F.);
#1757=CARTESIAN_POINT('',(-1.693,0.0,0.0));
#1758=DIRECTION('',(1.0,0.0,-1.22460635382238E-16));
#1759=DIRECTION('',(-1.22460635382238E-16,0.0,-1.0));
#1760=SURFACE_STYLE_FILL_AREA(#3005);
#1761=ORIENTED_EDGE('',*,*,#3006,.T.);
#1762=ORIENTED_EDGE('',*,*,#2976,.T.);
#1763=ORIENTED_EDGE('',*,*,#2969,.F.);
#1764=ORIENTED_EDGE('',*,*,#2982,.F.);
#1765=CARTESIAN_POINT('',(-5.05,-0.5,-4.26));
#1766=DIRECTION('',(-1.22460635382238E-16,0.0,-1.0));
#1767=DIRECTION('',(-1.0,0.0,1.22460635382238E-16));
#1768=SURFACE_STYLE_FILL_AREA(#3007);
#1769=ORIENTED_EDGE('',*,*,#3008,.T.);
#1770=ORIENTED_EDGE('',*,*,#3009,.T.);
#1771=ORIENTED_EDGE('',*,*,#2977,.F.);
#1772=ORIENTED_EDGE('',*,*,#3006,.F.);
#1773=ORIENTED_EDGE('',*,*,#2981,.F.);
#1774=ORIENTED_EDGE('',*,*,#3010,.F.);
#1775=CARTESIAN_POINT('',(-7.76910551494699,-0.5,-4.7999668384985));
#1776=DIRECTION('',(0.0,-1.0,0.0));
#1777=DIRECTION('',(0.0,0.0,-1.0));
#1778=SURFACE_STYLE_FILL_AREA(#3011);
#1779=ORIENTED_EDGE('',*,*,#3008,.F.);
#1780=ORIENTED_EDGE('',*,*,#3012,.F.);
#1781=ORIENTED_EDGE('',*,*,#3013,.T.);
#1782=ORIENTED_EDGE('',*,*,#3014,.T.);
#1783=CARTESIAN_POINT('',(-5.5,0.0,-3.81));
#1784=DIRECTION('',(0.0,1.0,0.0));
#1785=DIRECTION('',(-1.0,0.0,1.22460635382238E-16));
#1786=SURFACE_STYLE_FILL_AREA(#3015);
#1787=ORIENTED_EDGE('',*,*,#2961,.T.);
#1788=ORIENTED_EDGE('',*,*,#2886,.T.);
#1789=ORIENTED_EDGE('',*,*,#2955,.F.);
#1790=ORIENTED_EDGE('',*,*,#2949,.T.);
#1791=CARTESIAN_POINT('',(-0.8928203230275,3.3,-4.81));
#1792=DIRECTION('',(0.0,1.0,0.0));
#1793=DIRECTION('',(-1.0,0.0,1.22460635382238E-16));
#1794=SURFACE_STYLE_FILL_AREA(#3016);
#1795=ORIENTED_EDGE('',*,*,#3010,.T.);
#1796=ORIENTED_EDGE('',*,*,#2984,.T.);
#1797=ORIENTED_EDGE('',*,*,#3017,.F.);
#1798=ORIENTED_EDGE('',*,*,#2978,.F.);
#1799=CARTESIAN_POINT('',(-5.95000000000001,-0.5,-3.36));
#1800=DIRECTION('',(1.22460635382238E-16,0.0,1.0));
#1801=DIRECTION('',(1.0,0.0,-1.22460635382238E-16));
#1802=SURFACE_STYLE_FILL_AREA(#3018);
#1803=ORIENTED_EDGE('',*,*,#2898,.T.);
#1804=ORIENTED_EDGE('',*,*,#3019,.T.);
#1805=ORIENTED_EDGE('',*,*,#3020,.F.);
#1806=ORIENTED_EDGE('',*,*,#3021,.T.);
#1807=CARTESIAN_POINT('',(-5.25251262658472,16.0886751345948,-11.6774873734153));
#1808=DIRECTION('',(-0.707106781186547,0.0,0.707106781186548));
#1809=DIRECTION('',(0.0,1.0,0.0));
#1810=SURFACE_STYLE_FILL_AREA(#3022);
#1811=ORIENTED_EDGE('',*,*,#2974,.T.);
#1812=ORIENTED_EDGE('',*,*,#2979,.T.);
#1813=ORIENTED_EDGE('',*,*,#3017,.T.);
#1814=ORIENTED_EDGE('',*,*,#2983,.T.);
#1815=CARTESIAN_POINT('',(-5.5,-4.5,-3.49397459621556));
#1816=DIRECTION('',(1.18287890419472E-16,-0.25881904510252,0.965925826289068));
#1817=DIRECTION('',(-1.0,-4.57029313173679E-16,0.0));
#1818=SURFACE_STYLE_FILL_AREA(#3023);
#1819=ORIENTED_EDGE('',*,*,#3020,.T.);
#1820=ORIENTED_EDGE('',*,*,#3024,.T.);
#1821=ORIENTED_EDGE('',*,*,#2874,.T.);
#1822=ORIENTED_EDGE('',*,*,#3025,.T.);
#1823=ORIENTED_EDGE('',*,*,#3026,.T.);
#1824=CARTESIAN_POINT('',(-4.83125891595279,16.0886751345948,-12.0987410840472));
#1825=DIRECTION('',(-0.0,1.0,0.0));
#1826=DIRECTION('',(1.0,0.0,0.0));
#1827=SURFACE_STYLE_FILL_AREA(#3027);
#1828=ORIENTED_EDGE('',*,*,#2946,.T.);
#1829=ORIENTED_EDGE('',*,*,#2858,.F.);
#1830=ORIENTED_EDGE('',*,*,#2957,.T.);
#1831=ORIENTED_EDGE('',*,*,#2911,.F.);
#1832=CARTESIAN_POINT('',(-2.875,8.0,-3.81));
#1833=DIRECTION('',(-1.0,0.0,1.22460635382238E-16));
#1834=DIRECTION('',(0.0,1.0,0.0));
#1835=SURFACE_STYLE_FILL_AREA(#3028);
#1836=ORIENTED_EDGE('',*,*,#3029,.F.);
#1837=ORIENTED_EDGE('',*,*,#2889,.F.);
#1838=ORIENTED_EDGE('',*,*,#2880,.T.);
#1839=ORIENTED_EDGE('',*,*,#2960,.F.);
#1840=CARTESIAN_POINT('',(0.0,8.8,-3.81));
#1841=DIRECTION('',(-0.0,1.0,0.0));
#1842=DIRECTION('',(1.0,0.0,0.0));
#1843=SURFACE_STYLE_FILL_AREA(#3030);
#1844=ORIENTED_EDGE('',*,*,#3031,.T.);
#1845=ORIENTED_EDGE('',*,*,#3032,.T.);
#1846=ORIENTED_EDGE('',*,*,#2868,.F.);
#1847=ORIENTED_EDGE('',*,*,#3033,.F.);
#1848=CARTESIAN_POINT('',(-4.5,14.7886751345948,-11.43));
#1849=DIRECTION('',(-0.0,1.0,0.0));
#1850=DIRECTION('',(1.0,0.0,0.0));
#1851=SURFACE_STYLE_FILL_AREA(#3034);
#1852=ORIENTED_EDGE('',*,*,#3035,.F.);
#1853=ORIENTED_EDGE('',*,*,#3036,.T.);
#1854=ORIENTED_EDGE('',*,*,#3037,.T.);
#1855=ORIENTED_EDGE('',*,*,#3038,.T.);
#1856=CARTESIAN_POINT('',(-5.74748737341531,15.0886751345948,-3.56251262658468));
#1857=DIRECTION('',(-0.0,1.0,0.0));
#1858=DIRECTION('',(1.0,0.0,0.0));
#1859=SURFACE_STYLE_FILL_AREA(#3039);
#1860=ORIENTED_EDGE('',*,*,#2917,.F.);
#1861=ORIENTED_EDGE('',*,*,#3040,.F.);
#1862=ORIENTED_EDGE('',*,*,#2866,.T.);
#1863=ORIENTED_EDGE('',*,*,#3041,.T.);
#1864=ORIENTED_EDGE('',*,*,#2940,.F.);
#1865=ORIENTED_EDGE('',*,*,#3042,.F.);
#1866=ORIENTED_EDGE('',*,*,#3043,.F.);
#1867=ORIENTED_EDGE('',*,*,#2963,.T.);
#1868=CARTESIAN_POINT('',(-5.5,14.6326181038845,-3.81));
#1869=DIRECTION('',(0.0,-1.0,0.0));
#1870=DIRECTION('',(1.0,0.0,-1.22460635382238E-16));
#1871=SURFACE_STYLE_FILL_AREA(#3044);
#1872=ORIENTED_EDGE('',*,*,#3045,.T.);
#1873=ORIENTED_EDGE('',*,*,#2935,.T.);
#1874=ORIENTED_EDGE('',*,*,#3046,.F.);
#1875=ORIENTED_EDGE('',*,*,#3047,.T.);
#1876=CARTESIAN_POINT('',(-3.0,16.476537180436,-11.35));
#1877=DIRECTION('',(1.0,0.0,-1.22460635382238E-16));
#1878=DIRECTION('',(-1.22460635382238E-16,0.0,-1.0));
#1879=SURFACE_STYLE_FILL_AREA(#3048);
#1880=ORIENTED_EDGE('',*,*,#3046,.T.);
#1881=ORIENTED_EDGE('',*,*,#2934,.F.);
#1882=ORIENTED_EDGE('',*,*,#3049,.T.);
#1883=ORIENTED_EDGE('',*,*,#3050,.F.);
#1884=CARTESIAN_POINT('',(-3.0,16.476537180436,-11.43));
#1885=DIRECTION('',(0.866025403784439,0.5,-1.06054021204601E-16));
#1886=DIRECTION('',(0.0,-2.12108042409203E-16,-1.0));
#1887=SURFACE_STYLE_FILL_AREA(#3051);
#1888=ORIENTED_EDGE('',*,*,#3052,.T.);
#1889=ORIENTED_EDGE('',*,*,#3053,.F.);
#1890=ORIENTED_EDGE('',*,*,#3054,.T.);
#1891=ORIENTED_EDGE('',*,*,#2937,.T.);
#1892=CARTESIAN_POINT('',(-8.62743513467471,17.7,-11.43));
#1893=DIRECTION('',(1.22460635382238E-16,0.0,1.0));
#1894=DIRECTION('',(-1.0,0.0,1.22460635382238E-16));
#1895=SURFACE_STYLE_FILL_AREA(#3055);
#1896=ORIENTED_EDGE('',*,*,#3037,.F.);
#1897=ORIENTED_EDGE('',*,*,#3056,.F.);
#1898=ORIENTED_EDGE('',*,*,#2942,.F.);
#1899=ORIENTED_EDGE('',*,*,#3057,.F.);
#1900=CARTESIAN_POINT('',(-5.74748737341531,15.0886751345948,-3.56251262658468));
#1901=DIRECTION('',(0.707106781186547,0.0,-0.707106781186548));
#1902=DIRECTION('',(0.0,-1.0,0.0));
#1903=SURFACE_STYLE_FILL_AREA(#3058);
#1904=ORIENTED_EDGE('',*,*,#3059,.F.);
#1905=ORIENTED_EDGE('',*,*,#3060,.T.);
#1906=ORIENTED_EDGE('',*,*,#3032,.F.);
#1907=ORIENTED_EDGE('',*,*,#3061,.F.);
#1908=CARTESIAN_POINT('',(-5.5,16.3943375672974,-11.43));
#1909=DIRECTION('',(0.0,1.0,0.0));
#1910=DIRECTION('',(1.0,0.0,-1.22460635382238E-16));
#1911=SURFACE_STYLE_FILL_AREA(#3062);
#1912=ORIENTED_EDGE('',*,*,#3063,.T.);
#1913=ORIENTED_EDGE('',*,*,#3064,.F.);
#1914=ORIENTED_EDGE('',*,*,#3065,.T.);
#1915=ORIENTED_EDGE('',*,*,#2926,.F.);
#1916=CARTESIAN_POINT('',(-10.9314792232064,9.05515998923241,-11.35));
#1917=DIRECTION('',(-0.997620117758288,0.0689499865405295,1.22169193490783E-16));
#1918=DIRECTION('',(1.22460635382238E-16,0.0,1.0));
#1919=SURFACE_STYLE_FILL_AREA(#3066);
#1920=ORIENTED_EDGE('',*,*,#3067,.T.);
#1921=ORIENTED_EDGE('',*,*,#3068,.T.);
#1922=ORIENTED_EDGE('',*,*,#3069,.F.);
#1923=ORIENTED_EDGE('',*,*,#3070,.T.);
#1924=ORIENTED_EDGE('',*,*,#3071,.F.);
#1925=ORIENTED_EDGE('',*,*,#3072,.F.);
#1926=ORIENTED_EDGE('',*,*,#3073,.F.);
#1927=ORIENTED_EDGE('',*,*,#3074,.T.);
#1928=ORIENTED_EDGE('',*,*,#3075,.F.);
#1929=ORIENTED_EDGE('',*,*,#3076,.T.);
#1930=ORIENTED_EDGE('',*,*,#3077,.F.);
#1931=ORIENTED_EDGE('',*,*,#2931,.T.);
#1932=ORIENTED_EDGE('',*,*,#3004,.F.);
#1933=ORIENTED_EDGE('',*,*,#3001,.T.);
#1934=ORIENTED_EDGE('',*,*,#2992,.T.);
#1935=ORIENTED_EDGE('',*,*,#2999,.T.);
#1936=ORIENTED_EDGE('',*,*,#2996,.T.);
#1937=ORIENTED_EDGE('',*,*,#2986,.F.);
#1938=ORIENTED_EDGE('',*,*,#2990,.F.);
#1939=ORIENTED_EDGE('',*,*,#2928,.T.);
#1940=ORIENTED_EDGE('',*,*,#3078,.F.);
#1941=ORIENTED_EDGE('',*,*,#3079,.F.);
#1942=ORIENTED_EDGE('',*,*,#3013,.F.);
#1943=ORIENTED_EDGE('',*,*,#3080,.F.);
#1944=CARTESIAN_POINT('',(-8.45704622093155,0.0,-8.45578352883553));
#1945=DIRECTION('',(0.0,-1.0,0.0));
#1946=DIRECTION('',(0.0,0.0,-1.0));
#1947=SURFACE_STYLE_FILL_AREA(#3081);
#1948=ORIENTED_EDGE('',*,*,#3078,.T.);
#1949=ORIENTED_EDGE('',*,*,#3082,.T.);
#1950=ORIENTED_EDGE('',*,*,#3083,.F.);
#1951=ORIENTED_EDGE('',*,*,#3084,.F.);
#1952=CARTESIAN_POINT('',(-5.5,0.0,-11.43));
#1953=DIRECTION('',(0.0,1.0,0.0));
#1954=DIRECTION('',(-1.0,0.0,1.22460635382238E-16));
#1955=SURFACE_STYLE_FILL_AREA(#3085);
#1956=ORIENTED_EDGE('',*,*,#3083,.T.);
#1957=ORIENTED_EDGE('',*,*,#3086,.T.);
#1958=ORIENTED_EDGE('',*,*,#3087,.F.);
#1959=ORIENTED_EDGE('',*,*,#3088,.F.);
#1960=ORIENTED_EDGE('',*,*,#3089,.F.);
#1961=ORIENTED_EDGE('',*,*,#3090,.F.);
#1962=CARTESIAN_POINT('',(-7.76910551494699,-0.5,-7.4199668384985));
#1963=DIRECTION('',(0.0,-1.0,0.0));
#1964=DIRECTION('',(0.0,0.0,-1.0));
#1965=SURFACE_STYLE_FILL_AREA(#3091);
#1966=ORIENTED_EDGE('',*,*,#3090,.T.);
#1967=ORIENTED_EDGE('',*,*,#3092,.T.);
#1968=ORIENTED_EDGE('',*,*,#3093,.T.);
#1969=ORIENTED_EDGE('',*,*,#3094,.F.);
#1970=CARTESIAN_POINT('',(-5.05,-0.5,-11.88));
#1971=DIRECTION('',(-1.22460635382238E-16,0.0,-1.0));
#1972=DIRECTION('',(-1.0,0.0,1.22460635382238E-16));
#1973=SURFACE_STYLE_FILL_AREA(#3095);
#1974=ORIENTED_EDGE('',*,*,#3088,.T.);
#1975=ORIENTED_EDGE('',*,*,#3096,.T.);
#1976=ORIENTED_EDGE('',*,*,#3097,.T.);
#1977=ORIENTED_EDGE('',*,*,#3098,.F.);
#1978=CARTESIAN_POINT('',(-5.95000000000001,-0.5,-10.98));
#1979=DIRECTION('',(1.22460635382238E-16,0.0,1.0));
#1980=DIRECTION('',(1.0,0.0,-1.22460635382238E-16));
#1981=SURFACE_STYLE_FILL_AREA(#3099);
#1982=ORIENTED_EDGE('',*,*,#3100,.T.);
#1983=ORIENTED_EDGE('',*,*,#3101,.F.);
#1984=ORIENTED_EDGE('',*,*,#3102,.T.);
#1985=ORIENTED_EDGE('',*,*,#3103,.F.);
#1986=CARTESIAN_POINT('',(-7.76910551494699,-5.0,-7.4199668384985));
#1987=DIRECTION('',(0.0,-1.0,0.0));
#1988=DIRECTION('',(0.0,0.0,-1.0));
#1989=SURFACE_STYLE_FILL_AREA(#3104);
#1990=ORIENTED_EDGE('',*,*,#3101,.T.);
#1991=ORIENTED_EDGE('',*,*,#3105,.T.);
#1992=ORIENTED_EDGE('',*,*,#3096,.F.);
#1993=ORIENTED_EDGE('',*,*,#3087,.T.);
#1994=ORIENTED_EDGE('',*,*,#3094,.T.);
#1995=ORIENTED_EDGE('',*,*,#3106,.T.);
#1996=CARTESIAN_POINT('',(-5.95000000000001,-0.5,-11.88));
#1997=DIRECTION('',(-1.0,0.0,1.22460635382238E-16));
#1998=DIRECTION('',(0.0,1.0,0.0));
#1999=SURFACE_STYLE_FILL_AREA(#3107);
#2000=ORIENTED_EDGE('',*,*,#3089,.T.);
#2001=ORIENTED_EDGE('',*,*,#3098,.T.);
#2002=ORIENTED_EDGE('',*,*,#3108,.T.);
#2003=ORIENTED_EDGE('',*,*,#3103,.T.);
#2004=ORIENTED_EDGE('',*,*,#3109,.T.);
#2005=ORIENTED_EDGE('',*,*,#3092,.F.);
#2006=CARTESIAN_POINT('',(-5.05,-0.5,-10.98));
#2007=DIRECTION('',(1.0,0.0,-1.22460635382238E-16));
#2008=DIRECTION('',(-1.22460635382238E-16,0.0,-1.0));
#2009=SURFACE_STYLE_FILL_AREA(#3110);
#2010=ORIENTED_EDGE('',*,*,#3102,.F.);
#2011=ORIENTED_EDGE('',*,*,#3106,.F.);
#2012=ORIENTED_EDGE('',*,*,#3093,.F.);
#2013=ORIENTED_EDGE('',*,*,#3109,.F.);
#2014=CARTESIAN_POINT('',(-5.5,-4.5,-11.7460254037844));
#2015=DIRECTION('',(1.18287890419472E-16,0.25881904510252,0.965925826289068));
#2016=DIRECTION('',(1.0,-4.57029313173679E-16,0.0));
#2017=SURFACE_STYLE_FILL_AREA(#3111);
#2018=ORIENTED_EDGE('',*,*,#3100,.F.);
#2019=ORIENTED_EDGE('',*,*,#3108,.F.);
#2020=ORIENTED_EDGE('',*,*,#3097,.F.);
#2021=ORIENTED_EDGE('',*,*,#3105,.F.);
#2022=CARTESIAN_POINT('',(-5.5,-4.5,-11.1139745962156));
#2023=DIRECTION('',(-1.18287890419472E-16,0.258819045102521,-0.965925826289068));
#2024=DIRECTION('',(-1.0,0.0,1.22460635382238E-16));
#2025=SURFACE_STYLE_FILL_AREA(#3112);
#2026=ORIENTED_EDGE('',*,*,#3113,.F.);
#2027=ORIENTED_EDGE('',*,*,#3114,.T.);
#2028=ORIENTED_EDGE('',*,*,#3115,.T.);
#2029=ORIENTED_EDGE('',*,*,#3074,.F.);
#2030=CARTESIAN_POINT('',(-1.693,0.0,-15.1113093000933));
#2031=DIRECTION('',(0.765370897600457,0.0,-0.64358945695705));
#2032=DIRECTION('',(0.0,-1.0,0.0));
#2033=SURFACE_STYLE_FILL_AREA(#3116);
#2034=ORIENTED_EDGE('',*,*,#3115,.F.);
#2035=ORIENTED_EDGE('',*,*,#3117,.F.);
#2036=ORIENTED_EDGE('',*,*,#3118,.T.);
#2037=ORIENTED_EDGE('',*,*,#3075,.T.);
#2038=CARTESIAN_POINT('',(-1.693,0.0,-15.24));
#2039=DIRECTION('',(1.0,0.0,-1.22460635382238E-16));
#2040=DIRECTION('',(-1.22460635382238E-16,0.0,-1.0));
#2041=SURFACE_STYLE_FILL_AREA(#3119);
#2042=ORIENTED_EDGE('',*,*,#3120,.F.);
#2043=ORIENTED_EDGE('',*,*,#3121,.F.);
#2044=ORIENTED_EDGE('',*,*,#3122,.F.);
#2045=ORIENTED_EDGE('',*,*,#3117,.T.);
#2046=ORIENTED_EDGE('',*,*,#3114,.F.);
#2047=ORIENTED_EDGE('',*,*,#3123,.T.);
#2048=ORIENTED_EDGE('',*,*,#3124,.F.);
#2049=ORIENTED_EDGE('',*,*,#3125,.F.);
#2050=CARTESIAN_POINT('',(-8.45704622093155,12.0,-9.76578352883553));
#2051=DIRECTION('',(0.0,-1.0,0.0));
#2052=DIRECTION('',(0.0,0.0,-1.0));
#2053=SURFACE_STYLE_FILL_AREA(#3126);
#2054=ORIENTED_EDGE('',*,*,#3127,.T.);
#2055=ORIENTED_EDGE('',*,*,#3120,.T.);
#2056=ORIENTED_EDGE('',*,*,#3128,.F.);
#2057=ORIENTED_EDGE('',*,*,#3070,.F.);
#2058=CARTESIAN_POINT('',(-2.25695934361607,0.0,-14.9329743131131));
#2059=DIRECTION('',(-0.765370897600524,0.0,-0.643589456956971));
#2060=DIRECTION('',(-0.643589456956971,0.0,0.765370897600524));
#2061=SURFACE_STYLE_FILL_AREA(#3129);
#2062=ORIENTED_EDGE('',*,*,#3128,.T.);
#2063=ORIENTED_EDGE('',*,*,#3125,.T.);
#2064=ORIENTED_EDGE('',*,*,#3130,.F.);
#2065=ORIENTED_EDGE('',*,*,#3071,.T.);
#2066=CARTESIAN_POINT('',(-2.25695934361607,0.0,-14.6700000000001));
#2067=DIRECTION('',(-1.0,0.0,1.22460635382238E-16));
#2068=DIRECTION('',(0.0,1.0,0.0));
#2069=SURFACE_STYLE_FILL_AREA(#3131);
#2070=ORIENTED_EDGE('',*,*,#3130,.T.);
#2071=ORIENTED_EDGE('',*,*,#3124,.T.);
#2072=ORIENTED_EDGE('',*,*,#3132,.F.);
#2073=ORIENTED_EDGE('',*,*,#3072,.T.);
#2074=CARTESIAN_POINT('',(-1.54304065638394,0.0,-14.6700000000001));
#2075=DIRECTION('',(1.22460635382238E-16,0.0,1.0));
#2076=DIRECTION('',(1.0,0.0,-1.22460635382238E-16));
#2077=SURFACE_STYLE_FILL_AREA(#3133);
#2078=ORIENTED_EDGE('',*,*,#3132,.T.);
#2079=ORIENTED_EDGE('',*,*,#3123,.F.);
#2080=ORIENTED_EDGE('',*,*,#3113,.T.);
#2081=ORIENTED_EDGE('',*,*,#3073,.T.);
#2082=CARTESIAN_POINT('',(-1.54304065638394,0.0,-14.9329743131131));
#2083=DIRECTION('',(1.0,0.0,-6.03297035808248E-15));
#2084=DIRECTION('',(-6.03297035808248E-15,0.0,-1.0));
#2085=SURFACE_STYLE_FILL_AREA(#3134);
#2086=ORIENTED_EDGE('',*,*,#3135,.F.);
#2087=ORIENTED_EDGE('',*,*,#3121,.T.);
#2088=ORIENTED_EDGE('',*,*,#3127,.F.);
#2089=ORIENTED_EDGE('',*,*,#3069,.T.);
#2090=CARTESIAN_POINT('',(-2.10700000000003,0.0,-15.1113093000933));
#2091=DIRECTION('',(-1.0,0.0,3.80815463493675E-14));
#2092=DIRECTION('',(0.0,1.0,0.0));
#2093=SURFACE_STYLE_FILL_AREA(#3136);
#2094=ORIENTED_EDGE('',*,*,#3067,.F.);
#2095=ORIENTED_EDGE('',*,*,#2927,.T.);
#2096=ORIENTED_EDGE('',*,*,#3065,.F.);
#2097=ORIENTED_EDGE('',*,*,#3137,.F.);
#2098=CARTESIAN_POINT('',(-11.2,5.17,-11.35));
#2099=DIRECTION('',(-1.0,0.0,1.22460635382238E-16));
#2100=DIRECTION('',(0.0,1.0,0.0));
#2101=SURFACE_STYLE_FILL_AREA(#3138);
#2102=ORIENTED_EDGE('',*,*,#3053,.T.);
#2103=ORIENTED_EDGE('',*,*,#3139,.T.);
#2104=ORIENTED_EDGE('',*,*,#3047,.F.);
#2105=ORIENTED_EDGE('',*,*,#3050,.T.);
#2106=ORIENTED_EDGE('',*,*,#3140,.T.);
#2107=ORIENTED_EDGE('',*,*,#3141,.F.);
#2108=ORIENTED_EDGE('',*,*,#3076,.F.);
#2109=ORIENTED_EDGE('',*,*,#3118,.F.);
#2110=ORIENTED_EDGE('',*,*,#3122,.T.);
#2111=ORIENTED_EDGE('',*,*,#3135,.T.);
#2112=ORIENTED_EDGE('',*,*,#3068,.F.);
#2113=ORIENTED_EDGE('',*,*,#3137,.T.);
#2114=ORIENTED_EDGE('',*,*,#3064,.T.);
#2115=ORIENTED_EDGE('',*,*,#3142,.T.);
#2116=ORIENTED_EDGE('',*,*,#3143,.F.);
#2117=ORIENTED_EDGE('',*,*,#3144,.T.);
#2118=ORIENTED_EDGE('',*,*,#3145,.T.);
#2119=ORIENTED_EDGE('',*,*,#3146,.F.);
#2120=ORIENTED_EDGE('',*,*,#3147,.F.);
#2121=ORIENTED_EDGE('',*,*,#3148,.F.);
#2122=ORIENTED_EDGE('',*,*,#3149,.T.);
#2123=ORIENTED_EDGE('',*,*,#3150,.F.);
#2124=ORIENTED_EDGE('',*,*,#3151,.F.);
#2125=ORIENTED_EDGE('',*,*,#3152,.F.);
#2126=CARTESIAN_POINT('',(-45.4972636381758,-75.4858546571136,-15.24));
#2127=DIRECTION('',(-1.22460635382238E-16,0.0,-1.0));
#2128=DIRECTION('',(-1.0,0.0,1.22460635382238E-16));
#2129=SURFACE_STYLE_FILL_AREA(#3153);
#2130=ORIENTED_EDGE('',*,*,#3154,.F.);
#2131=ORIENTED_EDGE('',*,*,#3155,.F.);
#2132=ORIENTED_EDGE('',*,*,#3156,.F.);
#2133=ORIENTED_EDGE('',*,*,#3150,.T.);
#2134=CARTESIAN_POINT('',(-10.489204187422,0.710795812577899,-15.24));
#2135=DIRECTION('',(1.22460635382238E-16,0.0,1.0));
#2136=DIRECTION('',(-1.0,0.0,1.22460635382238E-16));
#2137=SURFACE_STYLE_FILL_AREA(#3157);
#2138=ORIENTED_EDGE('',*,*,#3156,.T.);
#2139=ORIENTED_EDGE('',*,*,#3158,.F.);
#2140=ORIENTED_EDGE('',*,*,#3159,.F.);
#2141=ORIENTED_EDGE('',*,*,#3151,.T.);
#2142=CARTESIAN_POINT('',(-7.91079581257801,0.5,-15.24));
#2143=DIRECTION('',(0.0,-1.0,0.0));
#2144=DIRECTION('',(0.0,0.0,-1.0));
#2145=SURFACE_STYLE_FILL_AREA(#3160);
#2146=ORIENTED_EDGE('',*,*,#3161,.F.);
#2147=ORIENTED_EDGE('',*,*,#3162,.T.);
#2148=ORIENTED_EDGE('',*,*,#3154,.T.);
#2149=ORIENTED_EDGE('',*,*,#3149,.F.);
#2150=CARTESIAN_POINT('',(-10.7,0.710795812577899,-15.24));
#2151=DIRECTION('',(-1.0,0.0,1.22460635382238E-16));
#2152=DIRECTION('',(0.0,1.0,0.0));
#2153=SURFACE_STYLE_FILL_AREA(#3163);
#2154=ORIENTED_EDGE('',*,*,#3164,.T.);
#2155=ORIENTED_EDGE('',*,*,#3165,.F.);
#2156=ORIENTED_EDGE('',*,*,#3161,.T.);
#2157=ORIENTED_EDGE('',*,*,#3148,.T.);
#2158=CARTESIAN_POINT('',(-10.489204187422,3.28920418742207,-15.24));
#2159=DIRECTION('',(1.22460635382238E-16,0.0,1.0));
#2160=DIRECTION('',(-1.0,0.0,1.22460635382238E-16));
#2161=SURFACE_STYLE_FILL_AREA(#3166);
#2162=ORIENTED_EDGE('',*,*,#3167,.T.);
#2163=ORIENTED_EDGE('',*,*,#3168,.F.);
#2164=ORIENTED_EDGE('',*,*,#3164,.F.);
#2165=ORIENTED_EDGE('',*,*,#3147,.T.);
#2166=CARTESIAN_POINT('',(-10.489204187422,3.5,-15.24));
#2167=DIRECTION('',(-0.0,1.0,0.0));
#2168=DIRECTION('',(1.0,0.0,0.0));
#2169=SURFACE_STYLE_FILL_AREA(#3169);
#2170=ORIENTED_EDGE('',*,*,#3170,.F.);
#2171=ORIENTED_EDGE('',*,*,#3171,.F.);
#2172=ORIENTED_EDGE('',*,*,#3167,.F.);
#2173=ORIENTED_EDGE('',*,*,#3146,.T.);
#2174=CARTESIAN_POINT('',(-7.91079581257801,3.28920418742207,-15.24));
#2175=DIRECTION('',(1.22460635382238E-16,0.0,1.0));
#2176=DIRECTION('',(-1.0,0.0,1.22460635382238E-16));
#2177=SURFACE_STYLE_FILL_AREA(#3172);
#2178=ORIENTED_EDGE('',*,*,#3159,.T.);
#2179=ORIENTED_EDGE('',*,*,#3173,.F.);
#2180=ORIENTED_EDGE('',*,*,#3174,.T.);
#2181=ORIENTED_EDGE('',*,*,#3152,.T.);
#2182=CARTESIAN_POINT('',(-7.91079581257801,0.710795812577899,-15.24));
#2183=DIRECTION('',(1.22460635382238E-16,0.0,1.0));
#2184=DIRECTION('',(-1.0,0.0,1.22460635382238E-16));
#2185=SURFACE_STYLE_FILL_AREA(#3175);
#2186=ORIENTED_EDGE('',*,*,#3155,.T.);
#2187=ORIENTED_EDGE('',*,*,#3162,.F.);
#2188=ORIENTED_EDGE('',*,*,#3165,.T.);
#2189=ORIENTED_EDGE('',*,*,#3168,.T.);
#2190=ORIENTED_EDGE('',*,*,#3171,.T.);
#2191=ORIENTED_EDGE('',*,*,#3176,.F.);
#2192=ORIENTED_EDGE('',*,*,#3173,.T.);
#2193=ORIENTED_EDGE('',*,*,#3158,.T.);
#2194=ORIENTED_EDGE('',*,*,#3177,.T.);
#2195=ORIENTED_EDGE('',*,*,#3178,.F.);
#2196=ORIENTED_EDGE('',*,*,#3179,.T.);
#2197=ORIENTED_EDGE('',*,*,#3180,.F.);
#2198=ORIENTED_EDGE('',*,*,#3181,.T.);
#2199=ORIENTED_EDGE('',*,*,#3182,.F.);
#2200=ORIENTED_EDGE('',*,*,#3183,.F.);
#2201=ORIENTED_EDGE('',*,*,#3184,.F.);
#2202=ORIENTED_EDGE('',*,*,#3185,.F.);
#2203=ORIENTED_EDGE('',*,*,#3186,.T.);
#2204=ORIENTED_EDGE('',*,*,#3187,.F.);
#2205=ORIENTED_EDGE('',*,*,#3188,.T.);
#2206=ORIENTED_EDGE('',*,*,#3189,.T.);
#2207=ORIENTED_EDGE('',*,*,#3190,.F.);
#2208=ORIENTED_EDGE('',*,*,#3191,.T.);
#2209=ORIENTED_EDGE('',*,*,#3192,.T.);
#2210=ORIENTED_EDGE('',*,*,#3193,.F.);
#2211=ORIENTED_EDGE('',*,*,#3194,.T.);
#2212=ORIENTED_EDGE('',*,*,#3195,.F.);
#2213=ORIENTED_EDGE('',*,*,#3196,.T.);
#2214=ORIENTED_EDGE('',*,*,#3197,.F.);
#2215=ORIENTED_EDGE('',*,*,#3198,.T.);
#2216=ORIENTED_EDGE('',*,*,#3199,.F.);
#2217=ORIENTED_EDGE('',*,*,#3200,.T.);
#2218=ORIENTED_EDGE('',*,*,#3201,.F.);
#2219=ORIENTED_EDGE('',*,*,#3202,.F.);
#2220=ORIENTED_EDGE('',*,*,#3203,.F.);
#2221=CARTESIAN_POINT('',(-7.64293863577389,3.0820140584473,-15.14));
#2222=DIRECTION('',(-1.22460635382238E-16,0.0,-1.0));
#2223=DIRECTION('',(-1.0,0.0,1.22460635382238E-16));
#2224=SURFACE_STYLE_FILL_AREA(#3204);
#2225=ORIENTED_EDGE('',*,*,#3205,.T.);
#2226=ORIENTED_EDGE('',*,*,#3177,.F.);
#2227=ORIENTED_EDGE('',*,*,#3206,.T.);
#2228=ORIENTED_EDGE('',*,*,#3207,.T.);
#2229=CARTESIAN_POINT('',(-9.14484371290539,2.22380789977419,-15.24));
#2230=DIRECTION('',(1.22460635382238E-16,0.0,1.0));
#2231=DIRECTION('',(-1.0,0.0,1.22460635382238E-16));
#2232=SURFACE_STYLE_FILL_AREA(#3208);
#2233=ORIENTED_EDGE('',*,*,#3209,.F.);
#2234=ORIENTED_EDGE('',*,*,#3179,.F.);
#2235=ORIENTED_EDGE('',*,*,#3210,.T.);
#2236=ORIENTED_EDGE('',*,*,#3211,.T.);
#2237=CARTESIAN_POINT('',(-9.255156287095,2.7769456634131,-15.24));
#2238=DIRECTION('',(-1.0,0.0,1.22460635382238E-16));
#2239=DIRECTION('',(0.0,1.0,0.0));
#2240=SURFACE_STYLE_FILL_AREA(#3212);
#2241=ORIENTED_EDGE('',*,*,#3213,.T.);
#2242=ORIENTED_EDGE('',*,*,#3214,.T.);
#2243=ORIENTED_EDGE('',*,*,#3211,.F.);
#2244=ORIENTED_EDGE('',*,*,#3215,.T.);
#2245=ORIENTED_EDGE('',*,*,#3207,.F.);
#2246=ORIENTED_EDGE('',*,*,#3216,.F.);
#2247=ORIENTED_EDGE('',*,*,#3217,.T.);
#2248=ORIENTED_EDGE('',*,*,#3218,.F.);
#2249=ORIENTED_EDGE('',*,*,#3219,.T.);
#2250=ORIENTED_EDGE('',*,*,#3220,.T.);
#2251=ORIENTED_EDGE('',*,*,#3221,.T.);
#2252=ORIENTED_EDGE('',*,*,#3222,.T.);
#2253=CARTESIAN_POINT('',(-45.4972636381758,-75.4858546571136,-15.24));
#2254=DIRECTION('',(-1.22460635382238E-16,0.0,-1.0));
#2255=DIRECTION('',(-1.0,0.0,1.22460635382238E-16));
#2256=SURFACE_STYLE_FILL_AREA(#3223);
#2257=ORIENTED_EDGE('',*,*,#3224,.T.);
#2258=ORIENTED_EDGE('',*,*,#3180,.T.);
#2259=ORIENTED_EDGE('',*,*,#3209,.T.);
#2260=ORIENTED_EDGE('',*,*,#3214,.F.);
#2261=CARTESIAN_POINT('',(-9.41325314652858,3.01689461438592,-15.24));
#2262=DIRECTION('',(1.22460635382238E-16,0.0,1.0));
#2263=DIRECTION('',(-1.0,0.0,1.22460635382238E-16));
#2264=SURFACE_STYLE_FILL_AREA(#3225);
#2265=ORIENTED_EDGE('',*,*,#3226,.T.);
#2266=ORIENTED_EDGE('',*,*,#3181,.F.);
#2267=ORIENTED_EDGE('',*,*,#3224,.F.);
#2268=ORIENTED_EDGE('',*,*,#3213,.F.);
#2269=CARTESIAN_POINT('',(-9.41325314652858,3.17499147381936,-15.24));
#2270=DIRECTION('',(0.0,-1.0,0.0));
#2271=DIRECTION('',(0.0,0.0,-1.0));
#2272=SURFACE_STYLE_FILL_AREA(#3227);
#2273=ORIENTED_EDGE('',*,*,#3228,.F.);
#2274=ORIENTED_EDGE('',*,*,#3185,.T.);
#2275=ORIENTED_EDGE('',*,*,#3229,.F.);
#2276=ORIENTED_EDGE('',*,*,#3219,.F.);
#2277=CARTESIAN_POINT('',(-9.41325314652858,1.43072118516243,-15.24));
#2278=DIRECTION('',(1.22460635382238E-16,0.0,1.0));
#2279=DIRECTION('',(-1.0,0.0,1.22460635382238E-16));
#2280=SURFACE_STYLE_FILL_AREA(#3230);
#2281=ORIENTED_EDGE('',*,*,#3229,.T.);
#2282=ORIENTED_EDGE('',*,*,#3184,.T.);
#2283=ORIENTED_EDGE('',*,*,#3231,.F.);
#2284=ORIENTED_EDGE('',*,*,#3220,.F.);
#2285=CARTESIAN_POINT('',(-9.42590479634261,1.27262432572897,-15.24));
#2286=DIRECTION('',(-0.0,1.0,0.0));
#2287=DIRECTION('',(1.0,0.0,0.0));
#2288=SURFACE_STYLE_FILL_AREA(#3232);
#2289=ORIENTED_EDGE('',*,*,#3231,.T.);
#2290=ORIENTED_EDGE('',*,*,#3183,.T.);
#2291=ORIENTED_EDGE('',*,*,#3233,.T.);
#2292=ORIENTED_EDGE('',*,*,#3221,.F.);
#2293=CARTESIAN_POINT('',(-9.42590479634261,2.22380789977419,-15.24));
#2294=DIRECTION('',(1.22460635382238E-16,0.0,1.0));
#2295=DIRECTION('',(-1.0,0.0,1.22460635382238E-16));
#2296=SURFACE_STYLE_FILL_AREA(#3234);
#2297=ORIENTED_EDGE('',*,*,#3210,.F.);
#2298=ORIENTED_EDGE('',*,*,#3178,.T.);
#2299=ORIENTED_EDGE('',*,*,#3205,.F.);
#2300=ORIENTED_EDGE('',*,*,#3215,.F.);
#2301=CARTESIAN_POINT('',(-9.41325314652858,2.7769456634131,-15.24));
#2302=DIRECTION('',(1.22460635382238E-16,0.0,1.0));
#2303=DIRECTION('',(-1.0,0.0,1.22460635382238E-16));
#2304=SURFACE_STYLE_FILL_AREA(#3235);
#2305=ORIENTED_EDGE('',*,*,#3236,.T.);
#2306=ORIENTED_EDGE('',*,*,#3187,.T.);
#2307=ORIENTED_EDGE('',*,*,#3237,.T.);
#2308=ORIENTED_EDGE('',*,*,#3217,.F.);
#2309=CARTESIAN_POINT('',(-9.41325314652858,1.67067013613534,-15.24));
#2310=DIRECTION('',(1.22460635382238E-16,0.0,1.0));
#2311=DIRECTION('',(-1.0,0.0,1.22460635382238E-16));
#2312=SURFACE_STYLE_FILL_AREA(#3238);
#2313=ORIENTED_EDGE('',*,*,#3237,.F.);
#2314=ORIENTED_EDGE('',*,*,#3186,.F.);
#2315=ORIENTED_EDGE('',*,*,#3228,.T.);
#2316=ORIENTED_EDGE('',*,*,#3218,.T.);
#2317=CARTESIAN_POINT('',(-9.25515628709521,1.43072118516248,-15.24));
#2318=DIRECTION('',(-1.0,0.0,1.22460635382238E-16));
#2319=DIRECTION('',(0.0,1.0,0.0));
#2320=SURFACE_STYLE_FILL_AREA(#3239);
#2321=ORIENTED_EDGE('',*,*,#3240,.F.);
#2322=ORIENTED_EDGE('',*,*,#3201,.T.);
#2323=ORIENTED_EDGE('',*,*,#3241,.F.);
#2324=ORIENTED_EDGE('',*,*,#3242,.F.);
#2325=CARTESIAN_POINT('',(-8.87643427928229,3.01689461438592,-15.24));
#2326=DIRECTION('',(1.22460635382238E-16,0.0,1.0));
#2327=DIRECTION('',(-1.0,0.0,1.22460635382238E-16));
#2328=SURFACE_STYLE_FILL_AREA(#3243);
#2329=ORIENTED_EDGE('',*,*,#3244,.F.);
#2330=ORIENTED_EDGE('',*,*,#3189,.F.);
#2331=ORIENTED_EDGE('',*,*,#3240,.T.);
#2332=ORIENTED_EDGE('',*,*,#3245,.T.);
#2333=CARTESIAN_POINT('',(-9.03453113871591,3.01689461438585,-15.24));
#2334=DIRECTION('',(1.0,0.0,-1.22460635382238E-16));
#2335=DIRECTION('',(-1.22460635382238E-16,0.0,-1.0));
#2336=SURFACE_STYLE_FILL_AREA(#3246);
#2337=ORIENTED_EDGE('',*,*,#3247,.F.);
#2338=ORIENTED_EDGE('',*,*,#3193,.T.);
#2339=ORIENTED_EDGE('',*,*,#3248,.F.);
#2340=ORIENTED_EDGE('',*,*,#3249,.F.);
#2341=CARTESIAN_POINT('',(-8.87643427928229,1.67067013613534,-15.24));
#2342=DIRECTION('',(1.22460635382238E-16,0.0,1.0));
#2343=DIRECTION('',(-1.0,0.0,1.22460635382238E-16));
#2344=SURFACE_STYLE_FILL_AREA(#3250);
#2345=ORIENTED_EDGE('',*,*,#3251,.F.);
#2346=ORIENTED_EDGE('',*,*,#3252,.T.);
#2347=ORIENTED_EDGE('',*,*,#3253,.T.);
#2348=ORIENTED_EDGE('',*,*,#3254,.T.);
#2349=ORIENTED_EDGE('',*,*,#3255,.F.);
#2350=ORIENTED_EDGE('',*,*,#3249,.T.);
#2351=ORIENTED_EDGE('',*,*,#3256,.F.);
#2352=ORIENTED_EDGE('',*,*,#3257,.F.);
#2353=ORIENTED_EDGE('',*,*,#3258,.T.);
#2354=ORIENTED_EDGE('',*,*,#3245,.F.);
#2355=ORIENTED_EDGE('',*,*,#3242,.T.);
#2356=ORIENTED_EDGE('',*,*,#3259,.T.);
#2357=ORIENTED_EDGE('',*,*,#3260,.T.);
#2358=CARTESIAN_POINT('',(-45.4972636381758,-75.4858546571136,-15.24));
#2359=DIRECTION('',(-1.22460635382238E-16,0.0,-1.0));
#2360=DIRECTION('',(-1.0,0.0,1.22460635382238E-16));
#2361=SURFACE_STYLE_FILL_AREA(#3261);
#2362=ORIENTED_EDGE('',*,*,#3248,.T.);
#2363=ORIENTED_EDGE('',*,*,#3192,.F.);
#2364=ORIENTED_EDGE('',*,*,#3262,.T.);
#2365=ORIENTED_EDGE('',*,*,#3256,.T.);
#2366=CARTESIAN_POINT('',(-9.14484371290539,2.22380789977419,-15.24));
#2367=DIRECTION('',(1.22460635382238E-16,0.0,1.0));
#2368=DIRECTION('',(-1.0,0.0,1.22460635382238E-16));
#2369=SURFACE_STYLE_FILL_AREA(#3263);
#2370=ORIENTED_EDGE('',*,*,#3264,.T.);
#2371=ORIENTED_EDGE('',*,*,#3190,.T.);
#2372=ORIENTED_EDGE('',*,*,#3244,.T.);
#2373=ORIENTED_EDGE('',*,*,#3258,.F.);
#2374=CARTESIAN_POINT('',(-8.87643427928229,2.7769456634131,-15.24));
#2375=DIRECTION('',(1.22460635382238E-16,0.0,1.0));
#2376=DIRECTION('',(-1.0,0.0,1.22460635382238E-16));
#2377=SURFACE_STYLE_FILL_AREA(#3265);
#2378=ORIENTED_EDGE('',*,*,#3241,.T.);
#2379=ORIENTED_EDGE('',*,*,#3200,.F.);
#2380=ORIENTED_EDGE('',*,*,#3266,.F.);
#2381=ORIENTED_EDGE('',*,*,#3259,.F.);
#2382=CARTESIAN_POINT('',(-8.19981483044118,3.17499147381938,-15.24));
#2383=DIRECTION('',(2.88787519585346E-14,-1.0,-3.53651031388819E-30));
#2384=DIRECTION('',(0.0,3.53651031388819E-30,-1.0));
#2385=SURFACE_STYLE_FILL_AREA(#3267);
#2386=ORIENTED_EDGE('',*,*,#3268,.F.);
#2387=ORIENTED_EDGE('',*,*,#3198,.F.);
#2388=ORIENTED_EDGE('',*,*,#3269,.T.);
#2389=ORIENTED_EDGE('',*,*,#3251,.T.);
#2390=CARTESIAN_POINT('',(-8.04171797100769,0.983105385621869,-15.24));
#2391=DIRECTION('',(-1.0,0.0,1.22460635382238E-16));
#2392=DIRECTION('',(0.0,1.0,0.0));
#2393=SURFACE_STYLE_FILL_AREA(#3270);
#2394=ORIENTED_EDGE('',*,*,#3269,.F.);
#2395=ORIENTED_EDGE('',*,*,#3197,.T.);
#2396=ORIENTED_EDGE('',*,*,#3271,.F.);
#2397=ORIENTED_EDGE('',*,*,#3252,.F.);
#2398=CARTESIAN_POINT('',(-8.19981483044118,0.983105385621869,-15.24));
#2399=DIRECTION('',(1.22460635382238E-16,0.0,1.0));
#2400=DIRECTION('',(-1.0,0.0,1.22460635382238E-16));
#2401=SURFACE_STYLE_FILL_AREA(#3272);
#2402=ORIENTED_EDGE('',*,*,#3271,.T.);
#2403=ORIENTED_EDGE('',*,*,#3196,.F.);
#2404=ORIENTED_EDGE('',*,*,#3273,.F.);
#2405=ORIENTED_EDGE('',*,*,#3253,.F.);
#2406=CARTESIAN_POINT('',(-8.87643427928229,0.825008526188427,-15.24));
#2407=DIRECTION('',(-0.0,1.0,0.0));
#2408=DIRECTION('',(1.0,0.0,0.0));
#2409=SURFACE_STYLE_FILL_AREA(#3274);
#2410=ORIENTED_EDGE('',*,*,#3273,.T.);
#2411=ORIENTED_EDGE('',*,*,#3195,.T.);
#2412=ORIENTED_EDGE('',*,*,#3275,.T.);
#2413=ORIENTED_EDGE('',*,*,#3254,.F.);
#2414=CARTESIAN_POINT('',(-8.87643427928229,0.983105385621869,-15.24));
#2415=DIRECTION('',(1.22460635382238E-16,0.0,1.0));
#2416=DIRECTION('',(-1.0,0.0,1.22460635382238E-16));
#2417=SURFACE_STYLE_FILL_AREA(#3276);
#2418=ORIENTED_EDGE('',*,*,#3266,.T.);
#2419=ORIENTED_EDGE('',*,*,#3199,.T.);
#2420=ORIENTED_EDGE('',*,*,#3268,.T.);
#2421=ORIENTED_EDGE('',*,*,#3260,.F.);
#2422=CARTESIAN_POINT('',(-8.19981483044118,3.01689461438592,-15.24));
#2423=DIRECTION('',(1.22460635382238E-16,0.0,1.0));
#2424=DIRECTION('',(-1.0,0.0,1.22460635382238E-16));
#2425=SURFACE_STYLE_FILL_AREA(#3277);
#2426=ORIENTED_EDGE('',*,*,#3275,.F.);
#2427=ORIENTED_EDGE('',*,*,#3194,.F.);
#2428=ORIENTED_EDGE('',*,*,#3247,.T.);
#2429=ORIENTED_EDGE('',*,*,#3255,.T.);
#2430=CARTESIAN_POINT('',(-9.03453113871559,1.67067013613534,-15.24));
#2431=DIRECTION('',(1.0,0.0,-1.22460635382238E-16));
#2432=DIRECTION('',(-1.22460635382238E-16,0.0,-1.0));
#2433=SURFACE_STYLE_FILL_AREA(#3278);
#2434=ORIENTED_EDGE('',*,*,#3279,.F.);
#2435=ORIENTED_EDGE('',*,*,#3280,.F.);
#2436=ORIENTED_EDGE('',*,*,#3202,.T.);
#2437=ORIENTED_EDGE('',*,*,#3281,.T.);
#2438=CARTESIAN_POINT('',(-9.14484371290539,2.22380789977419,-15.24));
#2439=DIRECTION('',(1.22460635382238E-16,0.0,1.0));
#2440=DIRECTION('',(-1.0,0.0,1.22460635382238E-16));
#2441=SURFACE_STYLE_FILL_AREA(#3282);
#2442=ORIENTED_EDGE('',*,*,#3279,.T.);
#2443=ORIENTED_EDGE('',*,*,#3283,.T.);
#2444=CARTESIAN_POINT('',(-45.4972636381758,-75.4858546571136,-15.24));
#2445=DIRECTION('',(-1.22460635382238E-16,0.0,-1.0));
#2446=DIRECTION('',(-1.0,0.0,1.22460635382238E-16));
#2447=SURFACE_STYLE_FILL_AREA(#3284);
#2448=ORIENTED_EDGE('',*,*,#3174,.F.);
#2449=ORIENTED_EDGE('',*,*,#3176,.T.);
#2450=ORIENTED_EDGE('',*,*,#3170,.T.);
#2451=ORIENTED_EDGE('',*,*,#3145,.F.);
#2452=CARTESIAN_POINT('',(-7.70000000000001,3.28920418742207,-15.24));
#2453=DIRECTION('',(1.0,0.0,-1.22460635382238E-16));
#2454=DIRECTION('',(-1.22460635382238E-16,0.0,-1.0));
#2455=SURFACE_STYLE_FILL_AREA(#3285);
#2456=ORIENTED_EDGE('',*,*,#3286,.T.);
#2457=ORIENTED_EDGE('',*,*,#3140,.F.);
#2458=ORIENTED_EDGE('',*,*,#3049,.F.);
#2459=ORIENTED_EDGE('',*,*,#2933,.T.);
#2460=CARTESIAN_POINT('',(-0.29999999999999,11.5,-11.35));
#2461=DIRECTION('',(1.22460635382238E-16,0.0,1.0));
#2462=DIRECTION('',(-1.0,0.0,1.22460635382238E-16));
#2463=SURFACE_STYLE_FILL_AREA(#3287);
#2464=ORIENTED_EDGE('',*,*,#3077,.T.);
#2465=ORIENTED_EDGE('',*,*,#3141,.T.);
#2466=ORIENTED_EDGE('',*,*,#3286,.F.);
#2467=ORIENTED_EDGE('',*,*,#2932,.T.);
#2468=ORIENTED_EDGE('',*,*,#3288,.T.);
#2469=ORIENTED_EDGE('',*,*,#3289,.T.);
#2470=ORIENTED_EDGE('',*,*,#3290,.F.);
#2471=ORIENTED_EDGE('',*,*,#3291,.T.);
#2472=ORIENTED_EDGE('',*,*,#3029,.T.);
#2473=ORIENTED_EDGE('',*,*,#2959,.T.);
#2474=ORIENTED_EDGE('',*,*,#2947,.F.);
#2475=ORIENTED_EDGE('',*,*,#2890,.T.);
#2476=CARTESIAN_POINT('',(0.0,11.5,-11.43));
#2477=DIRECTION('',(1.0,0.0,-1.22460635382238E-16));
#2478=DIRECTION('',(-1.22460635382238E-16,0.0,-1.0));
#2479=SURFACE_STYLE_FILL_AREA(#3292);
#2480=ORIENTED_EDGE('',*,*,#3293,.T.);
#2481=ORIENTED_EDGE('',*,*,#3294,.F.);
#2482=ORIENTED_EDGE('',*,*,#3288,.F.);
#2483=ORIENTED_EDGE('',*,*,#3295,.F.);
#2484=CARTESIAN_POINT('',(0.0,8.8,-11.43));
#2485=DIRECTION('',(-0.0,1.0,0.0));
#2486=DIRECTION('',(1.0,0.0,0.0));
#2487=SURFACE_STYLE_FILL_AREA(#3296);
#2488=ORIENTED_EDGE('',*,*,#3289,.F.);
#2489=ORIENTED_EDGE('',*,*,#3294,.T.);
#2490=ORIENTED_EDGE('',*,*,#3297,.F.);
#2491=ORIENTED_EDGE('',*,*,#3298,.F.);
#2492=ORIENTED_EDGE('',*,*,#3299,.F.);
#2493=CARTESIAN_POINT('',(-0.8928203230275,3.3,-13.43));
#2494=DIRECTION('',(-1.22460635382238E-16,0.0,-1.0));
#2495=DIRECTION('',(-1.0,0.0,1.22460635382238E-16));
#2496=SURFACE_STYLE_FILL_AREA(#3300);
#2497=ORIENTED_EDGE('',*,*,#3293,.F.);
#2498=ORIENTED_EDGE('',*,*,#3301,.T.);
#2499=ORIENTED_EDGE('',*,*,#3302,.F.);
#2500=ORIENTED_EDGE('',*,*,#3303,.T.);
#2501=ORIENTED_EDGE('',*,*,#3304,.T.);
#2502=ORIENTED_EDGE('',*,*,#3305,.T.);
#2503=ORIENTED_EDGE('',*,*,#3306,.F.);
#2504=ORIENTED_EDGE('',*,*,#3297,.T.);
#2505=CARTESIAN_POINT('',(-0.599999999999994,8.8,-11.43));
#2506=DIRECTION('',(-0.447213595499955,0.894427190999918,5.47660610564995E-17));
#2507=DIRECTION('',(1.22460635382238E-16,0.0,1.0));
#2508=SURFACE_STYLE_FILL_AREA(#3307);
#2509=ORIENTED_EDGE('',*,*,#3308,.T.);
#2510=ORIENTED_EDGE('',*,*,#3305,.F.);
#2511=ORIENTED_EDGE('',*,*,#3309,.F.);
#2512=ORIENTED_EDGE('',*,*,#3310,.F.);
#2513=CARTESIAN_POINT('',(-2.20000000000001,3.3,-12.83));
#2514=DIRECTION('',(-0.49999999999999,0.0,-0.866025403784445));
#2515=DIRECTION('',(-0.866025403784445,0.0,0.49999999999999));
#2516=SURFACE_STYLE_FILL_AREA(#3311);
#2517=ORIENTED_EDGE('',*,*,#3312,.T.);
#2518=ORIENTED_EDGE('',*,*,#3313,.T.);
#2519=ORIENTED_EDGE('',*,*,#3309,.T.);
#2520=ORIENTED_EDGE('',*,*,#3314,.T.);
#2521=CARTESIAN_POINT('',(-45.4972636381758,-75.4858546571136,-12.83));
#2522=DIRECTION('',(-1.22460635382238E-16,0.0,-1.0));
#2523=DIRECTION('',(-1.0,0.0,1.22460635382238E-16));
#2524=SURFACE_STYLE_FILL_AREA(#3315);
#2525=ORIENTED_EDGE('',*,*,#3316,.T.);
#2526=ORIENTED_EDGE('',*,*,#3312,.F.);
#2527=ORIENTED_EDGE('',*,*,#3317,.T.);
#2528=ORIENTED_EDGE('',*,*,#3318,.F.);
#2529=CARTESIAN_POINT('',(-2.875,8.0,-11.43));
#2530=DIRECTION('',(-1.0,0.0,1.22460635382238E-16));
#2531=DIRECTION('',(0.0,1.0,0.0));
#2532=SURFACE_STYLE_FILL_AREA(#3319);
#2533=ORIENTED_EDGE('',*,*,#3304,.F.);
#2534=ORIENTED_EDGE('',*,*,#3320,.F.);
#2535=ORIENTED_EDGE('',*,*,#3317,.F.);
#2536=ORIENTED_EDGE('',*,*,#3314,.F.);
#2537=CARTESIAN_POINT('',(-2.875,8.0,-11.43));
#2538=DIRECTION('',(-0.0,1.0,0.0));
#2539=DIRECTION('',(1.0,0.0,0.0));
#2540=SURFACE_STYLE_FILL_AREA(#3321);
#2541=ORIENTED_EDGE('',*,*,#3322,.T.);
#2542=ORIENTED_EDGE('',*,*,#3303,.F.);
#2543=ORIENTED_EDGE('',*,*,#3323,.F.);
#2544=ORIENTED_EDGE('',*,*,#3324,.F.);
#2545=CARTESIAN_POINT('',(-1.3928203230276,3.3,-9.56397459621558));
#2546=DIRECTION('',(-0.500000000000002,0.0,0.866025403784438));
#2547=DIRECTION('',(0.0,1.0,0.0));
#2548=SURFACE_STYLE_FILL_AREA(#3325);
#2549=ORIENTED_EDGE('',*,*,#3323,.T.);
#2550=ORIENTED_EDGE('',*,*,#3302,.T.);
#2551=ORIENTED_EDGE('',*,*,#3326,.F.);
#2552=ORIENTED_EDGE('',*,*,#3327,.T.);
#2553=CARTESIAN_POINT('',(-0.8928203230276,3.3,-10.43));
#2554=DIRECTION('',(0.0,1.0,0.0));
#2555=DIRECTION('',(-1.0,0.0,1.22460635382238E-16));
#2556=SURFACE_STYLE_FILL_AREA(#3328);
#2557=ORIENTED_EDGE('',*,*,#3295,.T.);
#2558=ORIENTED_EDGE('',*,*,#3291,.F.);
#2559=ORIENTED_EDGE('',*,*,#3329,.F.);
#2560=ORIENTED_EDGE('',*,*,#3326,.T.);
#2561=ORIENTED_EDGE('',*,*,#3301,.F.);
#2562=CARTESIAN_POINT('',(0.0,8.0,-9.43000000000001));
#2563=DIRECTION('',(1.22460635382238E-16,0.0,1.0));
#2564=DIRECTION('',(1.0,0.0,-1.22460635382238E-16));
#2565=SURFACE_STYLE_FILL_AREA(#3330);
#2566=ORIENTED_EDGE('',*,*,#3298,.T.);
#2567=ORIENTED_EDGE('',*,*,#3306,.T.);
#2568=ORIENTED_EDGE('',*,*,#3308,.F.);
#2569=ORIENTED_EDGE('',*,*,#3331,.T.);
#2570=CARTESIAN_POINT('',(-0.8928203230275,3.3,-12.43));
#2571=DIRECTION('',(0.0,1.0,0.0));
#2572=DIRECTION('',(-1.0,0.0,1.22460635382238E-16));
#2573=SURFACE_STYLE_FILL_AREA(#3332);
#2574=ORIENTED_EDGE('',*,*,#3316,.F.);
#2575=ORIENTED_EDGE('',*,*,#3333,.F.);
#2576=ORIENTED_EDGE('',*,*,#3324,.T.);
#2577=ORIENTED_EDGE('',*,*,#3327,.F.);
#2578=ORIENTED_EDGE('',*,*,#3329,.T.);
#2579=ORIENTED_EDGE('',*,*,#3290,.T.);
#2580=ORIENTED_EDGE('',*,*,#3299,.T.);
#2581=ORIENTED_EDGE('',*,*,#3331,.F.);
#2582=ORIENTED_EDGE('',*,*,#3310,.T.);
#2583=ORIENTED_EDGE('',*,*,#3313,.F.);
#2584=CARTESIAN_POINT('',(-1.77914143116598,3.3,-11.5072457978334));
#2585=DIRECTION('',(-0.0,1.0,0.0));
#2586=DIRECTION('',(1.0,0.0,0.0));
#2587=SURFACE_STYLE_FILL_AREA(#3334);
#2588=ORIENTED_EDGE('',*,*,#3320,.T.);
#2589=ORIENTED_EDGE('',*,*,#3322,.F.);
#2590=ORIENTED_EDGE('',*,*,#3333,.T.);
#2591=ORIENTED_EDGE('',*,*,#3318,.T.);
#2592=CARTESIAN_POINT('',(-45.4972636381758,-75.4858546571136,-10.03));
#2593=DIRECTION('',(-1.22460635382238E-16,0.0,-1.0));
#2594=DIRECTION('',(-1.0,0.0,1.22460635382238E-16));
#2595=SURFACE_STYLE_FILL_AREA(#3335);
#2596=ORIENTED_EDGE('',*,*,#3054,.F.);
#2597=ORIENTED_EDGE('',*,*,#3144,.F.);
#2598=ORIENTED_EDGE('',*,*,#3336,.T.);
#2599=ORIENTED_EDGE('',*,*,#2923,.T.);
#2600=CARTESIAN_POINT('',(-9.2034920769492,9.8,-11.35));
#2601=DIRECTION('',(-0.999390827019095,0.0348994967025106,1.22386035671938E-16));
#2602=DIRECTION('',(1.22460635382238E-16,0.0,1.0));
#2603=SURFACE_STYLE_FILL_AREA(#3337);
#2604=ORIENTED_EDGE('',*,*,#3336,.F.);
#2605=ORIENTED_EDGE('',*,*,#3143,.T.);
#2606=ORIENTED_EDGE('',*,*,#3338,.T.);
#2607=ORIENTED_EDGE('',*,*,#2924,.T.);
#2608=CARTESIAN_POINT('',(-10.1333831289997,9.8,-11.35));
#2609=DIRECTION('',(-0.0,1.0,0.0));
#2610=DIRECTION('',(1.0,0.0,0.0));
#2611=SURFACE_STYLE_FILL_AREA(#3339);
#2612=ORIENTED_EDGE('',*,*,#3063,.F.);
#2613=ORIENTED_EDGE('',*,*,#2925,.T.);
#2614=ORIENTED_EDGE('',*,*,#3338,.F.);
#2615=ORIENTED_EDGE('',*,*,#3142,.F.);
#2616=CARTESIAN_POINT('',(-10.1333831289997,9.0,-11.35));
#2617=DIRECTION('',(1.22460635382238E-16,0.0,1.0));
#2618=DIRECTION('',(-1.0,0.0,1.22460635382238E-16));
#2619=SURFACE_STYLE_FILL_AREA(#3340);
#2620=ORIENTED_EDGE('',*,*,#3052,.F.);
#2621=ORIENTED_EDGE('',*,*,#2936,.T.);
#2622=ORIENTED_EDGE('',*,*,#3045,.F.);
#2623=ORIENTED_EDGE('',*,*,#3139,.F.);
#2624=ORIENTED_EDGE('',*,*,#3059,.T.);
#2625=ORIENTED_EDGE('',*,*,#3341,.T.);
#2626=ORIENTED_EDGE('',*,*,#2913,.T.);
#2627=ORIENTED_EDGE('',*,*,#3342,.T.);
#2628=ORIENTED_EDGE('',*,*,#2877,.F.);
#2629=ORIENTED_EDGE('',*,*,#3343,.F.);
#2630=CARTESIAN_POINT('',(-5.5,18.0,-11.35));
#2631=DIRECTION('',(-0.0,1.0,0.0));
#2632=DIRECTION('',(1.0,0.0,0.0));
#2633=SURFACE_STYLE_FILL_AREA(#3344);
#2634=ORIENTED_EDGE('',*,*,#3345,.F.);
#2635=ORIENTED_EDGE('',*,*,#3346,.F.);
#2636=ORIENTED_EDGE('',*,*,#2906,.T.);
#2637=ORIENTED_EDGE('',*,*,#3347,.F.);
#2638=CARTESIAN_POINT('',(-5.74748737341531,15.0886751345948,-11.1825126265847));
#2639=DIRECTION('',(0.707106781186547,0.0,-0.707106781186548));
#2640=DIRECTION('',(0.0,-1.0,0.0));
#2641=SURFACE_STYLE_FILL_AREA(#3348);
#2642=ORIENTED_EDGE('',*,*,#3345,.T.);
#2643=ORIENTED_EDGE('',*,*,#3349,.F.);
#2644=ORIENTED_EDGE('',*,*,#2871,.T.);
#2645=ORIENTED_EDGE('',*,*,#2953,.F.);
#2646=CARTESIAN_POINT('',(-5.74748737341531,15.0886751345948,-11.1825126265847));
#2647=DIRECTION('',(0.707106781186547,0.0,-0.707106781186548));
#2648=DIRECTION('',(0.0,-1.0,0.0));
#2649=SURFACE_STYLE_FILL_AREA(#3350);
#2650=ORIENTED_EDGE('',*,*,#2965,.T.);
#2651=ORIENTED_EDGE('',*,*,#3351,.T.);
#2652=ORIENTED_EDGE('',*,*,#3352,.F.);
#2653=ORIENTED_EDGE('',*,*,#3353,.F.);
#2654=CARTESIAN_POINT('',(-5.25251262658472,16.0886751345948,-4.05748737341528));
#2655=DIRECTION('',(-0.707106781186547,0.0,0.707106781186548));
#2656=DIRECTION('',(0.0,1.0,0.0));
#2657=SURFACE_STYLE_FILL_AREA(#3354);
#2658=ORIENTED_EDGE('',*,*,#3352,.T.);
#2659=ORIENTED_EDGE('',*,*,#3035,.T.);
#2660=ORIENTED_EDGE('',*,*,#3355,.T.);
#2661=ORIENTED_EDGE('',*,*,#2920,.F.);
#2662=CARTESIAN_POINT('',(-5.25251262658472,16.0886751345948,-4.05748737341528));
#2663=DIRECTION('',(-0.707106781186547,0.0,0.707106781186548));
#2664=DIRECTION('',(0.0,1.0,0.0));
#2665=SURFACE_STYLE_FILL_AREA(#3356);
#2666=ORIENTED_EDGE('',*,*,#3021,.F.);
#2667=ORIENTED_EDGE('',*,*,#3357,.F.);
#2668=ORIENTED_EDGE('',*,*,#3358,.T.);
#2669=ORIENTED_EDGE('',*,*,#3359,.T.);
#2670=CARTESIAN_POINT('',(-5.25251262658472,16.0886751345948,-11.6774873734153));
#2671=DIRECTION('',(-0.707106781186547,0.0,0.707106781186548));
#2672=DIRECTION('',(0.0,1.0,0.0));
#2673=SURFACE_STYLE_FILL_AREA(#3360);
#2674=ORIENTED_EDGE('',*,*,#3358,.F.);
#2675=ORIENTED_EDGE('',*,*,#3025,.F.);
#2676=ORIENTED_EDGE('',*,*,#2873,.F.);
#2677=ORIENTED_EDGE('',*,*,#3361,.T.);
#2678=CARTESIAN_POINT('',(-5.25251262658472,16.0886751345948,-11.6774873734153));
#2679=DIRECTION('',(-0.707106781186547,0.0,0.707106781186548));
#2680=DIRECTION('',(0.0,1.0,0.0));
#2681=SURFACE_STYLE_FILL_AREA(#3362);
#2682=ORIENTED_EDGE('',*,*,#2943,.F.);
#2683=ORIENTED_EDGE('',*,*,#3363,.T.);
#2684=CARTESIAN_POINT('',(-4.83125891595279,16.0886751345948,-4.4787410840472));
#2685=DIRECTION('',(-0.0,1.0,0.0));
#2686=DIRECTION('',(1.0,0.0,0.0));
#2687=SURFACE_STYLE_FILL_AREA(#3364);
#2688=ORIENTED_EDGE('',*,*,#2952,.F.);
#2689=ORIENTED_EDGE('',*,*,#3346,.T.);
#2690=CARTESIAN_POINT('',(-4.83125891595279,16.0886751345948,-12.0987410840472));
#2691=DIRECTION('',(-0.0,1.0,0.0));
#2692=DIRECTION('',(1.0,0.0,0.0));
#2693=SURFACE_STYLE_FILL_AREA(#3365);
#2694=ORIENTED_EDGE('',*,*,#3366,.F.);
#2695=ORIENTED_EDGE('',*,*,#3363,.F.);
#2696=ORIENTED_EDGE('',*,*,#3056,.T.);
#2697=ORIENTED_EDGE('',*,*,#3367,.F.);
#2698=CARTESIAN_POINT('',(-5.74748737341531,15.0886751345948,-3.56251262658468));
#2699=DIRECTION('',(0.707106781186547,0.0,-0.707106781186548));
#2700=DIRECTION('',(0.0,-1.0,0.0));
#2701=SURFACE_STYLE_FILL_AREA(#3368);
#2702=ORIENTED_EDGE('',*,*,#3366,.T.);
#2703=ORIENTED_EDGE('',*,*,#3369,.F.);
#2704=ORIENTED_EDGE('',*,*,#3042,.T.);
#2705=ORIENTED_EDGE('',*,*,#2939,.F.);
#2706=CARTESIAN_POINT('',(-5.74748737341531,15.0886751345948,-3.56251262658468));
#2707=DIRECTION('',(0.707106781186547,0.0,-0.707106781186548));
#2708=DIRECTION('',(0.0,-1.0,0.0));
#2709=SURFACE_STYLE_FILL_AREA(#3370);
#2710=ORIENTED_EDGE('',*,*,#3026,.F.);
#2711=ORIENTED_EDGE('',*,*,#3357,.T.);
#2712=CARTESIAN_POINT('',(-4.83125891595279,16.0886751345948,-12.0987410840472));
#2713=DIRECTION('',(-0.0,1.0,0.0));
#2714=DIRECTION('',(1.0,0.0,0.0));
#2715=SURFACE_STYLE_FILL_AREA(#3371);
#2716=ORIENTED_EDGE('',*,*,#3372,.F.);
#2717=ORIENTED_EDGE('',*,*,#3367,.T.);
#2718=ORIENTED_EDGE('',*,*,#3036,.F.);
#2719=ORIENTED_EDGE('',*,*,#3351,.F.);
#2720=CARTESIAN_POINT('',(-5.74748737341531,15.0886751345948,-3.56251262658468));
#2721=DIRECTION('',(-0.0,1.0,0.0));
#2722=DIRECTION('',(1.0,0.0,0.0));
#2723=SURFACE_STYLE_FILL_AREA(#3373);
#2724=ORIENTED_EDGE('',*,*,#3372,.T.);
#2725=ORIENTED_EDGE('',*,*,#2964,.F.);
#2726=ORIENTED_EDGE('',*,*,#3043,.T.);
#2727=ORIENTED_EDGE('',*,*,#3369,.T.);
#2728=CARTESIAN_POINT('',(-5.74748737341531,15.0886751345948,-3.56251262658468));
#2729=DIRECTION('',(-0.0,1.0,0.0));
#2730=DIRECTION('',(1.0,0.0,0.0));
#2731=SURFACE_STYLE_FILL_AREA(#3374);
#2732=ORIENTED_EDGE('',*,*,#3375,.F.);
#2733=ORIENTED_EDGE('',*,*,#3347,.T.);
#2734=ORIENTED_EDGE('',*,*,#2899,.F.);
#2735=ORIENTED_EDGE('',*,*,#3359,.F.);
#2736=CARTESIAN_POINT('',(-5.74748737341531,15.0886751345948,-11.1825126265847));
#2737=DIRECTION('',(-0.0,1.0,0.0));
#2738=DIRECTION('',(1.0,0.0,0.0));
#2739=SURFACE_STYLE_FILL_AREA(#3376);
#2740=ORIENTED_EDGE('',*,*,#3375,.T.);
#2741=ORIENTED_EDGE('',*,*,#3361,.F.);
#2742=ORIENTED_EDGE('',*,*,#2872,.T.);
#2743=ORIENTED_EDGE('',*,*,#3349,.T.);
#2744=CARTESIAN_POINT('',(-5.74748737341531,15.0886751345948,-11.1825126265847));
#2745=DIRECTION('',(-0.0,1.0,0.0));
#2746=DIRECTION('',(1.0,0.0,0.0));
#2747=SURFACE_STYLE_FILL_AREA(#3377);
#2748=ORIENTED_EDGE('',*,*,#2919,.F.);
#2749=ORIENTED_EDGE('',*,*,#3353,.T.);
#2750=CARTESIAN_POINT('',(-4.83125891595279,16.0886751345948,-4.4787410840472));
#2751=DIRECTION('',(-0.0,1.0,0.0));
#2752=DIRECTION('',(1.0,0.0,0.0));
#2753=SURFACE_STYLE_FILL_AREA(#3378);
#2754=ORIENTED_EDGE('',*,*,#2915,.T.);
#2755=ORIENTED_EDGE('',*,*,#2864,.F.);
#2756=ORIENTED_EDGE('',*,*,#2914,.F.);
#2757=ORIENTED_EDGE('',*,*,#3342,.F.);
#2758=CARTESIAN_POINT('',(-5.5,16.3943375672974,-3.81));
#2759=DIRECTION('',(0.0,1.0,0.0));
#2760=DIRECTION('',(1.0,0.0,-1.22460635382238E-16));
#2761=SURFACE_STYLE_FILL_AREA(#3379);
#2762=ORIENTED_EDGE('',*,*,#3262,.F.);
#2763=ORIENTED_EDGE('',*,*,#3191,.F.);
#2764=ORIENTED_EDGE('',*,*,#3264,.F.);
#2765=ORIENTED_EDGE('',*,*,#3257,.T.);
#2766=CARTESIAN_POINT('',(-9.14484371290539,2.22380789977419,-15.24));
#2767=DIRECTION('',(1.22460635382238E-16,0.0,1.0));
#2768=DIRECTION('',(-1.0,0.0,1.22460635382238E-16));
#2769=SURFACE_STYLE_FILL_AREA(#3380);
#2770=ORIENTED_EDGE('',*,*,#3281,.F.);
#2771=ORIENTED_EDGE('',*,*,#3203,.T.);
#2772=ORIENTED_EDGE('',*,*,#3280,.T.);
#2773=ORIENTED_EDGE('',*,*,#3283,.F.);
#2774=CARTESIAN_POINT('',(-9.14484371290539,2.22380789977419,-15.24));
#2775=DIRECTION('',(1.22460635382238E-16,0.0,1.0));
#2776=DIRECTION('',(-1.0,0.0,1.22460635382238E-16));
#2777=SURFACE_STYLE_FILL_AREA(#3381);
#2778=ORIENTED_EDGE('',*,*,#3082,.F.);
#2779=ORIENTED_EDGE('',*,*,#3079,.T.);
#2780=ORIENTED_EDGE('',*,*,#3084,.T.);
#2781=ORIENTED_EDGE('',*,*,#3086,.F.);
#2782=CARTESIAN_POINT('',(-5.5,0.0,-11.43));
#2783=DIRECTION('',(0.0,1.0,0.0));
#2784=DIRECTION('',(-1.0,0.0,1.22460635382238E-16));
#2785=SURFACE_STYLE_FILL_AREA(#3382);
#2786=ORIENTED_EDGE('',*,*,#3233,.F.);
#2787=ORIENTED_EDGE('',*,*,#3182,.T.);
#2788=ORIENTED_EDGE('',*,*,#3226,.F.);
#2789=ORIENTED_EDGE('',*,*,#3222,.F.);
#2790=CARTESIAN_POINT('',(-9.42590479634261,2.22380789977419,-15.24));
#2791=DIRECTION('',(1.22460635382238E-16,0.0,1.0));
#2792=DIRECTION('',(-1.0,0.0,1.22460635382238E-16));
#2793=SURFACE_STYLE_FILL_AREA(#3383);
#2794=ORIENTED_EDGE('',*,*,#3031,.F.);
#2795=ORIENTED_EDGE('',*,*,#3060,.F.);
#2796=ORIENTED_EDGE('',*,*,#3341,.F.);
#2797=ORIENTED_EDGE('',*,*,#3061,.T.);
#2798=CARTESIAN_POINT('',(-5.5,16.3943375672974,-11.43));
#2799=DIRECTION('',(0.0,1.0,0.0));
#2800=DIRECTION('',(1.0,0.0,-1.22460635382238E-16));
#2801=SURFACE_STYLE_FILL_AREA(#3384);
#2802=ORIENTED_EDGE('',*,*,#2875,.T.);
#2803=ORIENTED_EDGE('',*,*,#3024,.F.);
#2804=ORIENTED_EDGE('',*,*,#3019,.F.);
#2805=ORIENTED_EDGE('',*,*,#2897,.F.);
#2806=ORIENTED_EDGE('',*,*,#2905,.T.);
#2807=ORIENTED_EDGE('',*,*,#2951,.F.);
#2808=ORIENTED_EDGE('',*,*,#2869,.F.);
#2809=ORIENTED_EDGE('',*,*,#3033,.T.);
#2810=CARTESIAN_POINT('',(-5.5,14.6326181038845,-11.43));
#2811=DIRECTION('',(0.0,-1.0,0.0));
#2812=DIRECTION('',(1.0,0.0,-1.22460635382238E-16));
#2813=SURFACE_STYLE_FILL_AREA(#3385);
#2814=ORIENTED_EDGE('',*,*,#2865,.T.);
#2815=ORIENTED_EDGE('',*,*,#3040,.T.);
#2816=ORIENTED_EDGE('',*,*,#2921,.F.);
#2817=ORIENTED_EDGE('',*,*,#3355,.F.);
#2818=ORIENTED_EDGE('',*,*,#3038,.F.);
#2819=ORIENTED_EDGE('',*,*,#3057,.T.);
#2820=ORIENTED_EDGE('',*,*,#2941,.F.);
#2821=ORIENTED_EDGE('',*,*,#3041,.F.);
#2822=CARTESIAN_POINT('',(-5.5,14.6326181038845,-3.81));
#2823=DIRECTION('',(0.0,-1.0,0.0));
#2824=DIRECTION('',(1.0,0.0,-1.22460635382238E-16));
#2825=SURFACE_STYLE_FILL_AREA(#3386);
#2826=ORIENTED_EDGE('',*,*,#3012,.T.);
#2827=ORIENTED_EDGE('',*,*,#3009,.F.);
#2828=ORIENTED_EDGE('',*,*,#3014,.F.);
#2829=ORIENTED_EDGE('',*,*,#3080,.T.);
#2830=CARTESIAN_POINT('',(-5.5,0.0,-3.81));
#2831=DIRECTION('',(0.0,1.0,0.0));
#2832=DIRECTION('',(-1.0,0.0,1.22460635382238E-16));
#2833=SURFACE_STYLE_FILL_AREA(#3387);
#2834=ORIENTED_EDGE('',*,*,#3206,.F.);
#2835=ORIENTED_EDGE('',*,*,#3188,.F.);
#2836=ORIENTED_EDGE('',*,*,#3236,.F.);
#2837=ORIENTED_EDGE('',*,*,#3216,.T.);
#2838=CARTESIAN_POINT('',(-9.14484371290539,2.22380789977419,-15.24));
#2839=DIRECTION('',(1.22460635382238E-16,0.0,1.0));
#2840=DIRECTION('',(-1.0,0.0,1.22460635382238E-16));
#2841=SURFACE_STYLE_FILL_AREA(#3388);
#2842=ORIENTED_EDGE('',*,*,#2878,.F.);
#2843=ORIENTED_EDGE('',*,*,#3343,.T.);
#2844=CARTESIAN_POINT('',(-7.20000000000001,17.8,-7.62));
#2845=DIRECTION('',(1.0,0.0,0.0));
#2846=DIRECTION('',(0.0,1.0,0.0));
#2847=SURFACE_STYLE_FILL_AREA(#3389);
#2848=FILL_AREA_STYLE('',(#3390));
#2849=EDGE_CURVE('',#3391,#3392,#3393,.T.);
#2850=EDGE_CURVE('',#3394,#3392,#3395,.T.);
#2851=EDGE_CURVE('',#3396,#3394,#3397,.T.);
#2852=EDGE_CURVE('',#3398,#3396,#3399,.T.);
#2853=EDGE_CURVE('',#3400,#3398,#3401,.T.);
#2854=EDGE_CURVE('',#3400,#3402,#3403,.T.);
#2855=EDGE_CURVE('',#3402,#3404,#3405,.T.);
#2856=EDGE_CURVE('',#3404,#3391,#3406,.T.);
#2857=FILL_AREA_STYLE('',(#3407));
#2858=EDGE_CURVE('',#3408,#3409,#3410,.T.);
#2859=EDGE_CURVE('',#3409,#3411,#3412,.T.);
#2860=EDGE_CURVE('',#3411,#3413,#3414,.T.);
#2861=EDGE_CURVE('',#3413,#3408,#3415,.T.);
#2862=FILL_AREA_STYLE('',(#3416));
#2863=EDGE_CURVE('',#3417,#3418,#3419,.T.);
#2864=EDGE_CURVE('',#3418,#3417,#3420,.T.);
#2865=EDGE_CURVE('',#3421,#3422,#3423,.T.);
#2866=EDGE_CURVE('',#3422,#3421,#3424,.T.);
#2867=FILL_AREA_STYLE('',(#3425));
#2868=EDGE_CURVE('',#3426,#3427,#3428,.T.);
#2869=EDGE_CURVE('',#3427,#3429,#3430,.T.);
#2870=EDGE_CURVE('',#3431,#3429,#3432,.T.);
#2871=EDGE_CURVE('',#3433,#3431,#3434,.T.);
#2872=EDGE_CURVE('',#3435,#3433,#3436,.T.);
#2873=EDGE_CURVE('',#3435,#3437,#3438,.T.);
#2874=EDGE_CURVE('',#3439,#3437,#3440,.T.);
#2875=EDGE_CURVE('',#3426,#3439,#3441,.T.);
#2876=FILL_AREA_STYLE('',(#3442));
#2877=EDGE_CURVE('',#3443,#3444,#3445,.T.);
#2878=EDGE_CURVE('',#3444,#3443,#3446,.T.);
#2879=FILL_AREA_STYLE('',(#3447));
#2880=EDGE_CURVE('',#3448,#3449,#3450,.T.);
#2881=EDGE_CURVE('',#3448,#3451,#3452,.T.);
#2882=EDGE_CURVE('',#3453,#3451,#3454,.T.);
#2883=EDGE_CURVE('',#3453,#3455,#3456,.T.);
#2884=EDGE_CURVE('',#3455,#3413,#3457,.T.);
#2885=EDGE_CURVE('',#3413,#3458,#3459,.T.);
#2886=EDGE_CURVE('',#3460,#3458,#3461,.T.);
#2887=EDGE_CURVE('',#3460,#3449,#3462,.T.);
#2888=FILL_AREA_STYLE('',(#3463));
#2889=EDGE_CURVE('',#3448,#3464,#3465,.T.);
#2890=EDGE_CURVE('',#3466,#3464,#3467,.T.);
#2891=EDGE_CURVE('',#3468,#3466,#3469,.T.);
#2892=EDGE_CURVE('',#3468,#3451,#3470,.T.);
#2893=FILL_AREA_STYLE('',(#3471));
#2894=EDGE_CURVE('',#3472,#3453,#3473,.T.);
#2895=EDGE_CURVE('',#3468,#3472,#3474,.T.);
#2896=FILL_AREA_STYLE('',(#3475));
#2897=EDGE_CURVE('',#3476,#3477,#3478,.T.);
#2898=EDGE_CURVE('',#3479,#3477,#3480,.T.);
#2899=EDGE_CURVE('',#3479,#3481,#3482,.T.);
#2900=EDGE_CURVE('',#3481,#3476,#3483,.T.);
#2901=FILL_AREA_STYLE('',(#3484));
#2902=EDGE_CURVE('',#3485,#3455,#3486,.T.);
#2903=EDGE_CURVE('',#3485,#3472,#3487,.T.);
#2904=FILL_AREA_STYLE('',(#3488));
#2905=EDGE_CURVE('',#3476,#3489,#3490,.T.);
#2906=EDGE_CURVE('',#3491,#3481,#3492,.T.);
#2907=EDGE_CURVE('',#3489,#3491,#3493,.T.);
#2908=FILL_AREA_STYLE('',(#3494));
#2909=EDGE_CURVE('',#3495,#3455,#3496,.T.);
#2910=EDGE_CURVE('',#3485,#3497,#3498,.T.);
#2911=EDGE_CURVE('',#3497,#3495,#3499,.T.);
#2912=FILL_AREA_STYLE('',(#3500));
#2913=EDGE_CURVE('',#3501,#3502,#3503,.T.);
#2914=EDGE_CURVE('',#3501,#3418,#3504,.T.);
#2915=EDGE_CURVE('',#3502,#3417,#3505,.T.);
#2916=FILL_AREA_STYLE('',(#3506));
#2917=EDGE_CURVE('',#3507,#3508,#3509,.T.);
#2918=EDGE_CURVE('',#3508,#3510,#3511,.T.);
#2919=EDGE_CURVE('',#3510,#3512,#3513,.T.);
#2920=EDGE_CURVE('',#3512,#3514,#3515,.T.);
#2921=EDGE_CURVE('',#3514,#3507,#3516,.T.);
#2922=FILL_AREA_STYLE('',(#3517));
#2923=EDGE_CURVE('',#3518,#3519,#3520,.T.);
#2924=EDGE_CURVE('',#3521,#3518,#3522,.T.);
#2925=EDGE_CURVE('',#3523,#3521,#3524,.T.);
#2926=EDGE_CURVE('',#3523,#3525,#3526,.T.);
#2927=EDGE_CURVE('',#3527,#3525,#3528,.T.);
#2928=EDGE_CURVE('',#3529,#3527,#3530,.T.);
#2929=EDGE_CURVE('',#3404,#3529,#3531,.T.);
#2930=EDGE_CURVE('',#3532,#3402,#3533,.T.);
#2931=EDGE_CURVE('',#3534,#3532,#3535,.T.);
#2932=EDGE_CURVE('',#3536,#3534,#3537,.T.);
#2933=EDGE_CURVE('',#3538,#3536,#3539,.T.);
#2934=EDGE_CURVE('',#3538,#3540,#3541,.T.);
#2935=EDGE_CURVE('',#3542,#3540,#3543,.T.);
#2936=EDGE_CURVE('',#3544,#3542,#3545,.T.);
#2937=EDGE_CURVE('',#3519,#3544,#3546,.T.);
#2938=FILL_AREA_STYLE('',(#3547));
#2939=EDGE_CURVE('',#3548,#3549,#3550,.T.);
#2940=EDGE_CURVE('',#3549,#3551,#3552,.T.);
#2941=EDGE_CURVE('',#3551,#3553,#3554,.T.);
#2942=EDGE_CURVE('',#3553,#3555,#3556,.T.);
#2943=EDGE_CURVE('',#3555,#3548,#3557,.T.);
#2944=FILL_AREA_STYLE('',(#3558));
#2945=EDGE_CURVE('',#3559,#3411,#3560,.T.);
#2946=EDGE_CURVE('',#3497,#3409,#3561,.T.);
#2947=EDGE_CURVE('',#3466,#3562,#3563,.T.);
#2948=EDGE_CURVE('',#3562,#3564,#3565,.T.);
#2949=EDGE_CURVE('',#3559,#3564,#3566,.T.);
#2950=FILL_AREA_STYLE('',(#3567));
#2951=EDGE_CURVE('',#3429,#3489,#3568,.T.);
#2952=EDGE_CURVE('',#3491,#3569,#3570,.T.);
#2953=EDGE_CURVE('',#3569,#3431,#3571,.T.);
#2954=FILL_AREA_STYLE('',(#3572));
#2955=EDGE_CURVE('',#3559,#3458,#3573,.T.);
#2956=FILL_AREA_STYLE('',(#3574));
#2957=EDGE_CURVE('',#3408,#3495,#3575,.T.);
#2958=FILL_AREA_STYLE('',(#3576));
#2959=EDGE_CURVE('',#3577,#3562,#3578,.T.);
#2960=EDGE_CURVE('',#3577,#3449,#3579,.T.);
#2961=EDGE_CURVE('',#3564,#3460,#3580,.T.);
#2962=FILL_AREA_STYLE('',(#3581));
#2963=EDGE_CURVE('',#3582,#3508,#3583,.T.);
#2964=EDGE_CURVE('',#3582,#3584,#3585,.T.);
#2965=EDGE_CURVE('',#3510,#3584,#3586,.T.);
#2966=FILL_AREA_STYLE('',(#3587));
#2967=EDGE_CURVE('',#3588,#3589,#3590,.T.);
#2968=EDGE_CURVE('',#3589,#3591,#3592,.T.);
#2969=EDGE_CURVE('',#3591,#3593,#3594,.T.);
#2970=EDGE_CURVE('',#3593,#3588,#3595,.T.);
#2971=FILL_AREA_STYLE('',(#3596));
#2972=EDGE_CURVE('',#3597,#3589,#3598,.T.);
#2973=EDGE_CURVE('',#3588,#3599,#3600,.T.);
#2974=EDGE_CURVE('',#3597,#3599,#3601,.T.);
#2975=FILL_AREA_STYLE('',(#3602));
#2976=EDGE_CURVE('',#3603,#3593,#3604,.T.);
#2977=EDGE_CURVE('',#3603,#3605,#3606,.T.);
#2978=EDGE_CURVE('',#3605,#3607,#3608,.T.);
#2979=EDGE_CURVE('',#3599,#3607,#3609,.T.);
#2980=FILL_AREA_STYLE('',(#3610));
#2981=EDGE_CURVE('',#3611,#3612,#3613,.T.);
#2982=EDGE_CURVE('',#3612,#3591,#3614,.T.);
#2983=EDGE_CURVE('',#3615,#3597,#3616,.T.);
#2984=EDGE_CURVE('',#3611,#3615,#3617,.T.);
#2985=FILL_AREA_STYLE('',(#3618));
#2986=EDGE_CURVE('',#3619,#3620,#3621,.T.);
#2987=EDGE_CURVE('',#3620,#3392,#3622,.T.);
#2988=EDGE_CURVE('',#3391,#3619,#3623,.T.);
#2989=FILL_AREA_STYLE('',(#3624));
#2990=EDGE_CURVE('',#3529,#3619,#3625,.T.);
#2991=FILL_AREA_STYLE('',(#3626));
#2992=EDGE_CURVE('',#3627,#3628,#3629,.T.);
#2993=EDGE_CURVE('',#3398,#3627,#3630,.T.);
#2994=EDGE_CURVE('',#3396,#3628,#3631,.T.);
#2995=FILL_AREA_STYLE('',(#3632));
#2996=EDGE_CURVE('',#3633,#3620,#3634,.T.);
#2997=EDGE_CURVE('',#3633,#3394,#3635,.T.);
#2998=FILL_AREA_STYLE('',(#3636));
#2999=EDGE_CURVE('',#3628,#3633,#3637,.T.);
#3000=FILL_AREA_STYLE('',(#3638));
#3001=EDGE_CURVE('',#3639,#3627,#3640,.T.);
#3002=EDGE_CURVE('',#3639,#3400,#3641,.T.);
#3003=FILL_AREA_STYLE('',(#3642));
#3004=EDGE_CURVE('',#3639,#3532,#3643,.T.);
#3005=FILL_AREA_STYLE('',(#3644));
#3006=EDGE_CURVE('',#3612,#3603,#3645,.T.);
#3007=FILL_AREA_STYLE('',(#3646));
#3008=EDGE_CURVE('',#3647,#3648,#3649,.T.);
#3009=EDGE_CURVE('',#3648,#3647,#3650,.T.);
#3010=EDGE_CURVE('',#3605,#3611,#3651,.T.);
#3011=FILL_AREA_STYLE('',(#3652));
#3012=EDGE_CURVE('',#3653,#3647,#3654,.T.);
#3013=EDGE_CURVE('',#3653,#3655,#3656,.T.);
#3014=EDGE_CURVE('',#3655,#3648,#3657,.T.);
#3015=FILL_AREA_STYLE('',(#3658));
#3016=FILL_AREA_STYLE('',(#3659));
#3017=EDGE_CURVE('',#3607,#3615,#3660,.T.);
#3018=FILL_AREA_STYLE('',(#3661));
#3019=EDGE_CURVE('',#3477,#3662,#3663,.T.);
#3020=EDGE_CURVE('',#3664,#3662,#3665,.T.);
#3021=EDGE_CURVE('',#3664,#3479,#3666,.T.);
#3022=FILL_AREA_STYLE('',(#3667));
#3023=FILL_AREA_STYLE('',(#3668));
#3024=EDGE_CURVE('',#3662,#3439,#3669,.T.);
#3025=EDGE_CURVE('',#3437,#3670,#3671,.T.);
#3026=EDGE_CURVE('',#3670,#3664,#3672,.T.);
#3027=FILL_AREA_STYLE('',(#3673));
#3028=FILL_AREA_STYLE('',(#3674));
#3029=EDGE_CURVE('',#3464,#3577,#3675,.T.);
#3030=FILL_AREA_STYLE('',(#3676));
#3031=EDGE_CURVE('',#3677,#3678,#3679,.T.);
#3032=EDGE_CURVE('',#3678,#3677,#3680,.T.);
#3033=EDGE_CURVE('',#3427,#3426,#3681,.T.);
#3034=FILL_AREA_STYLE('',(#3682));
#3035=EDGE_CURVE('',#3683,#3684,#3685,.T.);
#3036=EDGE_CURVE('',#3683,#3686,#3687,.T.);
#3037=EDGE_CURVE('',#3686,#3688,#3689,.T.);
#3038=EDGE_CURVE('',#3688,#3684,#3690,.T.);
#3039=FILL_AREA_STYLE('',(#3691));
#3040=EDGE_CURVE('',#3422,#3507,#3692,.T.);
#3041=EDGE_CURVE('',#3421,#3551,#3693,.T.);
#3042=EDGE_CURVE('',#3694,#3549,#3695,.T.);
#3043=EDGE_CURVE('',#3582,#3694,#3696,.T.);
#3044=FILL_AREA_STYLE('',(#3697));
#3045=EDGE_CURVE('',#3698,#3542,#3699,.T.);
#3046=EDGE_CURVE('',#3700,#3540,#3701,.T.);
#3047=EDGE_CURVE('',#3700,#3698,#3702,.T.);
#3048=FILL_AREA_STYLE('',(#3703));
#3049=EDGE_CURVE('',#3538,#3704,#3705,.T.);
#3050=EDGE_CURVE('',#3700,#3704,#3706,.T.);
#3051=FILL_AREA_STYLE('',(#3707));
#3052=EDGE_CURVE('',#3544,#3708,#3709,.T.);
#3053=EDGE_CURVE('',#3710,#3708,#3711,.T.);
#3054=EDGE_CURVE('',#3710,#3519,#3712,.T.);
#3055=FILL_AREA_STYLE('',(#3713));
#3056=EDGE_CURVE('',#3555,#3686,#3714,.T.);
#3057=EDGE_CURVE('',#3688,#3553,#3715,.T.);
#3058=FILL_AREA_STYLE('',(#3716));
#3059=EDGE_CURVE('',#3717,#3718,#3719,.T.);
#3060=EDGE_CURVE('',#3717,#3677,#3720,.T.);
#3061=EDGE_CURVE('',#3718,#3678,#3721,.T.);
#3062=FILL_AREA_STYLE('',(#3722));
#3063=EDGE_CURVE('',#3523,#3723,#3724,.T.);
#3064=EDGE_CURVE('',#3725,#3723,#3726,.T.);
#3065=EDGE_CURVE('',#3725,#3525,#3727,.T.);
#3066=FILL_AREA_STYLE('',(#3728));
#3067=EDGE_CURVE('',#3527,#3729,#3730,.T.);
#3068=EDGE_CURVE('',#3729,#3731,#3732,.T.);
#3069=EDGE_CURVE('',#3733,#3731,#3734,.T.);
#3070=EDGE_CURVE('',#3733,#3735,#3736,.T.);
#3071=EDGE_CURVE('',#3737,#3735,#3738,.T.);
#3072=EDGE_CURVE('',#3739,#3737,#3740,.T.);
#3073=EDGE_CURVE('',#3741,#3739,#3742,.T.);
#3074=EDGE_CURVE('',#3741,#3743,#3744,.T.);
#3075=EDGE_CURVE('',#3745,#3743,#3746,.T.);
#3076=EDGE_CURVE('',#3745,#3747,#3748,.T.);
#3077=EDGE_CURVE('',#3534,#3747,#3749,.T.);
#3078=EDGE_CURVE('',#3750,#3751,#3752,.T.);
#3079=EDGE_CURVE('',#3751,#3750,#3753,.T.);
#3080=EDGE_CURVE('',#3655,#3653,#3754,.T.);
#3081=FILL_AREA_STYLE('',(#3755));
#3082=EDGE_CURVE('',#3751,#3756,#3757,.T.);
#3083=EDGE_CURVE('',#3758,#3756,#3759,.T.);
#3084=EDGE_CURVE('',#3750,#3758,#3760,.T.);
#3085=FILL_AREA_STYLE('',(#3761));
#3086=EDGE_CURVE('',#3756,#3758,#3762,.T.);
#3087=EDGE_CURVE('',#3763,#3764,#3765,.T.);
#3088=EDGE_CURVE('',#3766,#3763,#3767,.T.);
#3089=EDGE_CURVE('',#3768,#3766,#3769,.T.);
#3090=EDGE_CURVE('',#3764,#3768,#3770,.T.);
#3091=FILL_AREA_STYLE('',(#3771));
#3092=EDGE_CURVE('',#3768,#3772,#3773,.T.);
#3093=EDGE_CURVE('',#3772,#3774,#3775,.T.);
#3094=EDGE_CURVE('',#3764,#3774,#3776,.T.);
#3095=FILL_AREA_STYLE('',(#3777));
#3096=EDGE_CURVE('',#3763,#3778,#3779,.T.);
#3097=EDGE_CURVE('',#3778,#3780,#3781,.T.);
#3098=EDGE_CURVE('',#3766,#3780,#3782,.T.);
#3099=FILL_AREA_STYLE('',(#3783));
#3100=EDGE_CURVE('',#3784,#3785,#3786,.T.);
#3101=EDGE_CURVE('',#3787,#3785,#3788,.T.);
#3102=EDGE_CURVE('',#3787,#3789,#3790,.T.);
#3103=EDGE_CURVE('',#3784,#3789,#3791,.T.);
#3104=FILL_AREA_STYLE('',(#3792));
#3105=EDGE_CURVE('',#3785,#3778,#3793,.T.);
#3106=EDGE_CURVE('',#3774,#3787,#3794,.T.);
#3107=FILL_AREA_STYLE('',(#3795));
#3108=EDGE_CURVE('',#3780,#3784,#3796,.T.);
#3109=EDGE_CURVE('',#3789,#3772,#3797,.T.);
#3110=FILL_AREA_STYLE('',(#3798));
#3111=FILL_AREA_STYLE('',(#3799));
#3112=FILL_AREA_STYLE('',(#3800));
#3113=EDGE_CURVE('',#3801,#3741,#3802,.T.);
#3114=EDGE_CURVE('',#3801,#3803,#3804,.T.);
#3115=EDGE_CURVE('',#3803,#3743,#3805,.T.);
#3116=FILL_AREA_STYLE('',(#3806));
#3117=EDGE_CURVE('',#3807,#3803,#3808,.T.);
#3118=EDGE_CURVE('',#3807,#3745,#3809,.T.);
#3119=FILL_AREA_STYLE('',(#3810));
#3120=EDGE_CURVE('',#3811,#3812,#3813,.T.);
#3121=EDGE_CURVE('',#3814,#3811,#3815,.T.);
#3122=EDGE_CURVE('',#3807,#3814,#3816,.T.);
#3123=EDGE_CURVE('',#3801,#3817,#3818,.T.);
#3124=EDGE_CURVE('',#3819,#3817,#3820,.T.);
#3125=EDGE_CURVE('',#3812,#3819,#3821,.T.);
#3126=FILL_AREA_STYLE('',(#3822));
#3127=EDGE_CURVE('',#3733,#3811,#3823,.T.);
#3128=EDGE_CURVE('',#3735,#3812,#3824,.T.);
#3129=FILL_AREA_STYLE('',(#3825));
#3130=EDGE_CURVE('',#3737,#3819,#3826,.T.);
#3131=FILL_AREA_STYLE('',(#3827));
#3132=EDGE_CURVE('',#3739,#3817,#3828,.T.);
#3133=FILL_AREA_STYLE('',(#3829));
#3134=FILL_AREA_STYLE('',(#3830));
#3135=EDGE_CURVE('',#3814,#3731,#3831,.T.);
#3136=FILL_AREA_STYLE('',(#3832));
#3137=EDGE_CURVE('',#3729,#3725,#3833,.T.);
#3138=FILL_AREA_STYLE('',(#3834));
#3139=EDGE_CURVE('',#3708,#3698,#3835,.T.);
#3140=EDGE_CURVE('',#3704,#3836,#3837,.T.);
#3141=EDGE_CURVE('',#3747,#3836,#3838,.T.);
#3142=EDGE_CURVE('',#3723,#3839,#3840,.T.);
#3143=EDGE_CURVE('',#3841,#3839,#3842,.T.);
#3144=EDGE_CURVE('',#3841,#3710,#3843,.T.);
#3145=EDGE_CURVE('',#3844,#3845,#3846,.T.);
#3146=EDGE_CURVE('',#3847,#3845,#3848,.T.);
#3147=EDGE_CURVE('',#3849,#3847,#3850,.T.);
#3148=EDGE_CURVE('',#3851,#3849,#3852,.T.);
#3149=EDGE_CURVE('',#3851,#3853,#3854,.T.);
#3150=EDGE_CURVE('',#3855,#3853,#3856,.T.);
#3151=EDGE_CURVE('',#3857,#3855,#3858,.T.);
#3152=EDGE_CURVE('',#3844,#3857,#3859,.T.);
#3153=FILL_AREA_STYLE('',(#3860));
#3154=EDGE_CURVE('',#3861,#3853,#3862,.T.);
#3155=EDGE_CURVE('',#3863,#3861,#3864,.T.);
#3156=EDGE_CURVE('',#3855,#3863,#3865,.T.);
#3157=FILL_AREA_STYLE('',(#3866));
#3158=EDGE_CURVE('',#3867,#3863,#3868,.T.);
#3159=EDGE_CURVE('',#3857,#3867,#3869,.T.);
#3160=FILL_AREA_STYLE('',(#3870));
#3161=EDGE_CURVE('',#3871,#3851,#3872,.T.);
#3162=EDGE_CURVE('',#3871,#3861,#3873,.T.);
#3163=FILL_AREA_STYLE('',(#3874));
#3164=EDGE_CURVE('',#3849,#3875,#3876,.T.);
#3165=EDGE_CURVE('',#3871,#3875,#3877,.T.);
#3166=FILL_AREA_STYLE('',(#3878));
#3167=EDGE_CURVE('',#3847,#3879,#3880,.T.);
#3168=EDGE_CURVE('',#3875,#3879,#3881,.T.);
#3169=FILL_AREA_STYLE('',(#3882));
#3170=EDGE_CURVE('',#3883,#3845,#3884,.T.);
#3171=EDGE_CURVE('',#3879,#3883,#3885,.T.);
#3172=FILL_AREA_STYLE('',(#3886));
#3173=EDGE_CURVE('',#3887,#3867,#3888,.T.);
#3174=EDGE_CURVE('',#3887,#3844,#3889,.T.);
#3175=FILL_AREA_STYLE('',(#3890));
#3176=EDGE_CURVE('',#3887,#3883,#3891,.T.);
#3177=EDGE_CURVE('',#3892,#3893,#3894,.T.);
#3178=EDGE_CURVE('',#3895,#3893,#3896,.T.);
#3179=EDGE_CURVE('',#3895,#3897,#3898,.T.);
#3180=EDGE_CURVE('',#3899,#3897,#3900,.T.);
#3181=EDGE_CURVE('',#3899,#3901,#3902,.T.);
#3182=EDGE_CURVE('',#3903,#3901,#3904,.T.);
#3183=EDGE_CURVE('',#3905,#3903,#3906,.T.);
#3184=EDGE_CURVE('',#3907,#3905,#3908,.T.);
#3185=EDGE_CURVE('',#3909,#3907,#3910,.T.);
#3186=EDGE_CURVE('',#3909,#3911,#3912,.T.);
#3187=EDGE_CURVE('',#3913,#3911,#3914,.T.);
#3188=EDGE_CURVE('',#3913,#3892,#3915,.T.);
#3189=EDGE_CURVE('',#3916,#3917,#3918,.T.);
#3190=EDGE_CURVE('',#3919,#3917,#3920,.T.);
#3191=EDGE_CURVE('',#3919,#3921,#3922,.T.);
#3192=EDGE_CURVE('',#3921,#3923,#3924,.T.);
#3193=EDGE_CURVE('',#3925,#3923,#3926,.T.);
#3194=EDGE_CURVE('',#3925,#3927,#3928,.T.);
#3195=EDGE_CURVE('',#3929,#3927,#3930,.T.);
#3196=EDGE_CURVE('',#3929,#3931,#3932,.T.);
#3197=EDGE_CURVE('',#3933,#3931,#3934,.T.);
#3198=EDGE_CURVE('',#3933,#3935,#3936,.T.);
#3199=EDGE_CURVE('',#3937,#3935,#3938,.T.);
#3200=EDGE_CURVE('',#3937,#3939,#3940,.T.);
#3201=EDGE_CURVE('',#3916,#3939,#3941,.T.);
#3202=EDGE_CURVE('',#3942,#3943,#3944,.T.);
#3203=EDGE_CURVE('',#3943,#3942,#3945,.T.);
#3204=FILL_AREA_STYLE('',(#3946));
#3205=EDGE_CURVE('',#3947,#3893,#3948,.T.);
#3206=EDGE_CURVE('',#3892,#3949,#3950,.T.);
#3207=EDGE_CURVE('',#3949,#3947,#3951,.T.);
#3208=FILL_AREA_STYLE('',(#3952));
#3209=EDGE_CURVE('',#3897,#3953,#3954,.T.);
#3210=EDGE_CURVE('',#3895,#3955,#3956,.T.);
#3211=EDGE_CURVE('',#3955,#3953,#3957,.T.);
#3212=FILL_AREA_STYLE('',(#3958));
#3213=EDGE_CURVE('',#3959,#3960,#3961,.T.);
#3214=EDGE_CURVE('',#3960,#3953,#3962,.T.);
#3215=EDGE_CURVE('',#3955,#3947,#3963,.T.);
#3216=EDGE_CURVE('',#3964,#3949,#3965,.T.);
#3217=EDGE_CURVE('',#3964,#3966,#3967,.T.);
#3218=EDGE_CURVE('',#3968,#3966,#3969,.T.);
#3219=EDGE_CURVE('',#3968,#3970,#3971,.T.);
#3220=EDGE_CURVE('',#3970,#3972,#3973,.T.);
#3221=EDGE_CURVE('',#3972,#3974,#3975,.T.);
#3222=EDGE_CURVE('',#3974,#3959,#3976,.T.);
#3223=FILL_AREA_STYLE('',(#3977));
#3224=EDGE_CURVE('',#3960,#3899,#3978,.T.);
#3225=FILL_AREA_STYLE('',(#3979));
#3226=EDGE_CURVE('',#3959,#3901,#3980,.T.);
#3227=FILL_AREA_STYLE('',(#3981));
#3228=EDGE_CURVE('',#3909,#3968,#3982,.T.);
#3229=EDGE_CURVE('',#3970,#3907,#3983,.T.);
#3230=FILL_AREA_STYLE('',(#3984));
#3231=EDGE_CURVE('',#3972,#3905,#3985,.T.);
#3232=FILL_AREA_STYLE('',(#3986));
#3233=EDGE_CURVE('',#3903,#3974,#3987,.T.);
#3234=FILL_AREA_STYLE('',(#3988));
#3235=FILL_AREA_STYLE('',(#3989));
#3236=EDGE_CURVE('',#3964,#3913,#3990,.T.);
#3237=EDGE_CURVE('',#3911,#3966,#3991,.T.);
#3238=FILL_AREA_STYLE('',(#3992));
#3239=FILL_AREA_STYLE('',(#3993));
#3240=EDGE_CURVE('',#3916,#3994,#3995,.T.);
#3241=EDGE_CURVE('',#3996,#3939,#3997,.T.);
#3242=EDGE_CURVE('',#3994,#3996,#3998,.T.);
#3243=FILL_AREA_STYLE('',(#3999));
#3244=EDGE_CURVE('',#3917,#4000,#4001,.T.);
#3245=EDGE_CURVE('',#3994,#4000,#4002,.T.);
#3246=FILL_AREA_STYLE('',(#4003));
#3247=EDGE_CURVE('',#3925,#4004,#4005,.T.);
#3248=EDGE_CURVE('',#4006,#3923,#4007,.T.);
#3249=EDGE_CURVE('',#4004,#4006,#4008,.T.);
#3250=FILL_AREA_STYLE('',(#4009));
#3251=EDGE_CURVE('',#4010,#4011,#4012,.T.);
#3252=EDGE_CURVE('',#4010,#4013,#4014,.T.);
#3253=EDGE_CURVE('',#4013,#4015,#4016,.T.);
#3254=EDGE_CURVE('',#4015,#4017,#4018,.T.);
#3255=EDGE_CURVE('',#4004,#4017,#4019,.T.);
#3256=EDGE_CURVE('',#4020,#4006,#4021,.T.);
#3257=EDGE_CURVE('',#4022,#4020,#4023,.T.);
#3258=EDGE_CURVE('',#4022,#4000,#4024,.T.);
#3259=EDGE_CURVE('',#3996,#4025,#4026,.T.);
#3260=EDGE_CURVE('',#4025,#4011,#4027,.T.);
#3261=FILL_AREA_STYLE('',(#4028));
#3262=EDGE_CURVE('',#3921,#4020,#4029,.T.);
#3263=FILL_AREA_STYLE('',(#4030));
#3264=EDGE_CURVE('',#4022,#3919,#4031,.T.);
#3265=FILL_AREA_STYLE('',(#4032));
#3266=EDGE_CURVE('',#4025,#3937,#4033,.T.);
#3267=FILL_AREA_STYLE('',(#4034));
#3268=EDGE_CURVE('',#3935,#4011,#4035,.T.);
#3269=EDGE_CURVE('',#3933,#4010,#4036,.T.);
#3270=FILL_AREA_STYLE('',(#4037));
#3271=EDGE_CURVE('',#4013,#3931,#4038,.T.);
#3272=FILL_AREA_STYLE('',(#4039));
#3273=EDGE_CURVE('',#4015,#3929,#4040,.T.);
#3274=FILL_AREA_STYLE('',(#4041));
#3275=EDGE_CURVE('',#3927,#4017,#4042,.T.);
#3276=FILL_AREA_STYLE('',(#4043));
#3277=FILL_AREA_STYLE('',(#4044));
#3278=FILL_AREA_STYLE('',(#4045));
#3279=EDGE_CURVE('',#4046,#4047,#4048,.T.);
#3280=EDGE_CURVE('',#3942,#4046,#4049,.T.);
#3281=EDGE_CURVE('',#3943,#4047,#4050,.T.);
#3282=FILL_AREA_STYLE('',(#4051));
#3283=EDGE_CURVE('',#4047,#4046,#4052,.T.);
#3284=FILL_AREA_STYLE('',(#4053));
#3285=FILL_AREA_STYLE('',(#4054));
#3286=EDGE_CURVE('',#3536,#3836,#4055,.T.);
#3287=FILL_AREA_STYLE('',(#4056));
#3288=EDGE_CURVE('',#4057,#4058,#4059,.T.);
#3289=EDGE_CURVE('',#4058,#4060,#4061,.T.);
#3290=EDGE_CURVE('',#4062,#4060,#4063,.T.);
#3291=EDGE_CURVE('',#4062,#4057,#4064,.T.);
#3292=FILL_AREA_STYLE('',(#4065));
#3293=EDGE_CURVE('',#4066,#4067,#4068,.T.);
#3294=EDGE_CURVE('',#4058,#4067,#4069,.T.);
#3295=EDGE_CURVE('',#4066,#4057,#4070,.T.);
#3296=FILL_AREA_STYLE('',(#4071));
#3297=EDGE_CURVE('',#4072,#4067,#4073,.T.);
#3298=EDGE_CURVE('',#4074,#4072,#4075,.T.);
#3299=EDGE_CURVE('',#4060,#4074,#4076,.T.);
#3300=FILL_AREA_STYLE('',(#4077));
#3301=EDGE_CURVE('',#4066,#4078,#4079,.T.);
#3302=EDGE_CURVE('',#4080,#4078,#4081,.T.);
#3303=EDGE_CURVE('',#4080,#4082,#4083,.T.);
#3304=EDGE_CURVE('',#4082,#4084,#4085,.T.);
#3305=EDGE_CURVE('',#4084,#4086,#4087,.T.);
#3306=EDGE_CURVE('',#4072,#4086,#4088,.T.);
#3307=FILL_AREA_STYLE('',(#4089));
#3308=EDGE_CURVE('',#4090,#4086,#4091,.T.);
#3309=EDGE_CURVE('',#4092,#4084,#4093,.T.);
#3310=EDGE_CURVE('',#4090,#4092,#4094,.T.);
#3311=FILL_AREA_STYLE('',(#4095));
#3312=EDGE_CURVE('',#4096,#4097,#4098,.T.);
#3313=EDGE_CURVE('',#4097,#4092,#4099,.T.);
#3314=EDGE_CURVE('',#4084,#4096,#4100,.T.);
#3315=FILL_AREA_STYLE('',(#4101));
#3316=EDGE_CURVE('',#4102,#4097,#4103,.T.);
#3317=EDGE_CURVE('',#4096,#4104,#4105,.T.);
#3318=EDGE_CURVE('',#4102,#4104,#4106,.T.);
#3319=FILL_AREA_STYLE('',(#4107));
#3320=EDGE_CURVE('',#4104,#4082,#4108,.T.);
#3321=FILL_AREA_STYLE('',(#4109));
#3322=EDGE_CURVE('',#4110,#4082,#4111,.T.);
#3323=EDGE_CURVE('',#4112,#4080,#4113,.T.);
#3324=EDGE_CURVE('',#4110,#4112,#4114,.T.);
#3325=FILL_AREA_STYLE('',(#4115));
#3326=EDGE_CURVE('',#4116,#4078,#4117,.T.);
#3327=EDGE_CURVE('',#4116,#4112,#4118,.T.);
#3328=FILL_AREA_STYLE('',(#4119));
#3329=EDGE_CURVE('',#4116,#4062,#4120,.T.);
#3330=FILL_AREA_STYLE('',(#4121));
#3331=EDGE_CURVE('',#4090,#4074,#4122,.T.);
#3332=FILL_AREA_STYLE('',(#4123));
#3333=EDGE_CURVE('',#4110,#4102,#4124,.T.);
#3334=FILL_AREA_STYLE('',(#4125));
#3335=FILL_AREA_STYLE('',(#4126));
#3336=EDGE_CURVE('',#3841,#3518,#4127,.T.);
#3337=FILL_AREA_STYLE('',(#4128));
#3338=EDGE_CURVE('',#3839,#3521,#4129,.T.);
#3339=FILL_AREA_STYLE('',(#4130));
#3340=FILL_AREA_STYLE('',(#4131));
#3341=EDGE_CURVE('',#3718,#3717,#4132,.T.);
#3342=EDGE_CURVE('',#3502,#3501,#4133,.T.);
#3343=EDGE_CURVE('',#3444,#3443,#4134,.T.);
#3344=FILL_AREA_STYLE('',(#4135));
#3345=EDGE_CURVE('',#3569,#4136,#4137,.T.);
#3346=EDGE_CURVE('',#3491,#3569,#4138,.T.);
#3347=EDGE_CURVE('',#4136,#3481,#4139,.T.);
#3348=FILL_AREA_STYLE('',(#4140));
#3349=EDGE_CURVE('',#3433,#4136,#4141,.T.);
#3350=FILL_AREA_STYLE('',(#4142));
#3351=EDGE_CURVE('',#3584,#3683,#4143,.T.);
#3352=EDGE_CURVE('',#3512,#3683,#4144,.T.);
#3353=EDGE_CURVE('',#3510,#3512,#4145,.T.);
#3354=FILL_AREA_STYLE('',(#4146));
#3355=EDGE_CURVE('',#3684,#3514,#4147,.T.);
#3356=FILL_AREA_STYLE('',(#4148));
#3357=EDGE_CURVE('',#3670,#3664,#4149,.T.);
#3358=EDGE_CURVE('',#3670,#4150,#4151,.T.);
#3359=EDGE_CURVE('',#4150,#3479,#4152,.T.);
#3360=FILL_AREA_STYLE('',(#4153));
#3361=EDGE_CURVE('',#3435,#4150,#4154,.T.);
#3362=FILL_AREA_STYLE('',(#4155));
#3363=EDGE_CURVE('',#3555,#3548,#4156,.T.);
#3364=FILL_AREA_STYLE('',(#4157));
#3365=FILL_AREA_STYLE('',(#4158));
#3366=EDGE_CURVE('',#3548,#4159,#4160,.T.);
#3367=EDGE_CURVE('',#4159,#3686,#4161,.T.);
#3368=FILL_AREA_STYLE('',(#4162));
#3369=EDGE_CURVE('',#3694,#4159,#4163,.T.);
#3370=FILL_AREA_STYLE('',(#4164));
#3371=FILL_AREA_STYLE('',(#4165));
#3372=EDGE_CURVE('',#4159,#3584,#4166,.T.);
#3373=FILL_AREA_STYLE('',(#4167));
#3374=FILL_AREA_STYLE('',(#4168));
#3375=EDGE_CURVE('',#4136,#4150,#4169,.T.);
#3376=FILL_AREA_STYLE('',(#4170));
#3377=FILL_AREA_STYLE('',(#4171));
#3378=FILL_AREA_STYLE('',(#4172));
#3379=FILL_AREA_STYLE('',(#4173));
#3380=FILL_AREA_STYLE('',(#4174));
#3381=FILL_AREA_STYLE('',(#4175));
#3382=FILL_AREA_STYLE('',(#4176));
#3383=FILL_AREA_STYLE('',(#4177));
#3384=FILL_AREA_STYLE('',(#4178));
#3385=FILL_AREA_STYLE('',(#4179));
#3386=FILL_AREA_STYLE('',(#4180));
#3387=FILL_AREA_STYLE('',(#4181));
#3388=FILL_AREA_STYLE('',(#4182));
#3389=FILL_AREA_STYLE('',(#4183));
#3390=FILL_AREA_STYLE_COLOUR('',#4184);
#3391=VERTEX_POINT('',#4185);
#3392=VERTEX_POINT('',#4186);
#3393=LINE('',#4187,#4188);
#3394=VERTEX_POINT('',#4189);
#3395=LINE('',#4190,#4191);
#3396=VERTEX_POINT('',#4192);
#3397=LINE('',#4193,#4194);
#3398=VERTEX_POINT('',#4195);
#3399=LINE('',#4196,#4197);
#3400=VERTEX_POINT('',#4198);
#3401=LINE('',#4199,#4200);
#3402=VERTEX_POINT('',#4201);
#3403=LINE('',#4202,#4203);
#3404=VERTEX_POINT('',#4204);
#3405=LINE('',#4205,#4206);
#3406=LINE('',#4207,#4208);
#3407=FILL_AREA_STYLE_COLOUR('',#4209);
#3408=VERTEX_POINT('',#4210);
#3409=VERTEX_POINT('',#4211);
#3410=LINE('',#4212,#4213);
#3411=VERTEX_POINT('',#4214);
#3412=LINE('',#4215,#4216);
#3413=VERTEX_POINT('',#4217);
#3414=LINE('',#4218,#4219);
#3415=LINE('',#4220,#4221);
#3416=FILL_AREA_STYLE_COLOUR('',#4222);
#3417=VERTEX_POINT('',#4223);
#3418=VERTEX_POINT('',#4224);
#3419=CIRCLE('',#4225,2.0);
#3420=CIRCLE('',#4226,2.0);
#3421=VERTEX_POINT('',#4227);
#3422=VERTEX_POINT('',#4228);
#3423=CIRCLE('',#4229,1.9);
#3424=CIRCLE('',#4230,1.9);
#3425=FILL_AREA_STYLE_COLOUR('',#4231);
#3426=VERTEX_POINT('',#4232);
#3427=VERTEX_POINT('',#4233);
#3428=CIRCLE('',#4234,1.9);
#3429=VERTEX_POINT('',#4235);
#3430=LINE('',#4236,#4237);
#3431=VERTEX_POINT('',#4238);
#3432=CIRCLE('',#4239,1.9);
#3433=VERTEX_POINT('',#4240);
#3434=LINE('',#4241,#4242);
#3435=VERTEX_POINT('',#4243);
#3436=CIRCLE('',#4244,1.9);
#3437=VERTEX_POINT('',#4245);
#3438=LINE('',#4246,#4247);
#3439=VERTEX_POINT('',#4248);
#3440=CIRCLE('',#4249,1.9);
#3441=LINE('',#4250,#4251);
#3442=FILL_AREA_STYLE_COLOUR('',#4252);
#3443=VERTEX_POINT('',#4253);
#3444=VERTEX_POINT('',#4254);
#3445=CIRCLE('',#4255,0.458257569495583);
#3446=CIRCLE('',#4256,0.5);
#3447=FILL_AREA_STYLE_COLOUR('',#4257);
#3448=VERTEX_POINT('',#4258);
#3449=VERTEX_POINT('',#4259);
#3450=LINE('',#4260,#4261);
#3451=VERTEX_POINT('',#4262);
#3452=LINE('',#4263,#4264);
#3453=VERTEX_POINT('',#4265);
#3454=ELLIPSE('',#4266,1.11803398874988,0.999999999999986);
#3455=VERTEX_POINT('',#4267);
#3456=LINE('',#4268,#4269);
#3457=LINE('',#4270,#4271);
#3458=VERTEX_POINT('',#4272);
#3459=LINE('',#4273,#4274);
#3460=VERTEX_POINT('',#4275);
#3461=ELLIPSE('',#4276,1.11803398874992,1.00000000000002);
#3462=LINE('',#4277,#4278);
#3463=FILL_AREA_STYLE_COLOUR('',#4279);
#3464=VERTEX_POINT('',#4280);
#3465=LINE('',#4281,#4282);
#3466=VERTEX_POINT('',#4283);
#3467=LINE('',#4284,#4285);
#3468=VERTEX_POINT('',#4286);
#3469=LINE('',#4287,#4288);
#3470=LINE('',#4289,#4290);
#3471=FILL_AREA_STYLE_COLOUR('',#4291);
#3472=VERTEX_POINT('',#4292);
#3473=LINE('',#4293,#4294);
#3474=CIRCLE('',#4295,0.999999999999986);
#3475=FILL_AREA_STYLE_COLOUR('',#4296);
#3476=VERTEX_POINT('',#4297);
#3477=VERTEX_POINT('',#4298);
#3478=CIRCLE('',#4299,1.9);
#3479=VERTEX_POINT('',#4300);
#3480=LINE('',#4301,#4302);
#3481=VERTEX_POINT('',#4303);
#3482=CIRCLE('',#4304,0.65);
#3483=LINE('',#4305,#4306);
#3484=FILL_AREA_STYLE_COLOUR('',#4307);
#3485=VERTEX_POINT('',#4308);
#3486=LINE('',#4309,#4310);
#3487=LINE('',#4311,#4312);
#3488=FILL_AREA_STYLE_COLOUR('',#4313);
#3489=VERTEX_POINT('',#4314);
#3490=LINE('',#4315,#4316);
#3491=VERTEX_POINT('',#4317);
#3492=LINE('',#4318,#4319);
#3493=LINE('',#4320,#4321);
#3494=FILL_AREA_STYLE_COLOUR('',#4322);
#3495=VERTEX_POINT('',#4323);
#3496=LINE('',#4324,#4325);
#3497=VERTEX_POINT('',#4326);
#3498=LINE('',#4327,#4328);
#3499=LINE('',#4329,#4330);
#3500=FILL_AREA_STYLE_COLOUR('',#4331);
#3501=VERTEX_POINT('',#4332);
#3502=VERTEX_POINT('',#4333);
#3503=CIRCLE('',#4334,2.0);
#3504=LINE('',#4335,#4336);
#3505=LINE('',#4337,#4338);
#3506=FILL_AREA_STYLE_COLOUR('',#4339);
#3507=VERTEX_POINT('',#4340);
#3508=VERTEX_POINT('',#4341);
#3509=CIRCLE('',#4342,1.9);
#3510=VERTEX_POINT('',#4343);
#3511=LINE('',#4344,#4345);
#3512=VERTEX_POINT('',#4346);
#3513=CIRCLE('',#4347,0.65);
#3514=VERTEX_POINT('',#4348);
#3515=LINE('',#4349,#4350);
#3516=CIRCLE('',#4351,1.9);
#3517=FILL_AREA_STYLE_COLOUR('',#4352);
#3518=VERTEX_POINT('',#4353);
#3519=VERTEX_POINT('',#4354);
#3520=LINE('',#4355,#4356);
#3521=VERTEX_POINT('',#4357);
#3522=LINE('',#4358,#4359);
#3523=VERTEX_POINT('',#4360);
#3524=CIRCLE('',#4361,0.800000000000068);
#3525=VERTEX_POINT('',#4362);
#3526=LINE('',#4363,#4364);
#3527=VERTEX_POINT('',#4365);
#3528=LINE('',#4366,#4367);
#3529=VERTEX_POINT('',#4368);
#3530=LINE('',#4369,#4370);
#3531=LINE('',#4371,#4372);
#3532=VERTEX_POINT('',#4373);
#3533=LINE('',#4374,#4375);
#3534=VERTEX_POINT('',#4376);
#3535=LINE('',#4377,#4378);
#3536=VERTEX_POINT('',#4379);
#3537=LINE('',#4380,#4381);
#3538=VERTEX_POINT('',#4382);
#3539=CIRCLE('',#4383,0.299999999999997);
#3540=VERTEX_POINT('',#4384);
#3541=LINE('',#4385,#4386);
#3542=VERTEX_POINT('',#4387);
#3543=LINE('',#4388,#4389);
#3544=VERTEX_POINT('',#4390);
#3545=LINE('',#4391,#4392);
#3546=CIRCLE('',#4393,0.299999999999954);
#3547=FILL_AREA_STYLE_COLOUR('',#4394);
#3548=VERTEX_POINT('',#4395);
#3549=VERTEX_POINT('',#4396);
#3550=LINE('',#4397,#4398);
#3551=VERTEX_POINT('',#4399);
#3552=CIRCLE('',#4400,1.9);
#3553=VERTEX_POINT('',#4401);
#3554=CIRCLE('',#4402,1.9);
#3555=VERTEX_POINT('',#4403);
#3556=LINE('',#4404,#4405);
#3557=CIRCLE('',#4406,0.65);
#3558=FILL_AREA_STYLE_COLOUR('',#4407);
#3559=VERTEX_POINT('',#4408);
#3560=LINE('',#4409,#4410);
#3561=LINE('',#4411,#4412);
#3562=VERTEX_POINT('',#4413);
#3563=LINE('',#4414,#4415);
#3564=VERTEX_POINT('',#4416);
#3565=LINE('',#4417,#4418);
#3566=CIRCLE('',#4419,1.00000000000002);
#3567=FILL_AREA_STYLE_COLOUR('',#4420);
#3568=CIRCLE('',#4421,1.9);
#3569=VERTEX_POINT('',#4422);
#3570=CIRCLE('',#4423,0.65);
#3571=LINE('',#4424,#4425);
#3572=FILL_AREA_STYLE_COLOUR('',#4426);
#3573=LINE('',#4427,#4428);
#3574=FILL_AREA_STYLE_COLOUR('',#4429);
#3575=LINE('',#4430,#4431);
#3576=FILL_AREA_STYLE_COLOUR('',#4432);
#3577=VERTEX_POINT('',#4433);
#3578=LINE('',#4434,#4435);
#3579=LINE('',#4436,#4437);
#3580=LINE('',#4438,#4439);
#3581=FILL_AREA_STYLE_COLOUR('',#4440);
#3582=VERTEX_POINT('',#4441);
#3583=LINE('',#4442,#4443);
#3584=VERTEX_POINT('',#4444);
#3585=LINE('',#4445,#4446);
#3586=LINE('',#4447,#4448);
#3587=FILL_AREA_STYLE_COLOUR('',#4449);
#3588=VERTEX_POINT('',#4450);
#3589=VERTEX_POINT('',#4451);
#3590=LINE('',#4452,#4453);
#3591=VERTEX_POINT('',#4454);
#3592=LINE('',#4455,#4456);
#3593=VERTEX_POINT('',#4457);
#3594=LINE('',#4458,#4459);
#3595=LINE('',#4460,#4461);
#3596=FILL_AREA_STYLE_COLOUR('',#4462);
#3597=VERTEX_POINT('',#4463);
#3598=LINE('',#4464,#4465);
#3599=VERTEX_POINT('',#4466);
#3600=LINE('',#4467,#4468);
#3601=LINE('',#4469,#4470);
#3602=FILL_AREA_STYLE_COLOUR('',#4471);
#3603=VERTEX_POINT('',#4472);
#3604=LINE('',#4473,#4474);
#3605=VERTEX_POINT('',#4475);
#3606=LINE('',#4476,#4477);
#3607=VERTEX_POINT('',#4478);
#3608=LINE('',#4479,#4480);
#3609=LINE('',#4481,#4482);
#3610=FILL_AREA_STYLE_COLOUR('',#4483);
#3611=VERTEX_POINT('',#4484);
#3612=VERTEX_POINT('',#4485);
#3613=LINE('',#4486,#4487);
#3614=LINE('',#4488,#4489);
#3615=VERTEX_POINT('',#4490);
#3616=LINE('',#4491,#4492);
#3617=LINE('',#4493,#4494);
#3618=FILL_AREA_STYLE_COLOUR('',#4495);
#3619=VERTEX_POINT('',#4496);
#3620=VERTEX_POINT('',#4497);
#3621=LINE('',#4498,#4499);
#3622=LINE('',#4500,#4501);
#3623=LINE('',#4502,#4503);
#3624=FILL_AREA_STYLE_COLOUR('',#4504);
#3625=LINE('',#4505,#4506);
#3626=FILL_AREA_STYLE_COLOUR('',#4507);
#3627=VERTEX_POINT('',#4508);
#3628=VERTEX_POINT('',#4509);
#3629=LINE('',#4510,#4511);
#3630=LINE('',#4512,#4513);
#3631=LINE('',#4514,#4515);
#3632=FILL_AREA_STYLE_COLOUR('',#4516);
#3633=VERTEX_POINT('',#4517);
#3634=LINE('',#4518,#4519);
#3635=LINE('',#4520,#4521);
#3636=FILL_AREA_STYLE_COLOUR('',#4522);
#3637=LINE('',#4523,#4524);
#3638=FILL_AREA_STYLE_COLOUR('',#4525);
#3639=VERTEX_POINT('',#4526);
#3640=LINE('',#4527,#4528);
#3641=LINE('',#4529,#4530);
#3642=FILL_AREA_STYLE_COLOUR('',#4531);
#3643=LINE('',#4532,#4533);
#3644=FILL_AREA_STYLE_COLOUR('',#4534);
#3645=LINE('',#4535,#4536);
#3646=FILL_AREA_STYLE_COLOUR('',#4537);
#3647=VERTEX_POINT('',#4538);
#3648=VERTEX_POINT('',#4539);
#3649=CIRCLE('',#4540,0.65);
#3650=CIRCLE('',#4541,0.65);
#3651=LINE('',#4542,#4543);
#3652=FILL_AREA_STYLE_COLOUR('',#4544);
#3653=VERTEX_POINT('',#4545);
#3654=LINE('',#4546,#4547);
#3655=VERTEX_POINT('',#4548);
#3656=CIRCLE('',#4549,0.65);
#3657=LINE('',#4550,#4551);
#3658=FILL_AREA_STYLE_COLOUR('',#4552);
#3659=FILL_AREA_STYLE_COLOUR('',#4553);
#3660=LINE('',#4554,#4555);
#3661=FILL_AREA_STYLE_COLOUR('',#4556);
#3662=VERTEX_POINT('',#4557);
#3663=LINE('',#4558,#4559);
#3664=VERTEX_POINT('',#4560);
#3665=LINE('',#4561,#4562);
#3666=LINE('',#4563,#4564);
#3667=FILL_AREA_STYLE_COLOUR('',#4565);
#3668=FILL_AREA_STYLE_COLOUR('',#4566);
#3669=CIRCLE('',#4567,1.9);
#3670=VERTEX_POINT('',#4568);
#3671=LINE('',#4569,#4570);
#3672=CIRCLE('',#4571,0.65);
#3673=FILL_AREA_STYLE_COLOUR('',#4572);
#3674=FILL_AREA_STYLE_COLOUR('',#4573);
#3675=LINE('',#4574,#4575);
#3676=FILL_AREA_STYLE_COLOUR('',#4576);
#3677=VERTEX_POINT('',#4577);
#3678=VERTEX_POINT('',#4578);
#3679=CIRCLE('',#4579,2.0);
#3680=CIRCLE('',#4580,2.0);
#3681=CIRCLE('',#4581,1.9);
#3682=FILL_AREA_STYLE_COLOUR('',#4582);
#3683=VERTEX_POINT('',#4583);
#3684=VERTEX_POINT('',#4584);
#3685=LINE('',#4585,#4586);
#3686=VERTEX_POINT('',#4587);
#3687=CIRCLE('',#4588,0.65);
#3688=VERTEX_POINT('',#4589);
#3689=LINE('',#4590,#4591);
#3690=CIRCLE('',#4592,1.9);
#3691=FILL_AREA_STYLE_COLOUR('',#4593);
#3692=LINE('',#4594,#4595);
#3693=LINE('',#4596,#4597);
#3694=VERTEX_POINT('',#4598);
#3695=LINE('',#4599,#4600);
#3696=CIRCLE('',#4601,1.9);
#3697=FILL_AREA_STYLE_COLOUR('',#4602);
#3698=VERTEX_POINT('',#4603);
#3699=LINE('',#4604,#4605);
#3700=VERTEX_POINT('',#4606);
#3701=LINE('',#4607,#4608);
#3702=LINE('',#4609,#4610);
#3703=FILL_AREA_STYLE_COLOUR('',#4611);
#3704=VERTEX_POINT('',#4612);
#3705=LINE('',#4613,#4614);
#3706=LINE('',#4615,#4616);
#3707=FILL_AREA_STYLE_COLOUR('',#4617);
#3708=VERTEX_POINT('',#4618);
#3709=LINE('',#4619,#4620);
#3710=VERTEX_POINT('',#4621);
#3711=CIRCLE('',#4622,0.299999999999954);
#3712=LINE('',#4623,#4624);
#3713=FILL_AREA_STYLE_COLOUR('',#4625);
#3714=LINE('',#4626,#4627);
#3715=LINE('',#4628,#4629);
#3716=FILL_AREA_STYLE_COLOUR('',#4630);
#3717=VERTEX_POINT('',#4631);
#3718=VERTEX_POINT('',#4632);
#3719=CIRCLE('',#4633,2.0);
#3720=LINE('',#4634,#4635);
#3721=LINE('',#4636,#4637);
#3722=FILL_AREA_STYLE_COLOUR('',#4638);
#3723=VERTEX_POINT('',#4639);
#3724=LINE('',#4640,#4641);
#3725=VERTEX_POINT('',#4642);
#3726=LINE('',#4643,#4644);
#3727=LINE('',#4645,#4646);
#3728=FILL_AREA_STYLE_COLOUR('',#4647);
#3729=VERTEX_POINT('',#4648);
#3730=LINE('',#4649,#4650);
#3731=VERTEX_POINT('',#4651);
#3732=LINE('',#4652,#4653);
#3733=VERTEX_POINT('',#4654);
#3734=LINE('',#4655,#4656);
#3735=VERTEX_POINT('',#4657);
#3736=LINE('',#4658,#4659);
#3737=VERTEX_POINT('',#4660);
#3738=LINE('',#4661,#4662);
#3739=VERTEX_POINT('',#4663);
#3740=LINE('',#4664,#4665);
#3741=VERTEX_POINT('',#4666);
#3742=LINE('',#4667,#4668);
#3743=VERTEX_POINT('',#4669);
#3744=LINE('',#4670,#4671);
#3745=VERTEX_POINT('',#4672);
#3746=LINE('',#4673,#4674);
#3747=VERTEX_POINT('',#4675);
#3748=LINE('',#4676,#4677);
#3749=LINE('',#4678,#4679);
#3750=VERTEX_POINT('',#4680);
#3751=VERTEX_POINT('',#4681);
#3752=CIRCLE('',#4682,0.65);
#3753=CIRCLE('',#4683,0.65);
#3754=CIRCLE('',#4684,0.65);
#3755=FILL_AREA_STYLE_COLOUR('',#4685);
#3756=VERTEX_POINT('',#4686);
#3757=LINE('',#4687,#4688);
#3758=VERTEX_POINT('',#4689);
#3759=CIRCLE('',#4690,0.65);
#3760=LINE('',#4691,#4692);
#3761=FILL_AREA_STYLE_COLOUR('',#4693);
#3762=CIRCLE('',#4694,0.65);
#3763=VERTEX_POINT('',#4695);
#3764=VERTEX_POINT('',#4696);
#3765=LINE('',#4697,#4698);
#3766=VERTEX_POINT('',#4699);
#3767=LINE('',#4700,#4701);
#3768=VERTEX_POINT('',#4702);
#3769=LINE('',#4703,#4704);
#3770=LINE('',#4705,#4706);
#3771=FILL_AREA_STYLE_COLOUR('',#4707);
#3772=VERTEX_POINT('',#4708);
#3773=LINE('',#4709,#4710);
#3774=VERTEX_POINT('',#4711);
#3775=LINE('',#4712,#4713);
#3776=LINE('',#4714,#4715);
#3777=FILL_AREA_STYLE_COLOUR('',#4716);
#3778=VERTEX_POINT('',#4717);
#3779=LINE('',#4718,#4719);
#3780=VERTEX_POINT('',#4720);
#3781=LINE('',#4721,#4722);
#3782=LINE('',#4723,#4724);
#3783=FILL_AREA_STYLE_COLOUR('',#4725);
#3784=VERTEX_POINT('',#4726);
#3785=VERTEX_POINT('',#4727);
#3786=LINE('',#4728,#4729);
#3787=VERTEX_POINT('',#4730);
#3788=LINE('',#4731,#4732);
#3789=VERTEX_POINT('',#4733);
#3790=LINE('',#4734,#4735);
#3791=LINE('',#4736,#4737);
#3792=FILL_AREA_STYLE_COLOUR('',#4738);
#3793=LINE('',#4739,#4740);
#3794=LINE('',#4741,#4742);
#3795=FILL_AREA_STYLE_COLOUR('',#4743);
#3796=LINE('',#4744,#4745);
#3797=LINE('',#4746,#4747);
#3798=FILL_AREA_STYLE_COLOUR('',#4748);
#3799=FILL_AREA_STYLE_COLOUR('',#4749);
#3800=FILL_AREA_STYLE_COLOUR('',#4750);
#3801=VERTEX_POINT('',#4751);
#3802=LINE('',#4752,#4753);
#3803=VERTEX_POINT('',#4754);
#3804=LINE('',#4755,#4756);
#3805=LINE('',#4757,#4758);
#3806=FILL_AREA_STYLE_COLOUR('',#4759);
#3807=VERTEX_POINT('',#4760);
#3808=LINE('',#4761,#4762);
#3809=LINE('',#4763,#4764);
#3810=FILL_AREA_STYLE_COLOUR('',#4765);
#3811=VERTEX_POINT('',#4766);
#3812=VERTEX_POINT('',#4767);
#3813=LINE('',#4768,#4769);
#3814=VERTEX_POINT('',#4770);
#3815=LINE('',#4771,#4772);
#3816=LINE('',#4773,#4774);
#3817=VERTEX_POINT('',#4775);
#3818=LINE('',#4776,#4777);
#3819=VERTEX_POINT('',#4778);
#3820=LINE('',#4779,#4780);
#3821=LINE('',#4781,#4782);
#3822=FILL_AREA_STYLE_COLOUR('',#4783);
#3823=LINE('',#4784,#4785);
#3824=LINE('',#4786,#4787);
#3825=FILL_AREA_STYLE_COLOUR('',#4788);
#3826=LINE('',#4789,#4790);
#3827=FILL_AREA_STYLE_COLOUR('',#4791);
#3828=LINE('',#4792,#4793);
#3829=FILL_AREA_STYLE_COLOUR('',#4794);
#3830=FILL_AREA_STYLE_COLOUR('',#4795);
#3831=LINE('',#4796,#4797);
#3832=FILL_AREA_STYLE_COLOUR('',#4798);
#3833=LINE('',#4799,#4800);
#3834=FILL_AREA_STYLE_COLOUR('',#4801);
#3835=LINE('',#4802,#4803);
#3836=VERTEX_POINT('',#4804);
#3837=CIRCLE('',#4805,0.299999999999997);
#3838=LINE('',#4806,#4807);
#3839=VERTEX_POINT('',#4808);
#3840=CIRCLE('',#4809,0.800000000000068);
#3841=VERTEX_POINT('',#4810);
#3842=LINE('',#4811,#4812);
#3843=LINE('',#4813,#4814);
#3844=VERTEX_POINT('',#4815);
#3845=VERTEX_POINT('',#4816);
#3846=LINE('',#4817,#4818);
#3847=VERTEX_POINT('',#4819);
#3848=CIRCLE('',#4820,0.210795812577921);
#3849=VERTEX_POINT('',#4821);
#3850=LINE('',#4822,#4823);
#3851=VERTEX_POINT('',#4824);
#3852=CIRCLE('',#4825,0.210795812577999);
#3853=VERTEX_POINT('',#4826);
#3854=LINE('',#4827,#4828);
#3855=VERTEX_POINT('',#4829);
#3856=CIRCLE('',#4830,0.210795812577921);
#3857=VERTEX_POINT('',#4831);
#3858=LINE('',#4832,#4833);
#3859=CIRCLE('',#4834,0.210795812577999);
#3860=FILL_AREA_STYLE_COLOUR('',#4835);
#3861=VERTEX_POINT('',#4836);
#3862=LINE('',#4837,#4838);
#3863=VERTEX_POINT('',#4839);
#3864=CIRCLE('',#4840,0.210795812577921);
#3865=LINE('',#4841,#4842);
#3866=FILL_AREA_STYLE_COLOUR('',#4843);
#3867=VERTEX_POINT('',#4844);
#3868=LINE('',#4845,#4846);
#3869=LINE('',#4847,#4848);
#3870=FILL_AREA_STYLE_COLOUR('',#4849);
#3871=VERTEX_POINT('',#4850);
#3872=LINE('',#4851,#4852);
#3873=LINE('',#4853,#4854);
#3874=FILL_AREA_STYLE_COLOUR('',#4855);
#3875=VERTEX_POINT('',#4856);
#3876=LINE('',#4857,#4858);
#3877=CIRCLE('',#4859,0.210795812577999);
#3878=FILL_AREA_STYLE_COLOUR('',#4860);
#3879=VERTEX_POINT('',#4861);
#3880=LINE('',#4862,#4863);
#3881=LINE('',#4864,#4865);
#3882=FILL_AREA_STYLE_COLOUR('',#4866);
#3883=VERTEX_POINT('',#4867);
#3884=LINE('',#4868,#4869);
#3885=CIRCLE('',#4870,0.210795812577921);
#3886=FILL_AREA_STYLE_COLOUR('',#4871);
#3887=VERTEX_POINT('',#4872);
#3888=CIRCLE('',#4873,0.210795812577999);
#3889=LINE('',#4874,#4875);
#3890=FILL_AREA_STYLE_COLOUR('',#4876);
#3891=LINE('',#4877,#4878);
#3892=VERTEX_POINT('',#4879);
#3893=VERTEX_POINT('',#4880);
#3894=CIRCLE('',#4881,0.456724260585462);
#3895=VERTEX_POINT('',#4882);
#3896=CIRCLE('',#4883,0.158096859433584);
#3897=VERTEX_POINT('',#4884);
#3898=LINE('',#4885,#4886);
#3899=VERTEX_POINT('',#4887);
#3900=CIRCLE('',#4888,0.15809685943344);
#3901=VERTEX_POINT('',#4889);
#3902=LINE('',#4890,#4891);
#3903=VERTEX_POINT('',#4892);
#3904=CIRCLE('',#4893,0.951183574045199);
#3905=VERTEX_POINT('',#4894);
#3906=CIRCLE('',#4895,0.951183574045199);
#3907=VERTEX_POINT('',#4896);
#3908=LINE('',#4897,#4898);
#3909=VERTEX_POINT('',#4899);
#3910=CIRCLE('',#4900,0.158096859433385);
#3911=VERTEX_POINT('',#4901);
#3912=LINE('',#4902,#4903);
#3913=VERTEX_POINT('',#4904);
#3914=CIRCLE('',#4905,0.15809685943344);
#3915=CIRCLE('',#4906,0.456724260585462);
#3916=VERTEX_POINT('',#4907);
#3917=VERTEX_POINT('',#4908);
#3918=LINE('',#4909,#4910);
#3919=VERTEX_POINT('',#4911);
#3920=CIRCLE('',#4912,0.158096859433421);
#3921=VERTEX_POINT('',#4913);
#3922=CIRCLE('',#4914,0.456724260585518);
#3923=VERTEX_POINT('',#4915);
#3924=CIRCLE('',#4916,0.456724260585518);
#3925=VERTEX_POINT('',#4917);
#3926=CIRCLE('',#4918,0.1580968594333);
#3927=VERTEX_POINT('',#4919);
#3928=LINE('',#4920,#4921);
#3929=VERTEX_POINT('',#4922);
#3930=CIRCLE('',#4923,0.158096859433439);
#3931=VERTEX_POINT('',#4924);
#3932=LINE('',#4925,#4926);
#3933=VERTEX_POINT('',#4927);
#3934=CIRCLE('',#4928,0.158096859433499);
#3935=VERTEX_POINT('',#4929);
#3936=LINE('',#4930,#4931);
#3937=VERTEX_POINT('',#4932);
#3938=CIRCLE('',#4933,0.15809685943344);
#3939=VERTEX_POINT('',#4934);
#3940=LINE('',#4935,#4936);
#3941=CIRCLE('',#4937,0.158096859433613);
#3942=VERTEX_POINT('',#4938);
#3943=VERTEX_POINT('',#4939);
#3944=CIRCLE('',#4940,0.228362130292794);
#3945=CIRCLE('',#4941,0.228362130292794);
#3946=FILL_AREA_STYLE_COLOUR('',#4942);
#3947=VERTEX_POINT('',#4943);
#3948=LINE('',#4944,#4945);
#3949=VERTEX_POINT('',#4946);
#3950=LINE('',#4947,#4948);
#3951=CIRCLE('',#4949,0.456724260585462);
#3952=FILL_AREA_STYLE_COLOUR('',#4950);
#3953=VERTEX_POINT('',#4951);
#3954=LINE('',#4952,#4953);
#3955=VERTEX_POINT('',#4954);
#3956=LINE('',#4955,#4956);
#3957=LINE('',#4957,#4958);
#3958=FILL_AREA_STYLE_COLOUR('',#4959);
#3959=VERTEX_POINT('',#4960);
#3960=VERTEX_POINT('',#4961);
#3961=LINE('',#4962,#4963);
#3962=CIRCLE('',#4964,0.15809685943344);
#3963=CIRCLE('',#4965,0.158096859433584);
#3964=VERTEX_POINT('',#4966);
#3965=CIRCLE('',#4967,0.456724260585462);
#3966=VERTEX_POINT('',#4968);
#3967=CIRCLE('',#4969,0.15809685943344);
#3968=VERTEX_POINT('',#4970);
#3969=LINE('',#4971,#4972);
#3970=VERTEX_POINT('',#4973);
#3971=CIRCLE('',#4974,0.158096859433385);
#3972=VERTEX_POINT('',#4975);
#3973=LINE('',#4976,#4977);
#3974=VERTEX_POINT('',#4978);
#3975=CIRCLE('',#4979,0.951183574045199);
#3976=CIRCLE('',#4980,0.951183574045199);
#3977=FILL_AREA_STYLE_COLOUR('',#4981);
#3978=LINE('',#4982,#4983);
#3979=FILL_AREA_STYLE_COLOUR('',#4984);
#3980=LINE('',#4985,#4986);
#3981=FILL_AREA_STYLE_COLOUR('',#4987);
#3982=LINE('',#4988,#4989);
#3983=LINE('',#4990,#4991);
#3984=FILL_AREA_STYLE_COLOUR('',#4992);
#3985=LINE('',#4993,#4994);
#3986=FILL_AREA_STYLE_COLOUR('',#4995);
#3987=LINE('',#4996,#4997);
#3988=FILL_AREA_STYLE_COLOUR('',#4998);
#3989=FILL_AREA_STYLE_COLOUR('',#4999);
#3990=LINE('',#5000,#5001);
#3991=LINE('',#5002,#5003);
#3992=FILL_AREA_STYLE_COLOUR('',#5004);
#3993=FILL_AREA_STYLE_COLOUR('',#5005);
#3994=VERTEX_POINT('',#5006);
#3995=LINE('',#5007,#5008);
#3996=VERTEX_POINT('',#5009);
#3997=LINE('',#5010,#5011);
#3998=CIRCLE('',#5012,0.158096859433613);
#3999=FILL_AREA_STYLE_COLOUR('',#5013);
#4000=VERTEX_POINT('',#5014);
#4001=LINE('',#5015,#5016);
#4002=LINE('',#5017,#5018);
#4003=FILL_AREA_STYLE_COLOUR('',#5019);
#4004=VERTEX_POINT('',#5020);
#4005=LINE('',#5021,#5022);
#4006=VERTEX_POINT('',#5023);
#4007=LINE('',#5024,#5025);
#4008=CIRCLE('',#5026,0.1580968594333);
#4009=FILL_AREA_STYLE_COLOUR('',#5027);
#4010=VERTEX_POINT('',#5028);
#4011=VERTEX_POINT('',#5029);
#4012=LINE('',#5030,#5031);
#4013=VERTEX_POINT('',#5032);
#4014=CIRCLE('',#5033,0.158096859433499);
#4015=VERTEX_POINT('',#5034);
#4016=LINE('',#5035,#5036);
#4017=VERTEX_POINT('',#5037);
#4018=CIRCLE('',#5038,0.158096859433439);
#4019=LINE('',#5039,#5040);
#4020=VERTEX_POINT('',#5041);
#4021=CIRCLE('',#5042,0.456724260585518);
#4022=VERTEX_POINT('',#5043);
#4023=CIRCLE('',#5044,0.456724260585518);
#4024=CIRCLE('',#5045,0.158096859433421);
#4025=VERTEX_POINT('',#5046);
#4026=LINE('',#5047,#5048);
#4027=CIRCLE('',#5049,0.15809685943344);
#4028=FILL_AREA_STYLE_COLOUR('',#5050);
#4029=LINE('',#5051,#5052);
#4030=FILL_AREA_STYLE_COLOUR('',#5053);
#4031=LINE('',#5054,#5055);
#4032=FILL_AREA_STYLE_COLOUR('',#5056);
#4033=LINE('',#5057,#5058);
#4034=FILL_AREA_STYLE_COLOUR('',#5059);
#4035=LINE('',#5060,#5061);
#4036=LINE('',#5062,#5063);
#4037=FILL_AREA_STYLE_COLOUR('',#5064);
#4038=LINE('',#5065,#5066);
#4039=FILL_AREA_STYLE_COLOUR('',#5067);
#4040=LINE('',#5068,#5069);
#4041=FILL_AREA_STYLE_COLOUR('',#5070);
#4042=LINE('',#5071,#5072);
#4043=FILL_AREA_STYLE_COLOUR('',#5073);
#4044=FILL_AREA_STYLE_COLOUR('',#5074);
#4045=FILL_AREA_STYLE_COLOUR('',#5075);
#4046=VERTEX_POINT('',#5076);
#4047=VERTEX_POINT('',#5077);
#4048=CIRCLE('',#5078,0.228362130292794);
#4049=LINE('',#5079,#5080);
#4050=LINE('',#5081,#5082);
#4051=FILL_AREA_STYLE_COLOUR('',#5083);
#4052=CIRCLE('',#5084,0.228362130292794);
#4053=FILL_AREA_STYLE_COLOUR('',#5085);
#4054=FILL_AREA_STYLE_COLOUR('',#5086);
#4055=LINE('',#5087,#5088);
#4056=FILL_AREA_STYLE_COLOUR('',#5089);
#4057=VERTEX_POINT('',#5090);
#4058=VERTEX_POINT('',#5091);
#4059=LINE('',#5092,#5093);
#4060=VERTEX_POINT('',#5094);
#4061=LINE('',#5095,#5096);
#4062=VERTEX_POINT('',#5097);
#4063=LINE('',#5098,#5099);
#4064=LINE('',#5100,#5101);
#4065=FILL_AREA_STYLE_COLOUR('',#5102);
#4066=VERTEX_POINT('',#5103);
#4067=VERTEX_POINT('',#5104);
#4068=LINE('',#5105,#5106);
#4069=LINE('',#5107,#5108);
#4070=LINE('',#5109,#5110);
#4071=FILL_AREA_STYLE_COLOUR('',#5111);
#4072=VERTEX_POINT('',#5112);
#4073=LINE('',#5113,#5114);
#4074=VERTEX_POINT('',#5115);
#4075=LINE('',#5116,#5117);
#4076=LINE('',#5118,#5119);
#4077=FILL_AREA_STYLE_COLOUR('',#5120);
#4078=VERTEX_POINT('',#5121);
#4079=LINE('',#5122,#5123);
#4080=VERTEX_POINT('',#5124);
#4081=ELLIPSE('',#5125,1.11803398874988,0.999999999999986);
#4082=VERTEX_POINT('',#5126);
#4083=LINE('',#5127,#5128);
#4084=VERTEX_POINT('',#5129);
#4085=LINE('',#5130,#5131);
#4086=VERTEX_POINT('',#5132);
#4087=LINE('',#5133,#5134);
#4088=ELLIPSE('',#5135,1.11803398874992,1.00000000000002);
#4089=FILL_AREA_STYLE_COLOUR('',#5136);
#4090=VERTEX_POINT('',#5137);
#4091=LINE('',#5138,#5139);
#4092=VERTEX_POINT('',#5140);
#4093=LINE('',#5141,#5142);
#4094=LINE('',#5143,#5144);
#4095=FILL_AREA_STYLE_COLOUR('',#5145);
#4096=VERTEX_POINT('',#5146);
#4097=VERTEX_POINT('',#5147);
#4098=LINE('',#5148,#5149);
#4099=LINE('',#5150,#5151);
#4100=LINE('',#5152,#5153);
#4101=FILL_AREA_STYLE_COLOUR('',#5154);
#4102=VERTEX_POINT('',#5155);
#4103=LINE('',#5156,#5157);
#4104=VERTEX_POINT('',#5158);
#4105=LINE('',#5159,#5160);
#4106=LINE('',#5161,#5162);
#4107=FILL_AREA_STYLE_COLOUR('',#5163);
#4108=LINE('',#5164,#5165);
#4109=FILL_AREA_STYLE_COLOUR('',#5166);
#4110=VERTEX_POINT('',#5167);
#4111=LINE('',#5168,#5169);
#4112=VERTEX_POINT('',#5170);
#4113=LINE('',#5171,#5172);
#4114=LINE('',#5173,#5174);
#4115=FILL_AREA_STYLE_COLOUR('',#5175);
#4116=VERTEX_POINT('',#5176);
#4117=LINE('',#5177,#5178);
#4118=CIRCLE('',#5179,0.999999999999986);
#4119=FILL_AREA_STYLE_COLOUR('',#5180);
#4120=LINE('',#5181,#5182);
#4121=FILL_AREA_STYLE_COLOUR('',#5183);
#4122=CIRCLE('',#5184,1.00000000000002);
#4123=FILL_AREA_STYLE_COLOUR('',#5185);
#4124=LINE('',#5186,#5187);
#4125=FILL_AREA_STYLE_COLOUR('',#5188);
#4126=FILL_AREA_STYLE_COLOUR('',#5189);
#4127=LINE('',#5190,#5191);
#4128=FILL_AREA_STYLE_COLOUR('',#5192);
#4129=LINE('',#5193,#5194);
#4130=FILL_AREA_STYLE_COLOUR('',#5195);
#4131=FILL_AREA_STYLE_COLOUR('',#5196);
#4132=CIRCLE('',#5197,2.0);
#4133=CIRCLE('',#5198,2.0);
#4134=CIRCLE('',#5199,0.458257569495583);
#4135=FILL_AREA_STYLE_COLOUR('',#5200);
#4136=VERTEX_POINT('',#5201);
#4137=LINE('',#5202,#5203);
#4138=LINE('',#5204,#5205);
#4139=LINE('',#5206,#5207);
#4140=FILL_AREA_STYLE_COLOUR('',#5208);
#4141=LINE('',#5209,#5210);
#4142=FILL_AREA_STYLE_COLOUR('',#5211);
#4143=LINE('',#5212,#5213);
#4144=LINE('',#5214,#5215);
#4145=LINE('',#5216,#5217);
#4146=FILL_AREA_STYLE_COLOUR('',#5218);
#4147=LINE('',#5219,#5220);
#4148=FILL_AREA_STYLE_COLOUR('',#5221);
#4149=LINE('',#5222,#5223);
#4150=VERTEX_POINT('',#5224);
#4151=LINE('',#5225,#5226);
#4152=LINE('',#5227,#5228);
#4153=FILL_AREA_STYLE_COLOUR('',#5229);
#4154=LINE('',#5230,#5231);
#4155=FILL_AREA_STYLE_COLOUR('',#5232);
#4156=LINE('',#5233,#5234);
#4157=FILL_AREA_STYLE_COLOUR('',#5235);
#4158=FILL_AREA_STYLE_COLOUR('',#5236);
#4159=VERTEX_POINT('',#5237);
#4160=LINE('',#5238,#5239);
#4161=LINE('',#5240,#5241);
#4162=FILL_AREA_STYLE_COLOUR('',#5242);
#4163=LINE('',#5243,#5244);
#4164=FILL_AREA_STYLE_COLOUR('',#5245);
#4165=FILL_AREA_STYLE_COLOUR('',#5246);
#4166=CIRCLE('',#5247,0.65);
#4167=FILL_AREA_STYLE_COLOUR('',#5248);
#4168=FILL_AREA_STYLE_COLOUR('',#5249);
#4169=CIRCLE('',#5250,0.65);
#4170=FILL_AREA_STYLE_COLOUR('',#5251);
#4171=FILL_AREA_STYLE_COLOUR('',#5252);
#4172=FILL_AREA_STYLE_COLOUR('',#5253);
#4173=FILL_AREA_STYLE_COLOUR('',#5254);
#4174=FILL_AREA_STYLE_COLOUR('',#5255);
#4175=FILL_AREA_STYLE_COLOUR('',#5256);
#4176=FILL_AREA_STYLE_COLOUR('',#5257);
#4177=FILL_AREA_STYLE_COLOUR('',#5258);
#4178=FILL_AREA_STYLE_COLOUR('',#5259);
#4179=FILL_AREA_STYLE_COLOUR('',#5260);
#4180=FILL_AREA_STYLE_COLOUR('',#5261);
#4181=FILL_AREA_STYLE_COLOUR('',#5262);
#4182=FILL_AREA_STYLE_COLOUR('',#5263);
#4183=FILL_AREA_STYLE_COLOUR('',#5264);
#4184=COLOUR_RGB('',0.501960813999176,1.0,0.501960813999176);
#4185=CARTESIAN_POINT('',(-2.10700000000003,12.0,0.128690699906688));
#4186=CARTESIAN_POINT('',(-2.25695934361607,12.0,0.307025686886847));
#4187=CARTESIAN_POINT('',(5.40941734941153,12.0,-8.81));
#4188=VECTOR('',#5265,1.0);
#4189=CARTESIAN_POINT('',(-2.25695934361607,12.0,0.569999999999922));
#4190=CARTESIAN_POINT('',(-2.25695934361607,12.0,-8.81));
#4191=VECTOR('',#5266,1.0);
#4192=CARTESIAN_POINT('',(-1.54304065638394,12.0,0.569999999999922));
#4193=CARTESIAN_POINT('',(-45.4972636381758,12.0,0.569999999999928));
#4194=VECTOR('',#5267,1.0);
#4195=CARTESIAN_POINT('',(-1.54304065638394,12.0,0.307025686886847));
#4196=CARTESIAN_POINT('',(-1.54304065638399,12.0,-8.81));
#4197=VECTOR('',#5268,1.0);
#4198=CARTESIAN_POINT('',(-1.693,12.0,0.128690699906693));
#4199=CARTESIAN_POINT('',(-9.20941734941314,12.0,-8.81));
#4200=VECTOR('',#5269,1.0);
#4201=CARTESIAN_POINT('',(-1.693,12.0,0.0));
#4202=CARTESIAN_POINT('',(-1.693,12.0,-8.81));
#4203=VECTOR('',#5270,1.0);
#4204=CARTESIAN_POINT('',(-2.10700000000003,12.0,0.0));
#4205=CARTESIAN_POINT('',(-45.4972636381758,12.0,5.32907051820075E-15));
#4206=VECTOR('',#5271,1.0);
#4207=CARTESIAN_POINT('',(-2.10700000000037,12.0,-8.81));
#4208=VECTOR('',#5272,1.0);
#4209=COLOUR_RGB('',0.501960813999176,1.0,0.501960813999176);
#4210=CARTESIAN_POINT('',(-2.875,8.0,-5.21));
#4211=CARTESIAN_POINT('',(-2.875,3.3,-5.21));
#4212=CARTESIAN_POINT('',(-2.875,-75.4858546571136,-5.21));
#4213=VECTOR('',#5273,1.0);
#4214=CARTESIAN_POINT('',(-2.20000000000001,3.3,-5.21));
#4215=CARTESIAN_POINT('',(-45.4972636381758,3.3,-5.21));
#4216=VECTOR('',#5274,1.0);
#4217=CARTESIAN_POINT('',(-2.20000000000001,8.0,-5.21));
#4218=CARTESIAN_POINT('',(-2.20000000000002,-75.4858546571136,-5.21));
#4219=VECTOR('',#5275,1.0);
#4220=CARTESIAN_POINT('',(-45.4972636381758,8.0,-5.21));
#4221=VECTOR('',#5276,1.0);
#4222=COLOUR_RGB('',0.501960813999176,1.0,0.501960813999176);
#4223=CARTESIAN_POINT('',(-3.5,14.7886751345948,-3.81));
#4224=CARTESIAN_POINT('',(-7.5,14.7886751345948,-3.81));
#4225=AXIS2_PLACEMENT_3D('',#5277,#5278,#5279);
#4226=AXIS2_PLACEMENT_3D('',#5280,#5281,#5282);
#4227=CARTESIAN_POINT('',(-7.4,14.7886751345948,-3.81));
#4228=CARTESIAN_POINT('',(-3.60000000000001,14.7886751345948,-3.81));
#4229=AXIS2_PLACEMENT_3D('',#5283,#5284,#5285);
#4230=AXIS2_PLACEMENT_3D('',#5286,#5287,#5288);
#4231=COLOUR_RGB('',0.94901967048645,0.94901967048645,1.0);
#4232=CARTESIAN_POINT('',(-3.60000000000001,14.7886751345948,-11.43));
#4233=CARTESIAN_POINT('',(-7.4,14.7886751345948,-11.43));
#4234=AXIS2_PLACEMENT_3D('',#5289,#5290,#5291);
#4235=CARTESIAN_POINT('',(-7.4,16.0886751345948,-11.43));
#4236=CARTESIAN_POINT('',(-7.4,14.6326181038845,-11.43));
#4237=VECTOR('',#5292,1.0);
#4238=CARTESIAN_POINT('',(-7.06799863803974,16.0886751345948,-12.5030238912091));
#4239=AXIS2_PLACEMENT_3D('',#5293,#5294,#5295);
#4240=CARTESIAN_POINT('',(-7.06799863803975,15.0886751345948,-12.5030238912091));
#4241=CARTESIAN_POINT('',(-7.06799863803974,14.6326181038845,-12.5030238912091));
#4242=VECTOR('',#5296,1.0);
#4243=CARTESIAN_POINT('',(-6.57302389120915,15.0886751345948,-12.9979986380397));
#4244=AXIS2_PLACEMENT_3D('',#5297,#5298,#5299);
#4245=CARTESIAN_POINT('',(-6.57302389120908,16.0886751345948,-12.9979986380397));
#4246=CARTESIAN_POINT('',(-6.57302389120915,14.6326181038845,-12.9979986380397));
#4247=VECTOR('',#5300,1.0);
#4248=CARTESIAN_POINT('',(-3.60000000000001,16.0886751345948,-11.43));
#4249=AXIS2_PLACEMENT_3D('',#5301,#5302,#5303);
#4250=CARTESIAN_POINT('',(-3.60000000000001,14.6326181038845,-11.43));
#4251=VECTOR('',#5304,1.0);
#4252=COLOUR_RGB('',0.501960813999176,1.0,0.501960813999176);
#4253=CARTESIAN_POINT('',(-6.74174243050442,18.0,-7.62));
#4254=CARTESIAN_POINT('',(-7.65825756949558,18.0,-7.62));
#4255=AXIS2_PLACEMENT_3D('',#5305,#5306,#5307);
#4256=AXIS2_PLACEMENT_3D('',#5308,#5309,#5310);
#4257=COLOUR_RGB('',0.501960813999176,1.0,0.501960813999176);
#4258=CARTESIAN_POINT('',(-0.599999999999987,8.8,-1.81000000000001));
#4259=CARTESIAN_POINT('',(-0.599999999999994,8.8,-5.80999999999998));
#4260=CARTESIAN_POINT('',(-0.599999999999994,8.8,-3.81));
#4261=VECTOR('',#5311,1.0);
#4262=CARTESIAN_POINT('',(-0.892820323027593,8.65358983848618,-1.81000000000001));
#4263=CARTESIAN_POINT('',(-45.4972636381758,-13.6486318190877,-1.81000000000001));
#4264=VECTOR('',#5312,1.0);
#4265=CARTESIAN_POINT('',(-1.3928203230276,8.40358983848618,-1.94397459621558));
#4266=AXIS2_PLACEMENT_3D('',#5313,#5314,#5315);
#4267=CARTESIAN_POINT('',(-2.2,8.0,-2.41));
#4268=CARTESIAN_POINT('',(-45.4972636381758,-13.6486318190877,-27.4076868166751));
#4269=VECTOR('',#5316,1.0);
#4270=CARTESIAN_POINT('',(-2.20000000000002,8.0,-3.81));
#4271=VECTOR('',#5317,1.0);
#4272=CARTESIAN_POINT('',(-1.3928203230275,8.40358983848624,-5.67602540378446));
#4273=CARTESIAN_POINT('',(-45.4972636381758,-13.6486318190877,19.7876868166743));
#4274=VECTOR('',#5318,1.0);
#4275=CARTESIAN_POINT('',(-0.8928203230275,8.65358983848624,-5.81000000000002));
#4276=AXIS2_PLACEMENT_3D('',#5319,#5320,#5321);
#4277=CARTESIAN_POINT('',(-45.4972636381758,-13.6486318190877,-5.80999999999999));
#4278=VECTOR('',#5322,1.0);
#4279=COLOUR_RGB('',0.501960813999176,1.0,0.501960813999176);
#4280=CARTESIAN_POINT('',(0.0,8.8,-1.81000000000001));
#4281=CARTESIAN_POINT('',(-45.4972636381758,8.8,-1.81000000000001));
#4282=VECTOR('',#5323,1.0);
#4283=CARTESIAN_POINT('',(0.0,3.3,-1.81000000000001));
#4284=CARTESIAN_POINT('',(0.0,-75.4858546571136,-1.81000000000001));
#4285=VECTOR('',#5324,1.0);
#4286=CARTESIAN_POINT('',(-0.8928203230276,3.3,-1.81000000000001));
#4287=CARTESIAN_POINT('',(-45.4972636381758,3.3,-1.81000000000001));
#4288=VECTOR('',#5325,1.0);
#4289=CARTESIAN_POINT('',(-0.8928203230276,3.3,-1.81000000000001));
#4290=VECTOR('',#5326,1.0);
#4291=COLOUR_RGB('',0.501960813999176,1.0,0.501960813999176);
#4292=CARTESIAN_POINT('',(-1.39282032302759,3.3,-1.94397459621557));
#4293=CARTESIAN_POINT('',(-1.3928203230276,3.3,-1.94397459621558));
#4294=VECTOR('',#5327,1.0);
#4295=AXIS2_PLACEMENT_3D('',#5328,#5329,#5330);
#4296=COLOUR_RGB('',0.94901967048645,0.94901967048645,1.0);
#4297=CARTESIAN_POINT('',(-4.42697610879091,15.0886751345948,-9.86200136196025));
#4298=CARTESIAN_POINT('',(-3.93200136196029,15.0886751345948,-10.3569761087909));
#4299=AXIS2_PLACEMENT_3D('',#5331,#5332,#5333);
#4300=CARTESIAN_POINT('',(-4.8652142919638,15.0886751345948,-11.2901890387953));
#4301=CARTESIAN_POINT('',(47.596671240732,15.0886751345948,41.1716964939014));
#4302=VECTOR('',#5334,1.0);
#4303=CARTESIAN_POINT('',(-5.36018903879492,15.0886751345948,-10.7952142919639));
#4304=AXIS2_PLACEMENT_3D('',#5335,#5336,#5337);
#4305=CARTESIAN_POINT('',(47.596671240732,15.0886751345948,42.1616459875626));
#4306=VECTOR('',#5338,1.0);
#4307=COLOUR_RGB('',0.501960813999176,1.0,0.501960813999176);
#4308=CARTESIAN_POINT('',(-2.2,3.3,-2.40999999999999));
#4309=CARTESIAN_POINT('',(-2.20000000000002,-75.4858546571136,-2.41));
#4310=VECTOR('',#5339,1.0);
#4311=CARTESIAN_POINT('',(-45.4972636381758,3.3,-27.4076868166751));
#4312=VECTOR('',#5340,0.999999999999999);
#4313=COLOUR_RGB('',0.94901967048645,0.94901967048645,1.0);
#4314=CARTESIAN_POINT('',(-4.4269761087909,16.0886751345948,-9.86200136196026));
#4315=CARTESIAN_POINT('',(-4.4269761087909,14.6326181038845,-9.86200136196026));
#4316=VECTOR('',#5341,1.0);
#4317=CARTESIAN_POINT('',(-5.36018903879459,16.0886751345948,-10.795214291964));
#4318=CARTESIAN_POINT('',(-5.36018903879459,28.0,-10.795214291964));
#4319=VECTOR('',#5342,1.0);
#4320=CARTESIAN_POINT('',(47.596671240732,16.0886751345948,42.1616459875626));
#4321=VECTOR('',#5343,1.0);
#4322=COLOUR_RGB('',0.501960813999176,1.0,0.501960813999176);
#4323=CARTESIAN_POINT('',(-2.875,8.0,-2.41));
#4324=CARTESIAN_POINT('',(-45.4972636381758,8.0,-2.40999999999999));
#4325=VECTOR('',#5344,1.0);
#4326=CARTESIAN_POINT('',(-2.875,3.3,-2.40999999999999));
#4327=CARTESIAN_POINT('',(-45.4972636381758,3.3,-2.40999999999999));
#4328=VECTOR('',#5345,1.0);
#4329=CARTESIAN_POINT('',(-2.875,-75.4858546571136,-2.41));
#4330=VECTOR('',#5346,1.0);
#4331=COLOUR_RGB('',0.501960813999176,1.0,0.501960813999176);
#4332=CARTESIAN_POINT('',(-7.5,18.0,-3.81));
#4333=CARTESIAN_POINT('',(-3.5,18.0,-3.81));
#4334=AXIS2_PLACEMENT_3D('',#5347,#5348,#5349);
#4335=CARTESIAN_POINT('',(-7.5,16.3943375672974,-3.81));
#4336=VECTOR('',#5350,1.0);
#4337=CARTESIAN_POINT('',(-3.5,16.3943375672974,-3.81));
#4338=VECTOR('',#5351,1.0);
#4339=COLOUR_RGB('',0.94901967048645,0.94901967048645,1.0);
#4340=CARTESIAN_POINT('',(-3.60000000000001,16.0886751345948,-3.81));
#4341=CARTESIAN_POINT('',(-6.57302389120908,16.0886751345948,-5.37799863803975));
#4342=AXIS2_PLACEMENT_3D('',#5352,#5353,#5354);
#4343=CARTESIAN_POINT('',(-5.63981096120467,16.0886751345948,-4.4447857080362));
#4344=CARTESIAN_POINT('',(47.596671240732,16.0886751345948,48.7916964939014));
#4345=VECTOR('',#5355,1.0);
#4346=CARTESIAN_POINT('',(-4.8652142919638,16.0886751345948,-3.67018903879532));
#4347=AXIS2_PLACEMENT_3D('',#5356,#5357,#5358);
#4348=CARTESIAN_POINT('',(-3.93200136196025,16.0886751345948,-2.73697610879092));
#4349=CARTESIAN_POINT('',(47.596671240732,16.0886751345948,48.7916964939014));
#4350=VECTOR('',#5359,1.0);
#4351=AXIS2_PLACEMENT_3D('',#5360,#5361,#5362);
#4352=COLOUR_RGB('',0.501960813999176,1.0,0.501960813999176);
#4353=CARTESIAN_POINT('',(-9.2034920769492,9.8,0.0));
#4354=CARTESIAN_POINT('',(-8.9272523827804,17.7104698490107,0.0));
#4355=CARTESIAN_POINT('',(-12.1817397483378,-75.4858546571136,1.77635683940025E-15));
#4356=VECTOR('',#5363,1.0);
#4357=CARTESIAN_POINT('',(-10.1333831289997,9.80000000000007,1.77635683940025E-15));
#4358=CARTESIAN_POINT('',(-45.4972636381758,9.8,5.32907051820075E-15));
#4359=VECTOR('',#5364,1.0);
#4360=CARTESIAN_POINT('',(-10.9314792232064,9.05515998923241,1.77635683940025E-15));
#4361=AXIS2_PLACEMENT_3D('',#5365,#5366,#5367);
#4362=CARTESIAN_POINT('',(-11.2,5.16999999999992,1.77635683940025E-15));
#4363=CARTESIAN_POINT('',(-16.7744867149625,-75.4858546571136,1.77635683940025E-15));
#4364=VECTOR('',#5368,1.0);
#4365=CARTESIAN_POINT('',(-11.2,0.0,1.77635683940025E-15));
#4366=CARTESIAN_POINT('',(-11.2,-75.4858546571136,1.77635683940025E-15));
#4367=VECTOR('',#5369,1.0);
#4368=CARTESIAN_POINT('',(-2.10700000000003,0.0,0.0));
#4369=CARTESIAN_POINT('',(-45.4972636381758,0.0,5.32907051820075E-15));
#4370=VECTOR('',#5370,1.0);
#4371=CARTESIAN_POINT('',(-2.10700000000003,-75.4858546571136,0.0));
#4372=VECTOR('',#5371,1.0);
#4373=CARTESIAN_POINT('',(-1.693,0.0,0.0));
#4374=CARTESIAN_POINT('',(-1.693,-75.4858546571136,0.0));
#4375=VECTOR('',#5372,1.0);
#4376=CARTESIAN_POINT('',(0.0,0.0,0.0));
#4377=CARTESIAN_POINT('',(-45.4972636381758,0.0,5.32907051820075E-15));
#4378=VECTOR('',#5373,1.0);
#4379=CARTESIAN_POINT('',(7.105427357601E-15,11.5,0.0));
#4380=CARTESIAN_POINT('',(0.0,-75.4858546571136,0.0));
#4381=VECTOR('',#5374,1.0);
#4382=CARTESIAN_POINT('',(-0.29999999999999,11.8,0.0));
#4383=AXIS2_PLACEMENT_3D('',#5375,#5376,#5377);
#4384=CARTESIAN_POINT('',(-3.0,16.476537180436,0.0));
#4385=CARTESIAN_POINT('',(50.0945116827311,-75.4858546571136,-7.105427357601E-15));
#4386=VECTOR('',#5378,1.0);
#4387=CARTESIAN_POINT('',(-3.0,18.0,0.0));
#4388=CARTESIAN_POINT('',(-3.0,-75.4858546571136,0.0));
#4389=VECTOR('',#5379,1.0);
#4390=CARTESIAN_POINT('',(-8.62743513467471,18.0,0.0));
#4391=CARTESIAN_POINT('',(-45.4972636381758,18.0,5.32907051820075E-15));
#4392=VECTOR('',#5380,1.0);
#4393=AXIS2_PLACEMENT_3D('',#5381,#5382,#5383);
#4394=COLOUR_RGB('',0.94901967048645,0.94901967048645,1.0);
#4395=CARTESIAN_POINT('',(-6.13478570803622,16.0886751345948,-3.94981096120463));
#4396=CARTESIAN_POINT('',(-7.06799863803974,16.0886751345948,-4.88302389120911));
#4397=CARTESIAN_POINT('',(47.596671240732,16.0886751345948,49.7816459875626));
#4398=VECTOR('',#5384,1.0);
#4399=CARTESIAN_POINT('',(-7.4,16.0886751345948,-3.81));
#4400=AXIS2_PLACEMENT_3D('',#5385,#5386,#5387);
#4401=CARTESIAN_POINT('',(-4.4269761087909,16.0886751345948,-2.24200136196026));
#4402=AXIS2_PLACEMENT_3D('',#5388,#5389,#5390);
#4403=CARTESIAN_POINT('',(-5.36018903879535,16.0886751345948,-3.17521429196379));
#4404=CARTESIAN_POINT('',(47.596671240732,16.0886751345948,49.7816459875626));
#4405=VECTOR('',#5391,1.0);
#4406=AXIS2_PLACEMENT_3D('',#5392,#5393,#5394);
#4407=COLOUR_RGB('',0.501960813999176,1.0,0.501960813999176);
#4408=CARTESIAN_POINT('',(-1.39282032302751,3.3,-5.67602540378446));
#4409=CARTESIAN_POINT('',(-45.4972636381758,3.3,19.7876868166743));
#4410=VECTOR('',#5395,1.0);
#4411=CARTESIAN_POINT('',(-2.875,3.3,-3.81));
#4412=VECTOR('',#5396,1.0);
#4413=CARTESIAN_POINT('',(0.0,3.3,-5.81));
#4414=CARTESIAN_POINT('',(0.0,3.3,-8.81));
#4415=VECTOR('',#5397,1.0);
#4416=CARTESIAN_POINT('',(-0.8928203230275,3.3,-5.81));
#4417=CARTESIAN_POINT('',(-45.4972636381758,3.3,-5.80999999999999));
#4418=VECTOR('',#5398,1.0);
#4419=AXIS2_PLACEMENT_3D('',#5399,#5400,#5401);
#4420=COLOUR_RGB('',0.94901967048645,0.94901967048645,1.0);
#4421=AXIS2_PLACEMENT_3D('',#5402,#5403,#5404);
#4422=CARTESIAN_POINT('',(-6.13478570803604,16.0886751345948,-11.5698109612054));
#4423=AXIS2_PLACEMENT_3D('',#5405,#5406,#5407);
#4424=CARTESIAN_POINT('',(47.596671240732,16.0886751345948,42.1616459875626));
#4425=VECTOR('',#5408,1.0);
#4426=COLOUR_RGB('',0.501960813999176,1.0,0.501960813999176);
#4427=CARTESIAN_POINT('',(-1.3928203230275,3.3,-5.67602540378446));
#4428=VECTOR('',#5409,1.0);
#4429=COLOUR_RGB('',0.501960813999176,1.0,0.501960813999176);
#4430=CARTESIAN_POINT('',(-2.875,8.0,-3.81));
#4431=VECTOR('',#5410,1.0);
#4432=COLOUR_RGB('',0.501960813999176,1.0,0.501960813999176);
#4433=CARTESIAN_POINT('',(0.0,8.8,-5.81));
#4434=CARTESIAN_POINT('',(0.0,-75.4858546571136,-5.81));
#4435=VECTOR('',#5411,1.0);
#4436=CARTESIAN_POINT('',(-45.4972636381758,8.8,-5.80999999999999));
#4437=VECTOR('',#5412,1.0);
#4438=CARTESIAN_POINT('',(-0.8928203230275,3.3,-5.81));
#4439=VECTOR('',#5413,1.0);
#4440=COLOUR_RGB('',0.94901967048645,0.94901967048645,1.0);
#4441=CARTESIAN_POINT('',(-6.57302389120915,15.0886751345948,-5.37799863803971));
#4442=CARTESIAN_POINT('',(-6.57302389120915,14.6326181038845,-5.37799863803971));
#4443=VECTOR('',#5414,1.0);
#4444=CARTESIAN_POINT('',(-5.63981096120546,15.0886751345948,-4.44478570803603));
#4445=CARTESIAN_POINT('',(47.596671240732,15.0886751345948,48.7916964939014));
#4446=VECTOR('',#5415,1.0);
#4447=CARTESIAN_POINT('',(-5.63981096120546,28.0,-4.44478570803603));
#4448=VECTOR('',#5416,1.0);
#4449=COLOUR_RGB('',0.94901967048645,0.94901967048645,1.0);
#4450=CARTESIAN_POINT('',(-5.05,-4.99999999999999,-3.99205080756888));
#4451=CARTESIAN_POINT('',(-5.95000000000001,-5.0,-3.99205080756888));
#4452=CARTESIAN_POINT('',(-45.4972636381758,-5.0,-3.99205080756887));
#4453=VECTOR('',#5417,1.0);
#4454=CARTESIAN_POINT('',(-5.95000000000001,-4.0,-4.26));
#4455=CARTESIAN_POINT('',(-5.95000000000001,-75.4858546571136,14.8945770256222));
#4456=VECTOR('',#5418,1.0);
#4457=CARTESIAN_POINT('',(-5.05,-3.99999999999999,-4.26));
#4458=CARTESIAN_POINT('',(-45.4972636381758,-4.0,-4.25999999999999));
#4459=VECTOR('',#5419,1.0);
#4460=CARTESIAN_POINT('',(-5.05,-75.4858546571136,14.8945770256222));
#4461=VECTOR('',#5420,1.0);
#4462=COLOUR_RGB('',0.94901967048645,0.94901967048645,1.0);
#4463=CARTESIAN_POINT('',(-5.95000000000001,-5.0,-3.62794919243112));
#4464=CARTESIAN_POINT('',(-5.95000000000001,-5.0,-3.36));
#4465=VECTOR('',#5421,1.0);
#4466=CARTESIAN_POINT('',(-5.05,-4.99999999999999,-3.62794919243112));
#4467=CARTESIAN_POINT('',(-5.05,-5.0,-4.26));
#4468=VECTOR('',#5422,1.0);
#4469=CARTESIAN_POINT('',(-45.4972636381758,-5.0,-3.62794919243111));
#4470=VECTOR('',#5423,1.0);
#4471=COLOUR_RGB('',0.94901967048645,0.94901967048645,1.0);
#4472=CARTESIAN_POINT('',(-5.05,-0.5,-4.26));
#4473=CARTESIAN_POINT('',(-5.05,-0.5,-4.26));
#4474=VECTOR('',#5424,1.0);
#4475=CARTESIAN_POINT('',(-5.05,-0.5,-3.36));
#4476=CARTESIAN_POINT('',(-5.05,-0.5,-8.81));
#4477=VECTOR('',#5425,1.0);
#4478=CARTESIAN_POINT('',(-5.05,-3.99999999999999,-3.36));
#4479=CARTESIAN_POINT('',(-5.05,-0.5,-3.36));
#4480=VECTOR('',#5426,1.0);
#4481=CARTESIAN_POINT('',(-5.05,-75.4858546571136,-22.5145770256222));
#4482=VECTOR('',#5427,1.0);
#4483=COLOUR_RGB('',0.94901967048645,0.94901967048645,1.0);
#4484=CARTESIAN_POINT('',(-5.95000000000001,-0.5,-3.36));
#4485=CARTESIAN_POINT('',(-5.95000000000001,-0.5,-4.26));
#4486=CARTESIAN_POINT('',(-5.95000000000001,-0.5,-8.81));
#4487=VECTOR('',#5428,1.0);
#4488=CARTESIAN_POINT('',(-5.95000000000001,-0.5,-4.26));
#4489=VECTOR('',#5429,1.0);
#4490=CARTESIAN_POINT('',(-5.95000000000001,-4.0,-3.36));
#4491=CARTESIAN_POINT('',(-5.95000000000001,-75.4858546571136,-22.5145770256222));
#4492=VECTOR('',#5430,1.0);
#4493=CARTESIAN_POINT('',(-5.95000000000001,-0.5,-3.36));
#4494=VECTOR('',#5431,1.0);
#4495=COLOUR_RGB('',0.501960813999176,1.0,0.501960813999176);
#4496=CARTESIAN_POINT('',(-2.10700000000003,0.0,0.128690699906688));
#4497=CARTESIAN_POINT('',(-2.25695934361607,0.0,0.307025686886847));
#4498=CARTESIAN_POINT('',(5.40941734941153,0.0,-8.81));
#4499=VECTOR('',#5432,1.0);
#4500=CARTESIAN_POINT('',(-2.25695934361607,-75.4858546571136,0.307025686886849));
#4501=VECTOR('',#5433,1.0);
#4502=CARTESIAN_POINT('',(-2.10700000000003,-75.4858546571136,0.128690699906699));
#4503=VECTOR('',#5434,1.0);
#4504=COLOUR_RGB('',0.501960813999176,1.0,0.501960813999176);
#4505=CARTESIAN_POINT('',(-2.10700000000037,0.0,-8.81));
#4506=VECTOR('',#5435,1.0);
#4507=COLOUR_RGB('',0.501960813999176,1.0,0.501960813999176);
#4508=CARTESIAN_POINT('',(-1.54304065638394,0.0,0.307025686886846));
#4509=CARTESIAN_POINT('',(-1.54304065638394,0.0,0.569999999999922));
#4510=CARTESIAN_POINT('',(-1.54304065638399,0.0,-8.81));
#4511=VECTOR('',#5436,1.0);
#4512=CARTESIAN_POINT('',(-1.54304065638394,-75.4858546571136,0.307025686886846));
#4513=VECTOR('',#5437,1.0);
#4514=CARTESIAN_POINT('',(-1.54304065638394,-75.4858546571136,0.569999999999922));
#4515=VECTOR('',#5438,1.0);
#4516=COLOUR_RGB('',0.501960813999176,1.0,0.501960813999176);
#4517=CARTESIAN_POINT('',(-2.25695934361607,0.0,0.569999999999922));
#4518=CARTESIAN_POINT('',(-2.25695934361607,0.0,-8.81));
#4519=VECTOR('',#5439,1.0);
#4520=CARTESIAN_POINT('',(-2.25695934361607,-75.4858546571136,0.569999999999922));
#4521=VECTOR('',#5440,1.0);
#4522=COLOUR_RGB('',0.501960813999176,1.0,0.501960813999176);
#4523=CARTESIAN_POINT('',(-45.4972636381758,0.0,0.569999999999928));
#4524=VECTOR('',#5441,1.0);
#4525=COLOUR_RGB('',0.501960813999176,1.0,0.501960813999176);
#4526=CARTESIAN_POINT('',(-1.693,0.0,0.128690699906693));
#4527=CARTESIAN_POINT('',(-9.20941734941314,0.0,-8.81));
#4528=VECTOR('',#5442,1.0);
#4529=CARTESIAN_POINT('',(-1.693,-75.4858546571136,0.128690699906693));
#4530=VECTOR('',#5443,1.0);
#4531=COLOUR_RGB('',0.501960813999176,1.0,0.501960813999176);
#4532=CARTESIAN_POINT('',(-1.693,0.0,-8.81));
#4533=VECTOR('',#5444,1.0);
#4534=COLOUR_RGB('',0.94901967048645,0.94901967048645,1.0);
#4535=CARTESIAN_POINT('',(-45.4972636381758,-0.5,-4.25999999999999));
#4536=VECTOR('',#5445,1.0);
#4537=COLOUR_RGB('',0.94901967048645,0.94901967048645,1.0);
#4538=CARTESIAN_POINT('',(-4.85000000000001,-0.5,-3.81));
#4539=CARTESIAN_POINT('',(-6.15,-0.5,-3.81));
#4540=AXIS2_PLACEMENT_3D('',#5446,#5447,#5448);
#4541=AXIS2_PLACEMENT_3D('',#5449,#5450,#5451);
#4542=CARTESIAN_POINT('',(-45.4972636381758,-0.5,-3.35999999999999));
#4543=VECTOR('',#5452,1.0);
#4544=COLOUR_RGB('',0.94901967048645,0.94901967048645,1.0);
#4545=CARTESIAN_POINT('',(-4.85000000000001,0.0,-3.81));
#4546=CARTESIAN_POINT('',(-4.85000000000001,0.0,-3.81));
#4547=VECTOR('',#5453,1.0);
#4548=CARTESIAN_POINT('',(-6.15,0.0,-3.81));
#4549=AXIS2_PLACEMENT_3D('',#5454,#5455,#5456);
#4550=CARTESIAN_POINT('',(-6.15,0.0,-3.81));
#4551=VECTOR('',#5457,1.0);
#4552=COLOUR_RGB('',0.501960813999176,1.0,0.501960813999176);
#4553=COLOUR_RGB('',0.94901967048645,0.94901967048645,1.0);
#4554=CARTESIAN_POINT('',(-45.4972636381758,-4.0,-3.35999999999999));
#4555=VECTOR('',#5458,1.0);
#4556=COLOUR_RGB('',0.94901967048645,0.94901967048645,1.0);
#4557=CARTESIAN_POINT('',(-3.93200136196025,16.0886751345948,-10.3569761087909));
#4558=CARTESIAN_POINT('',(-3.93200136196029,14.6326181038845,-10.3569761087909));
#4559=VECTOR('',#5459,1.0);
#4560=CARTESIAN_POINT('',(-4.86521429196397,16.0886751345948,-11.2901890387945));
#4561=CARTESIAN_POINT('',(47.596671240732,16.0886751345948,41.1716964939014));
#4562=VECTOR('',#5460,1.0);
#4563=CARTESIAN_POINT('',(-4.86521429196397,28.0,-11.2901890387945));
#4564=VECTOR('',#5461,1.0);
#4565=COLOUR_RGB('',0.94901967048645,0.94901967048645,1.0);
#4566=COLOUR_RGB('',0.94901967048645,0.94901967048645,1.0);
#4567=AXIS2_PLACEMENT_3D('',#5462,#5463,#5464);
#4568=CARTESIAN_POINT('',(-5.63981096120546,16.0886751345948,-12.064785708036));
#4569=CARTESIAN_POINT('',(47.596671240732,16.0886751345948,41.1716964939014));
#4570=VECTOR('',#5465,1.0);
#4571=AXIS2_PLACEMENT_3D('',#5466,#5467,#5468);
#4572=COLOUR_RGB('',0.501960813999176,1.0,0.501960813999176);
#4573=COLOUR_RGB('',0.501960813999176,1.0,0.501960813999176);
#4574=CARTESIAN_POINT('',(0.0,8.8,-8.81));
#4575=VECTOR('',#5469,1.0);
#4576=COLOUR_RGB('',0.501960813999176,1.0,0.501960813999176);
#4577=CARTESIAN_POINT('',(-7.5,14.7886751345948,-11.43));
#4578=CARTESIAN_POINT('',(-3.5,14.7886751345948,-11.43));
#4579=AXIS2_PLACEMENT_3D('',#5470,#5471,#5472);
#4580=AXIS2_PLACEMENT_3D('',#5473,#5474,#5475);
#4581=AXIS2_PLACEMENT_3D('',#5476,#5477,#5478);
#4582=COLOUR_RGB('',0.94901967048645,0.94901967048645,1.0);
#4583=CARTESIAN_POINT('',(-4.86521429196397,15.0886751345948,-3.67018903879453));
#4584=CARTESIAN_POINT('',(-3.93200136196029,15.0886751345948,-2.73697610879085));
#4585=CARTESIAN_POINT('',(47.596671240732,15.0886751345948,48.7916964939014));
#4586=VECTOR('',#5479,1.0);
#4587=CARTESIAN_POINT('',(-5.36018903879492,15.0886751345948,-3.17521429196388));
#4588=AXIS2_PLACEMENT_3D('',#5480,#5481,#5482);
#4589=CARTESIAN_POINT('',(-4.42697610879091,15.0886751345948,-2.24200136196025));
#4590=CARTESIAN_POINT('',(47.596671240732,15.0886751345948,49.7816459875626));
#4591=VECTOR('',#5483,1.0);
#4592=AXIS2_PLACEMENT_3D('',#5484,#5485,#5486);
#4593=COLOUR_RGB('',0.94901967048645,0.94901967048645,1.0);
#4594=CARTESIAN_POINT('',(-3.60000000000001,14.6326181038845,-3.81));
#4595=VECTOR('',#5487,1.0);
#4596=CARTESIAN_POINT('',(-7.4,14.6326181038845,-3.81));
#4597=VECTOR('',#5488,1.0);
#4598=CARTESIAN_POINT('',(-7.06799863803975,15.0886751345948,-4.88302389120908));
#4599=CARTESIAN_POINT('',(-7.06799863803974,14.6326181038845,-4.88302389120911));
#4600=VECTOR('',#5489,1.0);
#4601=AXIS2_PLACEMENT_3D('',#5490,#5491,#5492);
#4602=COLOUR_RGB('',0.501960813999176,1.0,0.501960813999176);
#4603=CARTESIAN_POINT('',(-3.0,18.0,-15.24));
#4604=CARTESIAN_POINT('',(-3.0,18.0,-8.81));
#4605=VECTOR('',#5493,1.0);
#4606=CARTESIAN_POINT('',(-3.00000000000004,16.476537180436,-15.24));
#4607=CARTESIAN_POINT('',(-3.0,16.476537180436,-11.35));
#4608=VECTOR('',#5494,1.0);
#4609=CARTESIAN_POINT('',(-3.0,-75.4858546571136,-15.24));
#4610=VECTOR('',#5495,1.0);
#4611=COLOUR_RGB('',0.501960813999176,1.0,0.501960813999176);
#4612=CARTESIAN_POINT('',(-0.29999999999999,11.8,-15.24));
#4613=CARTESIAN_POINT('',(-0.29999999999999,11.8,-8.81));
#4614=VECTOR('',#5496,1.0);
#4615=CARTESIAN_POINT('',(50.0945116827311,-75.4858546571136,-15.24));
#4616=VECTOR('',#5497,1.0);
#4617=COLOUR_RGB('',0.501960813999176,1.0,0.501960813999176);
#4618=CARTESIAN_POINT('',(-8.62743513467471,18.0,-15.24));
#4619=CARTESIAN_POINT('',(-8.62743513467471,18.0,-11.43));
#4620=VECTOR('',#5498,1.0);
#4621=CARTESIAN_POINT('',(-8.9272523827804,17.7104698490107,-15.24));
#4622=AXIS2_PLACEMENT_3D('',#5499,#5500,#5501);
#4623=CARTESIAN_POINT('',(-8.9272523827804,17.7104698490107,-6.39));
#4624=VECTOR('',#5502,1.0);
#4625=COLOUR_RGB('',0.94901967048645,0.94901967048645,1.0);
#4626=CARTESIAN_POINT('',(-5.36018903879459,28.0,-3.17521429196396));
#4627=VECTOR('',#5503,1.0);
#4628=CARTESIAN_POINT('',(-4.4269761087909,14.6326181038845,-2.24200136196026));
#4629=VECTOR('',#5504,1.0);
#4630=COLOUR_RGB('',0.501960813999176,1.0,0.501960813999176);
#4631=CARTESIAN_POINT('',(-7.5,18.0,-11.43));
#4632=CARTESIAN_POINT('',(-3.5,18.0,-11.43));
#4633=AXIS2_PLACEMENT_3D('',#5505,#5506,#5507);
#4634=CARTESIAN_POINT('',(-7.5,16.3943375672974,-11.43));
#4635=VECTOR('',#5508,1.0);
#4636=CARTESIAN_POINT('',(-3.5,16.3943375672974,-11.43));
#4637=VECTOR('',#5509,1.0);
#4638=COLOUR_RGB('',0.501960813999176,1.0,0.501960813999176);
#4639=CARTESIAN_POINT('',(-10.9314792232064,9.05515998923241,-15.24));
#4640=CARTESIAN_POINT('',(-10.9314792232064,9.05515998923241,-11.35));
#4641=VECTOR('',#5510,1.0);
#4642=CARTESIAN_POINT('',(-11.2,5.16999999999992,-15.24));
#4643=CARTESIAN_POINT('',(-16.7744867149625,-75.4858546571136,-15.24));
#4644=VECTOR('',#5511,1.0);
#4645=CARTESIAN_POINT('',(-11.2,5.16999999999992,-8.81));
#4646=VECTOR('',#5512,1.0);
#4647=COLOUR_RGB('',0.501960813999176,1.0,0.501960813999176);
#4648=CARTESIAN_POINT('',(-11.2,0.0,-15.24));
#4649=CARTESIAN_POINT('',(-11.2,0.0,-11.35));
#4650=VECTOR('',#5513,1.0);
#4651=CARTESIAN_POINT('',(-2.10700000000003,0.0,-15.24));
#4652=CARTESIAN_POINT('',(-45.4972636381758,0.0,-15.24));
#4653=VECTOR('',#5514,1.0);
#4654=CARTESIAN_POINT('',(-2.10700000000003,0.0,-15.1113093000933));
#4655=CARTESIAN_POINT('',(-2.10699999999988,0.0,-11.35));
#4656=VECTOR('',#5515,1.0);
#4657=CARTESIAN_POINT('',(-2.25695934361607,0.0,-14.9329743131131));
#4658=CARTESIAN_POINT('',(-5.26983127237189,0.0,-11.35));
#4659=VECTOR('',#5516,1.0);
#4660=CARTESIAN_POINT('',(-2.25695934361607,0.0,-14.6700000000001));
#4661=CARTESIAN_POINT('',(-2.25695934361607,0.0,-11.35));
#4662=VECTOR('',#5517,1.0);
#4663=CARTESIAN_POINT('',(-1.54304065638394,0.0,-14.6700000000001));
#4664=CARTESIAN_POINT('',(-45.4972636381758,0.0,-14.6700000000001));
#4665=VECTOR('',#5518,1.0);
#4666=CARTESIAN_POINT('',(-1.54304065638394,0.0,-14.9329743131131));
#4667=CARTESIAN_POINT('',(-1.54304065638392,0.0,-11.35));
#4668=VECTOR('',#5519,1.0);
#4669=CARTESIAN_POINT('',(-1.693,0.0,-15.1113093000933));
#4670=CARTESIAN_POINT('',(1.46983127237252,0.0,-11.35));
#4671=VECTOR('',#5520,1.0);
#4672=CARTESIAN_POINT('',(-1.693,0.0,-15.24));
#4673=CARTESIAN_POINT('',(-1.693,0.0,-11.35));
#4674=VECTOR('',#5521,1.0);
#4675=CARTESIAN_POINT('',(0.0,0.0,-15.24));
#4676=CARTESIAN_POINT('',(-45.4972636381758,0.0,-15.24));
#4677=VECTOR('',#5522,1.0);
#4678=CARTESIAN_POINT('',(0.0,0.0,-11.35));
#4679=VECTOR('',#5523,1.0);
#4680=CARTESIAN_POINT('',(-4.85000000000001,0.0,-11.43));
#4681=CARTESIAN_POINT('',(-6.15,0.0,-11.43));
#4682=AXIS2_PLACEMENT_3D('',#5524,#5525,#5526);
#4683=AXIS2_PLACEMENT_3D('',#5527,#5528,#5529);
#4684=AXIS2_PLACEMENT_3D('',#5530,#5531,#5532);
#4685=COLOUR_RGB('',0.94901967048645,0.94901967048645,1.0);
#4686=CARTESIAN_POINT('',(-6.15,-0.5,-11.43));
#4687=CARTESIAN_POINT('',(-6.15,0.0,-11.43));
#4688=VECTOR('',#5533,1.0);
#4689=CARTESIAN_POINT('',(-4.85000000000001,-0.5,-11.43));
#4690=AXIS2_PLACEMENT_3D('',#5534,#5535,#5536);
#4691=CARTESIAN_POINT('',(-4.85000000000001,0.0,-11.43));
#4692=VECTOR('',#5537,1.0);
#4693=COLOUR_RGB('',0.94901967048645,0.94901967048645,1.0);
#4694=AXIS2_PLACEMENT_3D('',#5538,#5539,#5540);
#4695=CARTESIAN_POINT('',(-5.95000000000001,-0.5,-10.98));
#4696=CARTESIAN_POINT('',(-5.95000000000001,-0.5,-11.88));
#4697=CARTESIAN_POINT('',(-5.95000000000001,-0.5,-11.43));
#4698=VECTOR('',#5541,1.0);
#4699=CARTESIAN_POINT('',(-5.05,-0.5,-10.98));
#4700=CARTESIAN_POINT('',(-45.4972636381758,-0.5,-10.98));
#4701=VECTOR('',#5542,1.0);
#4702=CARTESIAN_POINT('',(-5.05,-0.5,-11.88));
#4703=CARTESIAN_POINT('',(-5.05,-0.5,-11.43));
#4704=VECTOR('',#5543,1.0);
#4705=CARTESIAN_POINT('',(-45.4972636381758,-0.5,-11.88));
#4706=VECTOR('',#5544,1.0);
#4707=COLOUR_RGB('',0.94901967048645,0.94901967048645,1.0);
#4708=CARTESIAN_POINT('',(-5.05,-3.99999999999999,-11.88));
#4709=CARTESIAN_POINT('',(-5.05,-0.5,-11.88));
#4710=VECTOR('',#5545,1.0);
#4711=CARTESIAN_POINT('',(-5.95000000000001,-3.99999999999999,-11.88));
#4712=CARTESIAN_POINT('',(-45.4972636381758,-3.99999999999999,-11.88));
#4713=VECTOR('',#5546,1.0);
#4714=CARTESIAN_POINT('',(-5.95000000000001,-0.5,-11.88));
#4715=VECTOR('',#5547,1.0);
#4716=COLOUR_RGB('',0.94901967048645,0.94901967048645,1.0);
#4717=CARTESIAN_POINT('',(-5.95000000000001,-3.99999999999999,-10.98));
#4718=CARTESIAN_POINT('',(-5.95000000000001,-0.5,-10.98));
#4719=VECTOR('',#5548,1.0);
#4720=CARTESIAN_POINT('',(-5.05,-3.99999999999999,-10.98));
#4721=CARTESIAN_POINT('',(-45.4972636381758,-3.99999999999999,-10.98));
#4722=VECTOR('',#5549,1.0);
#4723=CARTESIAN_POINT('',(-5.05,-0.5,-10.98));
#4724=VECTOR('',#5550,1.0);
#4725=COLOUR_RGB('',0.94901967048645,0.94901967048645,1.0);
#4726=CARTESIAN_POINT('',(-5.05,-5.0,-11.2479491924311));
#4727=CARTESIAN_POINT('',(-5.95000000000001,-4.99999999999999,-11.2479491924311));
#4728=CARTESIAN_POINT('',(-45.4972636381758,-5.0,-11.2479491924311));
#4729=VECTOR('',#5551,1.0);
#4730=CARTESIAN_POINT('',(-5.95000000000001,-4.99999999999999,-11.6120508075689));
#4731=CARTESIAN_POINT('',(-5.95000000000001,-5.0,-11.88));
#4732=VECTOR('',#5552,1.0);
#4733=CARTESIAN_POINT('',(-5.05,-5.0,-11.6120508075689));
#4734=CARTESIAN_POINT('',(-45.4972636381758,-5.0,-11.6120508075689));
#4735=VECTOR('',#5553,1.0);
#4736=CARTESIAN_POINT('',(-5.05,-5.0,-10.98));
#4737=VECTOR('',#5554,1.0);
#4738=COLOUR_RGB('',0.94901967048645,0.94901967048645,1.0);
#4739=CARTESIAN_POINT('',(-5.95000000000001,-75.4858546571136,-30.1345770256222));
#4740=VECTOR('',#5555,1.0);
#4741=CARTESIAN_POINT('',(-5.95000000000001,-75.4858546571136,7.27457702562219));
#4742=VECTOR('',#5556,1.0);
#4743=COLOUR_RGB('',0.94901967048645,0.94901967048645,1.0);
#4744=CARTESIAN_POINT('',(-5.05,-75.4858546571136,-30.1345770256222));
#4745=VECTOR('',#5557,1.0);
#4746=CARTESIAN_POINT('',(-5.05,-75.4858546571136,7.27457702562219));
#4747=VECTOR('',#5558,1.0);
#4748=COLOUR_RGB('',0.94901967048645,0.94901967048645,1.0);
#4749=COLOUR_RGB('',0.94901967048645,0.94901967048645,1.0);
#4750=COLOUR_RGB('',0.501960813999176,1.0,0.501960813999176);
#4751=CARTESIAN_POINT('',(-1.54304065638394,12.0,-14.9329743131131));
#4752=CARTESIAN_POINT('',(-1.54304065638394,-75.4858546571136,-14.9329743131132));
#4753=VECTOR('',#5559,1.0);
#4754=CARTESIAN_POINT('',(-1.693,12.0,-15.1113093000933));
#4755=CARTESIAN_POINT('',(1.46983127237252,12.0,-11.35));
#4756=VECTOR('',#5560,1.0);
#4757=CARTESIAN_POINT('',(-1.693,-75.4858546571136,-15.1113093000933));
#4758=VECTOR('',#5561,1.0);
#4759=COLOUR_RGB('',0.501960813999176,1.0,0.501960813999176);
#4760=CARTESIAN_POINT('',(-1.693,12.0,-15.24));
#4761=CARTESIAN_POINT('',(-1.693,12.0,-11.35));
#4762=VECTOR('',#5562,1.0);
#4763=CARTESIAN_POINT('',(-1.693,-75.4858546571136,-15.24));
#4764=VECTOR('',#5563,1.0);
#4765=COLOUR_RGB('',0.501960813999176,1.0,0.501960813999176);
#4766=CARTESIAN_POINT('',(-2.10700000000003,12.0,-15.1113093000933));
#4767=CARTESIAN_POINT('',(-2.25695934361607,12.0,-14.9329743131131));
#4768=CARTESIAN_POINT('',(-5.26983127237189,12.0,-11.35));
#4769=VECTOR('',#5564,1.0);
#4770=CARTESIAN_POINT('',(-2.10700000000003,12.0,-15.24));
#4771=CARTESIAN_POINT('',(-2.10699999999988,12.0,-11.35));
#4772=VECTOR('',#5565,1.0);
#4773=CARTESIAN_POINT('',(-45.4972636381758,12.0,-15.24));
#4774=VECTOR('',#5566,1.0);
#4775=CARTESIAN_POINT('',(-1.54304065638394,12.0,-14.6700000000001));
#4776=CARTESIAN_POINT('',(-1.54304065638392,12.0,-11.35));
#4777=VECTOR('',#5567,1.0);
#4778=CARTESIAN_POINT('',(-2.25695934361607,12.0,-14.6700000000001));
#4779=CARTESIAN_POINT('',(-45.4972636381758,12.0,-14.6700000000001));
#4780=VECTOR('',#5568,1.0);
#4781=CARTESIAN_POINT('',(-2.25695934361607,12.0,-11.35));
#4782=VECTOR('',#5569,1.0);
#4783=COLOUR_RGB('',0.501960813999176,1.0,0.501960813999176);
#4784=CARTESIAN_POINT('',(-2.10700000000003,-75.4858546571136,-15.1113093000933));
#4785=VECTOR('',#5570,1.0);
#4786=CARTESIAN_POINT('',(-2.25695934361607,-75.4858546571136,-14.9329743131132));
#4787=VECTOR('',#5571,1.0);
#4788=COLOUR_RGB('',0.501960813999176,1.0,0.501960813999176);
#4789=CARTESIAN_POINT('',(-2.25695934361607,-75.4858546571136,-14.6700000000001));
#4790=VECTOR('',#5572,1.0);
#4791=COLOUR_RGB('',0.501960813999176,1.0,0.501960813999176);
#4792=CARTESIAN_POINT('',(-1.54304065638394,-75.4858546571136,-14.6700000000001));
#4793=VECTOR('',#5573,1.0);
#4794=COLOUR_RGB('',0.501960813999176,1.0,0.501960813999176);
#4795=COLOUR_RGB('',0.501960813999176,1.0,0.501960813999176);
#4796=CARTESIAN_POINT('',(-2.10700000000003,-75.4858546571136,-15.24));
#4797=VECTOR('',#5574,1.0);
#4798=COLOUR_RGB('',0.501960813999176,1.0,0.501960813999176);
#4799=CARTESIAN_POINT('',(-11.2,-75.4858546571136,-15.24));
#4800=VECTOR('',#5575,1.0);
#4801=COLOUR_RGB('',0.501960813999176,1.0,0.501960813999176);
#4802=CARTESIAN_POINT('',(-45.4972636381758,18.0,-15.24));
#4803=VECTOR('',#5576,1.0);
#4804=CARTESIAN_POINT('',(7.105427357601E-15,11.5,-15.24));
#4805=AXIS2_PLACEMENT_3D('',#5577,#5578,#5579);
#4806=CARTESIAN_POINT('',(0.0,-75.4858546571136,-15.24));
#4807=VECTOR('',#5580,1.0);
#4808=CARTESIAN_POINT('',(-10.1333831289997,9.80000000000007,-15.24));
#4809=AXIS2_PLACEMENT_3D('',#5581,#5582,#5583);
#4810=CARTESIAN_POINT('',(-9.2034920769492,9.8,-15.24));
#4811=CARTESIAN_POINT('',(-45.4972636381758,9.8,-15.24));
#4812=VECTOR('',#5584,1.0);
#4813=CARTESIAN_POINT('',(-12.1817397483378,-75.4858546571136,-15.24));
#4814=VECTOR('',#5585,1.0);
#4815=CARTESIAN_POINT('',(-7.70000000000001,0.710795812577899,-15.24));
#4816=CARTESIAN_POINT('',(-7.70000000000009,3.28920418742207,-15.24));
#4817=CARTESIAN_POINT('',(-7.70000000000001,-75.4858546571136,-15.24));
#4818=VECTOR('',#5586,1.0);
#4819=CARTESIAN_POINT('',(-7.91079581257801,3.5,-15.24));
#4820=AXIS2_PLACEMENT_3D('',#5587,#5588,#5589);
#4821=CARTESIAN_POINT('',(-10.489204187422,3.5,-15.24));
#4822=CARTESIAN_POINT('',(-45.4972636381758,3.5,-15.24));
#4823=VECTOR('',#5590,1.0);
#4824=CARTESIAN_POINT('',(-10.7,3.28920418742207,-15.24));
#4825=AXIS2_PLACEMENT_3D('',#5591,#5592,#5593);
#4826=CARTESIAN_POINT('',(-10.6999999999999,0.710795812577899,-15.24));
#4827=CARTESIAN_POINT('',(-10.7,-75.4858546571136,-15.24));
#4828=VECTOR('',#5594,1.0);
#4829=CARTESIAN_POINT('',(-10.489204187422,0.5,-15.24));
#4830=AXIS2_PLACEMENT_3D('',#5595,#5596,#5597);
#4831=CARTESIAN_POINT('',(-7.91079581257801,0.5,-15.24));
#4832=CARTESIAN_POINT('',(-45.4972636381758,0.5,-15.24));
#4833=VECTOR('',#5598,1.0);
#4834=AXIS2_PLACEMENT_3D('',#5599,#5600,#5601);
#4835=COLOUR_RGB('',0.501960813999176,1.0,0.501960813999176);
#4836=CARTESIAN_POINT('',(-10.6999999999999,0.710795812577899,-15.14));
#4837=CARTESIAN_POINT('',(-10.6999999999999,0.710795812577899,-15.24));
#4838=VECTOR('',#5602,1.0);
#4839=CARTESIAN_POINT('',(-10.489204187422,0.5,-15.14));
#4840=AXIS2_PLACEMENT_3D('',#5603,#5604,#5605);
#4841=CARTESIAN_POINT('',(-10.489204187422,0.5,-15.24));
#4842=VECTOR('',#5606,1.0);
#4843=COLOUR_RGB('',0.501960813999176,1.0,0.501960813999176);
#4844=CARTESIAN_POINT('',(-7.91079581257801,0.5,-15.14));
#4845=CARTESIAN_POINT('',(-45.4972636381758,0.5,-15.14));
#4846=VECTOR('',#5607,1.0);
#4847=CARTESIAN_POINT('',(-7.91079581257801,0.5,-15.24));
#4848=VECTOR('',#5608,1.0);
#4849=COLOUR_RGB('',0.501960813999176,1.0,0.501960813999176);
#4850=CARTESIAN_POINT('',(-10.7,3.28920418742207,-15.14));
#4851=CARTESIAN_POINT('',(-10.7,3.28920418742207,-15.24));
#4852=VECTOR('',#5609,1.0);
#4853=CARTESIAN_POINT('',(-10.7,-75.4858546571136,-15.14));
#4854=VECTOR('',#5610,1.0);
#4855=COLOUR_RGB('',0.501960813999176,1.0,0.501960813999176);
#4856=CARTESIAN_POINT('',(-10.489204187422,3.5,-15.14));
#4857=CARTESIAN_POINT('',(-10.489204187422,3.5,-15.24));
#4858=VECTOR('',#5611,1.0);
#4859=AXIS2_PLACEMENT_3D('',#5612,#5613,#5614);
#4860=COLOUR_RGB('',0.501960813999176,1.0,0.501960813999176);
#4861=CARTESIAN_POINT('',(-7.91079581257801,3.5,-15.14));
#4862=CARTESIAN_POINT('',(-7.91079581257801,3.5,-15.24));
#4863=VECTOR('',#5615,1.0);
#4864=CARTESIAN_POINT('',(-45.4972636381758,3.5,-15.14));
#4865=VECTOR('',#5616,1.0);
#4866=COLOUR_RGB('',0.501960813999176,1.0,0.501960813999176);
#4867=CARTESIAN_POINT('',(-7.70000000000009,3.28920418742207,-15.14));
#4868=CARTESIAN_POINT('',(-7.70000000000009,3.28920418742207,-15.24));
#4869=VECTOR('',#5617,1.0);
#4870=AXIS2_PLACEMENT_3D('',#5618,#5619,#5620);
#4871=COLOUR_RGB('',0.501960813999176,1.0,0.501960813999176);
#4872=CARTESIAN_POINT('',(-7.70000000000001,0.710795812577899,-15.14));
#4873=AXIS2_PLACEMENT_3D('',#5621,#5622,#5623);
#4874=CARTESIAN_POINT('',(-7.70000000000001,0.710795812577899,-15.24));
#4875=VECTOR('',#5624,1.0);
#4876=COLOUR_RGB('',0.501960813999176,1.0,0.501960813999176);
#4877=CARTESIAN_POINT('',(-7.70000000000001,-75.4858546571136,-15.14));
#4878=VECTOR('',#5625,1.0);
#4879=CARTESIAN_POINT('',(-9.60156797349086,2.22380789977419,-15.14));
#4880=CARTESIAN_POINT('',(-9.34423357788254,2.63471023847727,-15.14));
#4881=AXIS2_PLACEMENT_3D('',#5626,#5627,#5628);
#4882=CARTESIAN_POINT('',(-9.255156287095,2.7769456634131,-15.14));
#4883=AXIS2_PLACEMENT_3D('',#5629,#5630,#5631);
#4884=CARTESIAN_POINT('',(-9.25515628709515,3.01689461438592,-15.14));
#4885=CARTESIAN_POINT('',(-9.255156287095,-75.4858546571136,-15.14));
#4886=VECTOR('',#5632,1.0);
#4887=CARTESIAN_POINT('',(-9.41325314652858,3.17499147381936,-15.14));
#4888=AXIS2_PLACEMENT_3D('',#5633,#5634,#5635);
#4889=CARTESIAN_POINT('',(-9.42590479634261,3.17499147381936,-15.14));
#4890=CARTESIAN_POINT('',(-45.4972636381758,3.17499147381936,-15.14));
#4891=VECTOR('',#5636,1.0);
#4892=CARTESIAN_POINT('',(-10.3770883703878,2.22380789977419,-15.14));
#4893=AXIS2_PLACEMENT_3D('',#5637,#5638,#5639);
#4894=CARTESIAN_POINT('',(-9.42590479634261,1.27262432572897,-15.14));
#4895=AXIS2_PLACEMENT_3D('',#5640,#5641,#5642);
#4896=CARTESIAN_POINT('',(-9.41325314652858,1.27262432572904,-15.14));
#4897=CARTESIAN_POINT('',(-45.4972636381758,1.27262432572897,-15.14));
#4898=VECTOR('',#5643,1.0);
#4899=CARTESIAN_POINT('',(-9.25515628709521,1.43072118516243,-15.14));
#4900=AXIS2_PLACEMENT_3D('',#5644,#5645,#5646);
#4901=CARTESIAN_POINT('',(-9.25515628709515,1.67067013613534,-15.14));
#4902=CARTESIAN_POINT('',(-9.25515628709521,-75.4858546571136,-15.14));
#4903=VECTOR('',#5647,1.0);
#4904=CARTESIAN_POINT('',(-9.3442335778826,1.81290556107103,-15.14));
#4905=AXIS2_PLACEMENT_3D('',#5648,#5649,#5650);
#4906=AXIS2_PLACEMENT_3D('',#5651,#5652,#5653);
#4907=CARTESIAN_POINT('',(-9.03453113871591,3.01689461438592,-15.14));
#4908=CARTESIAN_POINT('',(-9.03453113871571,2.7769456634131,-15.14));
#4909=CARTESIAN_POINT('',(-9.03453113871591,-75.4858546571136,-15.14));
#4910=VECTOR('',#5654,1.0);
#4911=CARTESIAN_POINT('',(-8.94545384792819,2.63471023847737,-15.14));
#4912=AXIS2_PLACEMENT_3D('',#5655,#5656,#5657);
#4913=CARTESIAN_POINT('',(-8.68811945231988,2.22380789977419,-15.14));
#4914=AXIS2_PLACEMENT_3D('',#5658,#5659,#5660);
#4915=CARTESIAN_POINT('',(-8.94545384792814,1.81290556107095,-15.14));
#4916=AXIS2_PLACEMENT_3D('',#5661,#5662,#5663);
#4917=CARTESIAN_POINT('',(-9.03453113871559,1.67067013613534,-15.14));
#4918=AXIS2_PLACEMENT_3D('',#5664,#5665,#5666);
#4919=CARTESIAN_POINT('',(-9.03453113871574,0.983105385621869,-15.14));
#4920=CARTESIAN_POINT('',(-9.03453113871559,-75.4858546571136,-15.14));
#4921=VECTOR('',#5667,1.0);
#4922=CARTESIAN_POINT('',(-8.87643427928229,0.825008526188427,-15.14));
#4923=AXIS2_PLACEMENT_3D('',#5668,#5669,#5670);
#4924=CARTESIAN_POINT('',(-8.19981483044118,0.825008526188427,-15.14));
#4925=CARTESIAN_POINT('',(-45.4972636381758,0.825008526188427,-15.14));
#4926=VECTOR('',#5671,1.0);
#4927=CARTESIAN_POINT('',(-8.04171797100769,0.983105385621869,-15.14));
#4928=AXIS2_PLACEMENT_3D('',#5672,#5673,#5674);
#4929=CARTESIAN_POINT('',(-8.04171797100774,3.01689461438592,-15.14));
#4930=CARTESIAN_POINT('',(-8.04171797100769,-75.4858546571136,-15.14));
#4931=VECTOR('',#5675,1.0);
#4932=CARTESIAN_POINT('',(-8.19981483044118,3.17499147381938,-15.14));
#4933=AXIS2_PLACEMENT_3D('',#5676,#5677,#5678);
#4934=CARTESIAN_POINT('',(-8.87643427928229,3.17499147381935,-15.14));
#4935=CARTESIAN_POINT('',(-45.4972636381758,3.1749914738183,-15.14));
#4936=VECTOR('',#5679,1.0);
#4937=AXIS2_PLACEMENT_3D('',#5680,#5681,#5682);
#4938=CARTESIAN_POINT('',(-8.9164815826126,2.22380789977419,-15.14));
#4939=CARTESIAN_POINT('',(-9.37320584319819,2.22380789977419,-15.14));
#4940=AXIS2_PLACEMENT_3D('',#5683,#5684,#5685);
#4941=AXIS2_PLACEMENT_3D('',#5686,#5687,#5688);
#4942=COLOUR_RGB('',0.501960813999176,1.0,0.501960813999176);
#4943=CARTESIAN_POINT('',(-9.34423357788254,2.63471023847727,-15.24));
#4944=CARTESIAN_POINT('',(-9.3442335778826,2.63471023847737,-15.24));
#4945=VECTOR('',#5689,1.0);
#4946=CARTESIAN_POINT('',(-9.60156797349086,2.22380789977419,-15.24));
#4947=CARTESIAN_POINT('',(-9.60156797349086,2.22380789977419,-15.24));
#4948=VECTOR('',#5690,1.0);
#4949=AXIS2_PLACEMENT_3D('',#5691,#5692,#5693);
#4950=COLOUR_RGB('',0.501960813999176,1.0,0.501960813999176);
#4951=CARTESIAN_POINT('',(-9.25515628709515,3.01689461438592,-15.24));
#4952=CARTESIAN_POINT('',(-9.25515628709515,3.01689461438592,-15.24));
#4953=VECTOR('',#5694,1.0);
#4954=CARTESIAN_POINT('',(-9.255156287095,2.7769456634131,-15.24));
#4955=CARTESIAN_POINT('',(-9.255156287095,2.7769456634131,-15.24));
#4956=VECTOR('',#5695,1.0);
#4957=CARTESIAN_POINT('',(-9.255156287095,-75.4858546571136,-15.24));
#4958=VECTOR('',#5696,1.0);
#4959=COLOUR_RGB('',0.501960813999176,1.0,0.501960813999176);
#4960=CARTESIAN_POINT('',(-9.42590479634261,3.17499147381936,-15.24));
#4961=CARTESIAN_POINT('',(-9.41325314652858,3.17499147381936,-15.24));
#4962=CARTESIAN_POINT('',(-45.4972636381758,3.17499147381936,-15.24));
#4963=VECTOR('',#5697,1.0);
#4964=AXIS2_PLACEMENT_3D('',#5698,#5699,#5700);
#4965=AXIS2_PLACEMENT_3D('',#5701,#5702,#5703);
#4966=CARTESIAN_POINT('',(-9.34423357788259,1.81290556107103,-15.24));
#4967=AXIS2_PLACEMENT_3D('',#5704,#5705,#5706);
#4968=CARTESIAN_POINT('',(-9.25515628709515,1.67067013613534,-15.24));
#4969=AXIS2_PLACEMENT_3D('',#5707,#5708,#5709);
#4970=CARTESIAN_POINT('',(-9.25515628709521,1.43072118516243,-15.24));
#4971=CARTESIAN_POINT('',(-9.25515628709521,-75.4858546571136,-15.24));
#4972=VECTOR('',#5710,1.0);
#4973=CARTESIAN_POINT('',(-9.41325314652858,1.27262432572904,-15.24));
#4974=AXIS2_PLACEMENT_3D('',#5711,#5712,#5713);
#4975=CARTESIAN_POINT('',(-9.42590479634261,1.27262432572897,-15.24));
#4976=CARTESIAN_POINT('',(-45.4972636381758,1.27262432572897,-15.24));
#4977=VECTOR('',#5714,1.0);
#4978=CARTESIAN_POINT('',(-10.3770883703878,2.22380789977419,-15.24));
#4979=AXIS2_PLACEMENT_3D('',#5715,#5716,#5717);
#4980=AXIS2_PLACEMENT_3D('',#5718,#5719,#5720);
#4981=COLOUR_RGB('',0.501960813999176,1.0,0.501960813999176);
#4982=CARTESIAN_POINT('',(-9.41325314652858,3.17499147381936,-15.24));
#4983=VECTOR('',#5721,1.0);
#4984=COLOUR_RGB('',0.501960813999176,1.0,0.501960813999176);
#4985=CARTESIAN_POINT('',(-9.42590479634261,3.17499147381936,-15.24));
#4986=VECTOR('',#5722,1.0);
#4987=COLOUR_RGB('',0.501960813999176,1.0,0.501960813999176);
#4988=CARTESIAN_POINT('',(-9.25515628709521,1.43072118516243,-15.24));
#4989=VECTOR('',#5723,1.0);
#4990=CARTESIAN_POINT('',(-9.41325314652858,1.27262432572897,-15.24));
#4991=VECTOR('',#5724,1.0);
#4992=COLOUR_RGB('',0.501960813999176,1.0,0.501960813999176);
#4993=CARTESIAN_POINT('',(-9.42590479634261,1.27262432572897,-15.24));
#4994=VECTOR('',#5725,1.0);
#4995=COLOUR_RGB('',0.501960813999176,1.0,0.501960813999176);
#4996=CARTESIAN_POINT('',(-10.3770883703878,2.22380789977419,-15.24));
#4997=VECTOR('',#5726,1.0);
#4998=COLOUR_RGB('',0.501960813999176,1.0,0.501960813999176);
#4999=COLOUR_RGB('',0.501960813999176,1.0,0.501960813999176);
#5000=CARTESIAN_POINT('',(-9.3442335778826,1.81290556107102,-15.24));
#5001=VECTOR('',#5727,1.0);
#5002=CARTESIAN_POINT('',(-9.25515628709515,1.67067013613534,-15.24));
#5003=VECTOR('',#5728,1.0);
#5004=COLOUR_RGB('',0.501960813999176,1.0,0.501960813999176);
#5005=COLOUR_RGB('',0.501960813999176,1.0,0.501960813999176);
#5006=CARTESIAN_POINT('',(-9.03453113871591,3.01689461438592,-15.24));
#5007=CARTESIAN_POINT('',(-9.03453113871591,3.01689461438592,-15.24));
#5008=VECTOR('',#5729,1.0);
#5009=CARTESIAN_POINT('',(-8.87643427928229,3.17499147381935,-15.24));
#5010=CARTESIAN_POINT('',(-8.87643427928229,3.17499147381936,-15.24));
#5011=VECTOR('',#5730,1.0);
#5012=AXIS2_PLACEMENT_3D('',#5731,#5732,#5733);
#5013=COLOUR_RGB('',0.501960813999176,1.0,0.501960813999176);
#5014=CARTESIAN_POINT('',(-9.03453113871571,2.7769456634131,-15.24));
#5015=CARTESIAN_POINT('',(-9.03453113871571,2.7769456634131,-15.24));
#5016=VECTOR('',#5734,1.0);
#5017=CARTESIAN_POINT('',(-9.03453113871591,-75.4858546571136,-15.24));
#5018=VECTOR('',#5735,1.0);
#5019=COLOUR_RGB('',0.501960813999176,1.0,0.501960813999176);
#5020=CARTESIAN_POINT('',(-9.03453113871559,1.67067013613534,-15.24));
#5021=CARTESIAN_POINT('',(-9.03453113871559,1.67067013613534,-15.24));
#5022=VECTOR('',#5736,1.0);
#5023=CARTESIAN_POINT('',(-8.94545384792814,1.81290556107095,-15.24));
#5024=CARTESIAN_POINT('',(-8.94545384792819,1.81290556107102,-15.24));
#5025=VECTOR('',#5737,1.0);
#5026=AXIS2_PLACEMENT_3D('',#5738,#5739,#5740);
#5027=COLOUR_RGB('',0.501960813999176,1.0,0.501960813999176);
#5028=CARTESIAN_POINT('',(-8.04171797100769,0.983105385621869,-15.24));
#5029=CARTESIAN_POINT('',(-8.04171797100774,3.01689461438592,-15.24));
#5030=CARTESIAN_POINT('',(-8.04171797100769,-75.4858546571136,-15.24));
#5031=VECTOR('',#5741,1.0);
#5032=CARTESIAN_POINT('',(-8.19981483044118,0.825008526188398,-15.24));
#5033=AXIS2_PLACEMENT_3D('',#5742,#5743,#5744);
#5034=CARTESIAN_POINT('',(-8.87643427928229,0.825008526188427,-15.24));
#5035=CARTESIAN_POINT('',(-45.4972636381758,0.825008526188427,-15.24));
#5036=VECTOR('',#5745,1.0);
#5037=CARTESIAN_POINT('',(-9.03453113871574,0.983105385621869,-15.24));
#5038=AXIS2_PLACEMENT_3D('',#5746,#5747,#5748);
#5039=CARTESIAN_POINT('',(-9.03453113871559,-75.4858546571136,-15.24));
#5040=VECTOR('',#5749,1.0);
#5041=CARTESIAN_POINT('',(-8.68811945231988,2.22380789977419,-15.24));
#5042=AXIS2_PLACEMENT_3D('',#5750,#5751,#5752);
#5043=CARTESIAN_POINT('',(-8.94545384792819,2.63471023847737,-15.24));
#5044=AXIS2_PLACEMENT_3D('',#5753,#5754,#5755);
#5045=AXIS2_PLACEMENT_3D('',#5756,#5757,#5758);
#5046=CARTESIAN_POINT('',(-8.19981483044118,3.17499147381938,-15.24));
#5047=CARTESIAN_POINT('',(-45.4972636381758,3.1749914738183,-15.24));
#5048=VECTOR('',#5759,1.0);
#5049=AXIS2_PLACEMENT_3D('',#5760,#5761,#5762);
#5050=COLOUR_RGB('',0.501960813999176,1.0,0.501960813999176);
#5051=CARTESIAN_POINT('',(-8.68811945231988,2.22380789977419,-15.24));
#5052=VECTOR('',#5763,1.0);
#5053=COLOUR_RGB('',0.501960813999176,1.0,0.501960813999176);
#5054=CARTESIAN_POINT('',(-8.94545384792819,2.63471023847737,-15.24));
#5055=VECTOR('',#5764,1.0);
#5056=COLOUR_RGB('',0.501960813999176,1.0,0.501960813999176);
#5057=CARTESIAN_POINT('',(-8.19981483044118,3.17499147381938,-15.24));
#5058=VECTOR('',#5765,1.0);
#5059=COLOUR_RGB('',0.501960813999176,1.0,0.501960813999176);
#5060=CARTESIAN_POINT('',(-8.04171797100774,3.01689461438592,-15.24));
#5061=VECTOR('',#5766,1.0);
#5062=CARTESIAN_POINT('',(-8.04171797100769,0.983105385621869,-15.24));
#5063=VECTOR('',#5767,1.0);
#5064=COLOUR_RGB('',0.501960813999176,1.0,0.501960813999176);
#5065=CARTESIAN_POINT('',(-8.19981483044118,0.825008526188427,-15.24));
#5066=VECTOR('',#5768,1.0);
#5067=COLOUR_RGB('',0.501960813999176,1.0,0.501960813999176);
#5068=CARTESIAN_POINT('',(-8.87643427928229,0.825008526188427,-15.24));
#5069=VECTOR('',#5769,1.0);
#5070=COLOUR_RGB('',0.501960813999176,1.0,0.501960813999176);
#5071=CARTESIAN_POINT('',(-9.03453113871574,0.983105385621869,-15.24));
#5072=VECTOR('',#5770,1.0);
#5073=COLOUR_RGB('',0.501960813999176,1.0,0.501960813999176);
#5074=COLOUR_RGB('',0.501960813999176,1.0,0.501960813999176);
#5075=COLOUR_RGB('',0.501960813999176,1.0,0.501960813999176);
#5076=CARTESIAN_POINT('',(-8.9164815826126,2.22380789977419,-15.24));
#5077=CARTESIAN_POINT('',(-9.37320584319819,2.22380789977419,-15.24));
#5078=AXIS2_PLACEMENT_3D('',#5771,#5772,#5773);
#5079=CARTESIAN_POINT('',(-8.9164815826126,2.22380789977419,-15.24));
#5080=VECTOR('',#5774,1.0);
#5081=CARTESIAN_POINT('',(-9.37320584319819,2.22380789977419,-15.24));
#5082=VECTOR('',#5775,1.0);
#5083=COLOUR_RGB('',0.501960813999176,1.0,0.501960813999176);
#5084=AXIS2_PLACEMENT_3D('',#5776,#5777,#5778);
#5085=COLOUR_RGB('',0.501960813999176,1.0,0.501960813999176);
#5086=COLOUR_RGB('',0.501960813999176,1.0,0.501960813999176);
#5087=CARTESIAN_POINT('',(7.105427357601E-15,11.5,-11.35));
#5088=VECTOR('',#5779,1.0);
#5089=COLOUR_RGB('',0.501960813999176,1.0,0.501960813999176);
#5090=CARTESIAN_POINT('',(0.0,8.8,-9.43000000000001));
#5091=CARTESIAN_POINT('',(0.0,8.8,-13.43));
#5092=CARTESIAN_POINT('',(0.0,8.8,-11.35));
#5093=VECTOR('',#5780,1.0);
#5094=CARTESIAN_POINT('',(0.0,3.3,-13.43));
#5095=CARTESIAN_POINT('',(0.0,-75.4858546571136,-13.43));
#5096=VECTOR('',#5781,1.0);
#5097=CARTESIAN_POINT('',(0.0,3.3,-9.43000000000001));
#5098=CARTESIAN_POINT('',(0.0,3.3,-11.35));
#5099=VECTOR('',#5782,1.0);
#5100=CARTESIAN_POINT('',(0.0,-75.4858546571136,-9.43000000000001));
#5101=VECTOR('',#5783,1.0);
#5102=COLOUR_RGB('',0.501960813999176,1.0,0.501960813999176);
#5103=CARTESIAN_POINT('',(-0.599999999999987,8.8,-9.43000000000001));
#5104=CARTESIAN_POINT('',(-0.599999999999994,8.8,-13.43));
#5105=CARTESIAN_POINT('',(-0.599999999999994,8.8,-11.43));
#5106=VECTOR('',#5784,1.0);
#5107=CARTESIAN_POINT('',(-45.4972636381758,8.8,-13.43));
#5108=VECTOR('',#5785,1.0);
#5109=CARTESIAN_POINT('',(-45.4972636381758,8.8,-9.43000000000001));
#5110=VECTOR('',#5786,1.0);
#5111=COLOUR_RGB('',0.501960813999176,1.0,0.501960813999176);
#5112=CARTESIAN_POINT('',(-0.8928203230275,8.65358983848624,-13.43));
#5113=CARTESIAN_POINT('',(-45.4972636381758,-13.6486318190877,-13.43));
#5114=VECTOR('',#5787,1.0);
#5115=CARTESIAN_POINT('',(-0.8928203230275,3.3,-13.43));
#5116=CARTESIAN_POINT('',(-0.8928203230275,3.3,-13.43));
#5117=VECTOR('',#5788,1.0);
#5118=CARTESIAN_POINT('',(-45.4972636381758,3.3,-13.43));
#5119=VECTOR('',#5789,1.0);
#5120=COLOUR_RGB('',0.501960813999176,1.0,0.501960813999176);
#5121=CARTESIAN_POINT('',(-0.892820323027593,8.65358983848618,-9.43000000000001));
#5122=CARTESIAN_POINT('',(-45.4972636381758,-13.6486318190877,-9.43000000000001));
#5123=VECTOR('',#5790,1.0);
#5124=CARTESIAN_POINT('',(-1.3928203230276,8.40358983848618,-9.56397459621558));
#5125=AXIS2_PLACEMENT_3D('',#5791,#5792,#5793);
#5126=CARTESIAN_POINT('',(-2.2,8.0,-10.03));
#5127=CARTESIAN_POINT('',(-45.4972636381758,-13.6486318190877,-35.0276868166751));
#5128=VECTOR('',#5794,1.0);
#5129=CARTESIAN_POINT('',(-2.20000000000001,8.0,-12.83));
#5130=CARTESIAN_POINT('',(-2.20000000000002,8.0,-11.43));
#5131=VECTOR('',#5795,1.0);
#5132=CARTESIAN_POINT('',(-1.3928203230275,8.40358983848624,-13.2960254037845));
#5133=CARTESIAN_POINT('',(-45.4972636381758,-13.6486318190877,12.1676868166743));
#5134=VECTOR('',#5796,1.0);
#5135=AXIS2_PLACEMENT_3D('',#5797,#5798,#5799);
#5136=COLOUR_RGB('',0.501960813999176,1.0,0.501960813999176);
#5137=CARTESIAN_POINT('',(-1.39282032302751,3.3,-13.2960254037845));
#5138=CARTESIAN_POINT('',(-1.3928203230275,3.3,-13.2960254037845));
#5139=VECTOR('',#5800,1.0);
#5140=CARTESIAN_POINT('',(-2.20000000000001,3.3,-12.83));
#5141=CARTESIAN_POINT('',(-2.20000000000002,-75.4858546571136,-12.83));
#5142=VECTOR('',#5801,1.0);
#5143=CARTESIAN_POINT('',(-45.4972636381758,3.3,12.1676868166743));
#5144=VECTOR('',#5802,1.0);
#5145=COLOUR_RGB('',0.501960813999176,1.0,0.501960813999176);
#5146=CARTESIAN_POINT('',(-2.875,8.0,-12.83));
#5147=CARTESIAN_POINT('',(-2.875,3.3,-12.83));
#5148=CARTESIAN_POINT('',(-2.875,-75.4858546571136,-12.83));
#5149=VECTOR('',#5803,1.0);
#5150=CARTESIAN_POINT('',(-45.4972636381758,3.3,-12.83));
#5151=VECTOR('',#5804,1.0);
#5152=CARTESIAN_POINT('',(-45.4972636381758,8.0,-12.83));
#5153=VECTOR('',#5805,1.0);
#5154=COLOUR_RGB('',0.501960813999176,1.0,0.501960813999176);
#5155=CARTESIAN_POINT('',(-2.875,3.3,-10.03));
#5156=CARTESIAN_POINT('',(-2.875,3.3,-11.43));
#5157=VECTOR('',#5806,1.0);
#5158=CARTESIAN_POINT('',(-2.875,8.0,-10.03));
#5159=CARTESIAN_POINT('',(-2.875,8.0,-11.43));
#5160=VECTOR('',#5807,1.0);
#5161=CARTESIAN_POINT('',(-2.875,-75.4858546571136,-10.03));
#5162=VECTOR('',#5808,1.0);
#5163=COLOUR_RGB('',0.501960813999176,1.0,0.501960813999176);
#5164=CARTESIAN_POINT('',(-45.4972636381758,8.0,-10.03));
#5165=VECTOR('',#5809,1.0);
#5166=COLOUR_RGB('',0.501960813999176,1.0,0.501960813999176);
#5167=CARTESIAN_POINT('',(-2.2,3.3,-10.03));
#5168=CARTESIAN_POINT('',(-2.20000000000002,-75.4858546571136,-10.03));
#5169=VECTOR('',#5810,1.0);
#5170=CARTESIAN_POINT('',(-1.39282032302759,3.3,-9.56397459621557));
#5171=CARTESIAN_POINT('',(-1.3928203230276,3.3,-9.56397459621558));
#5172=VECTOR('',#5811,1.0);
#5173=CARTESIAN_POINT('',(-45.4972636381758,3.3,-35.0276868166751));
#5174=VECTOR('',#5812,0.999999999999999);
#5175=COLOUR_RGB('',0.501960813999176,1.0,0.501960813999176);
#5176=CARTESIAN_POINT('',(-0.8928203230276,3.3,-9.43000000000001));
#5177=CARTESIAN_POINT('',(-0.8928203230276,3.3,-9.43000000000001));
#5178=VECTOR('',#5813,1.0);
#5179=AXIS2_PLACEMENT_3D('',#5814,#5815,#5816);
#5180=COLOUR_RGB('',0.501960813999176,1.0,0.501960813999176);
#5181=CARTESIAN_POINT('',(-45.4972636381758,3.3,-9.43000000000001));
#5182=VECTOR('',#5817,1.0);
#5183=COLOUR_RGB('',0.501960813999176,1.0,0.501960813999176);
#5184=AXIS2_PLACEMENT_3D('',#5818,#5819,#5820);
#5185=COLOUR_RGB('',0.501960813999176,1.0,0.501960813999176);
#5186=CARTESIAN_POINT('',(-45.4972636381758,3.3,-10.03));
#5187=VECTOR('',#5821,1.0);
#5188=COLOUR_RGB('',0.501960813999176,1.0,0.501960813999176);
#5189=COLOUR_RGB('',0.501960813999176,1.0,0.501960813999176);
#5190=CARTESIAN_POINT('',(-9.2034920769492,9.8,-11.35));
#5191=VECTOR('',#5822,1.0);
#5192=COLOUR_RGB('',0.501960813999176,1.0,0.501960813999176);
#5193=CARTESIAN_POINT('',(-10.1333831289997,9.8,-11.35));
#5194=VECTOR('',#5823,1.0);
#5195=COLOUR_RGB('',0.501960813999176,1.0,0.501960813999176);
#5196=COLOUR_RGB('',0.501960813999176,1.0,0.501960813999176);
#5197=AXIS2_PLACEMENT_3D('',#5824,#5825,#5826);
#5198=AXIS2_PLACEMENT_3D('',#5827,#5828,#5829);
#5199=AXIS2_PLACEMENT_3D('',#5830,#5831,#5832);
#5200=COLOUR_RGB('',0.94901967048645,0.94901967048645,1.0);
#5201=CARTESIAN_POINT('',(-6.13478570803611,15.0886751345948,-11.5698109612051));
#5202=CARTESIAN_POINT('',(-6.13478570803604,28.0,-11.5698109612054));
#5203=VECTOR('',#5833,1.0);
#5204=CARTESIAN_POINT('',(47.596671240732,16.0886751345948,42.1616459875626));
#5205=VECTOR('',#5834,1.0);
#5206=CARTESIAN_POINT('',(47.596671240732,15.0886751345948,42.1616459875626));
#5207=VECTOR('',#5835,1.0);
#5208=COLOUR_RGB('',0.94901967048645,0.94901967048645,1.0);
#5209=CARTESIAN_POINT('',(47.596671240732,15.0886751345948,42.1616459875626));
#5210=VECTOR('',#5836,1.0);
#5211=COLOUR_RGB('',0.94901967048645,0.94901967048645,1.0);
#5212=CARTESIAN_POINT('',(47.596671240732,15.0886751345948,48.7916964939014));
#5213=VECTOR('',#5837,1.0);
#5214=CARTESIAN_POINT('',(-4.86521429196397,28.0,-3.67018903879453));
#5215=VECTOR('',#5838,1.0);
#5216=CARTESIAN_POINT('',(47.596671240732,16.0886751345948,48.7916964939014));
#5217=VECTOR('',#5839,1.0);
#5218=COLOUR_RGB('',0.94901967048645,0.94901967048645,1.0);
#5219=CARTESIAN_POINT('',(-3.93200136196029,14.6326181038845,-2.73697610879085));
#5220=VECTOR('',#5840,1.0);
#5221=COLOUR_RGB('',0.94901967048645,0.94901967048645,1.0);
#5222=CARTESIAN_POINT('',(47.596671240732,16.0886751345948,41.1716964939014));
#5223=VECTOR('',#5841,1.0);
#5224=CARTESIAN_POINT('',(-5.63981096120467,15.0886751345948,-12.0647857080362));
#5225=CARTESIAN_POINT('',(-5.63981096120546,28.0,-12.064785708036));
#5226=VECTOR('',#5842,1.0);
#5227=CARTESIAN_POINT('',(47.596671240732,15.0886751345948,41.1716964939014));
#5228=VECTOR('',#5843,1.0);
#5229=COLOUR_RGB('',0.94901967048645,0.94901967048645,1.0);
#5230=CARTESIAN_POINT('',(47.596671240732,15.0886751345948,41.1716964939014));
#5231=VECTOR('',#5844,1.0);
#5232=COLOUR_RGB('',0.94901967048645,0.94901967048645,1.0);
#5233=CARTESIAN_POINT('',(47.596671240732,16.0886751345948,49.7816459875626));
#5234=VECTOR('',#5845,1.0);
#5235=COLOUR_RGB('',0.94901967048645,0.94901967048645,1.0);
#5236=COLOUR_RGB('',0.94901967048645,0.94901967048645,1.0);
#5237=CARTESIAN_POINT('',(-6.13478570803611,15.0886751345948,-3.94981096120507));
#5238=CARTESIAN_POINT('',(-6.13478570803604,28.0,-3.94981096120541));
#5239=VECTOR('',#5846,1.0);
#5240=CARTESIAN_POINT('',(47.596671240732,15.0886751345948,49.7816459875626));
#5241=VECTOR('',#5847,1.0);
#5242=COLOUR_RGB('',0.94901967048645,0.94901967048645,1.0);
#5243=CARTESIAN_POINT('',(47.596671240732,15.0886751345948,49.7816459875626));
#5244=VECTOR('',#5848,1.0);
#5245=COLOUR_RGB('',0.94901967048645,0.94901967048645,1.0);
#5246=COLOUR_RGB('',0.94901967048645,0.94901967048645,1.0);
#5247=AXIS2_PLACEMENT_3D('',#5849,#5850,#5851);
#5248=COLOUR_RGB('',0.94901967048645,0.94901967048645,1.0);
#5249=COLOUR_RGB('',0.94901967048645,0.94901967048645,1.0);
#5250=AXIS2_PLACEMENT_3D('',#5852,#5853,#5854);
#5251=COLOUR_RGB('',0.94901967048645,0.94901967048645,1.0);
#5252=COLOUR_RGB('',0.94901967048645,0.94901967048645,1.0);
#5253=COLOUR_RGB('',0.501960813999176,1.0,0.501960813999176);
#5254=COLOUR_RGB('',0.501960813999176,1.0,0.501960813999176);
#5255=COLOUR_RGB('',0.501960813999176,1.0,0.501960813999176);
#5256=COLOUR_RGB('',0.94901967048645,0.94901967048645,1.0);
#5257=COLOUR_RGB('',0.501960813999176,1.0,0.501960813999176);
#5258=COLOUR_RGB('',0.501960813999176,1.0,0.501960813999176);
#5259=COLOUR_RGB('',0.94901967048645,0.94901967048645,1.0);
#5260=COLOUR_RGB('',0.94901967048645,0.94901967048645,1.0);
#5261=COLOUR_RGB('',0.94901967048645,0.94901967048645,1.0);
#5262=COLOUR_RGB('',0.501960813999176,1.0,0.501960813999176);
#5263=COLOUR_RGB('',0.501960813999176,1.0,0.501960813999176);
#5264=COLOUR_RGB('',0.600000023841858,0.600000023841858,0.600000023841858);
#5265=DIRECTION('',(-0.643589456956971,0.0,0.765370897600524));
#5266=DIRECTION('',(-1.22460635382238E-16,0.0,-1.0));
#5267=DIRECTION('',(-1.0,0.0,1.22460635382238E-16));
#5268=DIRECTION('',(6.03297035808248E-15,0.0,1.0));
#5269=DIRECTION('',(0.64358945695705,0.0,0.765370897600457));
#5270=DIRECTION('',(-1.22460635382238E-16,0.0,-1.0));
#5271=DIRECTION('',(-1.0,0.0,1.22460635382238E-16));
#5272=DIRECTION('',(3.80815463493675E-14,0.0,1.0));
#5273=DIRECTION('',(0.0,-1.0,0.0));
#5274=DIRECTION('',(1.0,0.0,-1.22460635382238E-16));
#5275=DIRECTION('',(0.0,1.0,0.0));
#5276=DIRECTION('',(-1.0,0.0,1.22460635382238E-16));
#5277=CARTESIAN_POINT('',(-5.5,14.7886751345948,-3.81));
#5278=DIRECTION('',(0.0,1.0,0.0));
#5279=DIRECTION('',(1.0,0.0,-1.22460635382238E-16));
#5280=CARTESIAN_POINT('',(-5.5,14.7886751345948,-3.81));
#5281=DIRECTION('',(0.0,1.0,0.0));
#5282=DIRECTION('',(1.0,0.0,-1.22460635382238E-16));
#5283=CARTESIAN_POINT('',(-5.5,14.7886751345948,-3.81));
#5284=DIRECTION('',(0.0,1.0,0.0));
#5285=DIRECTION('',(1.0,0.0,-1.22460635382238E-16));
#5286=CARTESIAN_POINT('',(-5.5,14.7886751345948,-3.81));
#5287=DIRECTION('',(0.0,1.0,0.0));
#5288=DIRECTION('',(1.0,0.0,-1.22460635382238E-16));
#5289=CARTESIAN_POINT('',(-5.5,14.7886751345948,-11.43));
#5290=DIRECTION('',(0.0,1.0,0.0));
#5291=DIRECTION('',(1.0,0.0,-1.22460635382238E-16));
#5292=DIRECTION('',(0.0,1.0,0.0));
#5293=CARTESIAN_POINT('',(-5.5,16.0886751345948,-11.43));
#5294=DIRECTION('',(0.0,1.0,0.0));
#5295=DIRECTION('',(1.0,0.0,-1.22460635382238E-16));
#5296=DIRECTION('',(0.0,1.0,0.0));
#5297=CARTESIAN_POINT('',(-5.5,15.0886751345948,-11.43));
#5298=DIRECTION('',(0.0,1.0,0.0));
#5299=DIRECTION('',(1.0,0.0,-1.22460635382238E-16));
#5300=DIRECTION('',(0.0,1.0,0.0));
#5301=CARTESIAN_POINT('',(-5.5,16.0886751345948,-11.43));
#5302=DIRECTION('',(0.0,1.0,0.0));
#5303=DIRECTION('',(1.0,0.0,-1.22460635382238E-16));
#5304=DIRECTION('',(0.0,1.0,0.0));
#5305=CARTESIAN_POINT('',(-7.20000000000001,18.0,-7.62));
#5306=DIRECTION('',(0.0,1.0,0.0));
#5307=DIRECTION('',(-1.0,0.0,1.22460635382238E-16));
#5308=CARTESIAN_POINT('',(-7.20000000000001,17.8,-7.62));
#5309=DIRECTION('',(0.0,0.0,-1.0));
#5310=DIRECTION('',(1.0,0.0,0.0));
#5311=DIRECTION('',(-1.22460635382238E-16,0.0,-1.0));
#5312=DIRECTION('',(-0.894427190999918,-0.447213595499955,1.09532122113E-16));
#5313=CARTESIAN_POINT('',(-0.8928203230276,8.65358983848618,-2.81));
#5314=DIRECTION('',(-0.447213595499955,0.894427190999917,5.47660610564995E-17));
#5315=DIRECTION('',(-0.894427190999918,-0.447213595499955,1.09532122113E-16));
#5316=DIRECTION('',(-0.794719414239027,-0.39735970711951,-0.458831467741126));
#5317=DIRECTION('',(-1.22460635382238E-16,0.0,-1.0));
#5318=DIRECTION('',(0.794719414239032,0.397359707119513,-0.458831467741114));
#5319=CARTESIAN_POINT('',(-0.8928203230275,8.65358983848624,-4.81));
#5320=DIRECTION('',(-0.447213595499955,0.894427190999917,5.47660610564995E-17));
#5321=DIRECTION('',(-0.894427190999917,-0.447213595499955,1.09532122113E-16));
#5322=DIRECTION('',(0.894427190999918,0.447213595499955,-1.09532122113E-16));
#5323=DIRECTION('',(1.0,0.0,-1.22460635382238E-16));
#5324=DIRECTION('',(0.0,1.0,0.0));
#5325=DIRECTION('',(1.0,0.0,-1.22460635382238E-16));
#5326=DIRECTION('',(0.0,1.0,0.0));
#5327=DIRECTION('',(0.0,1.0,0.0));
#5328=CARTESIAN_POINT('',(-0.8928203230276,3.3,-2.81));
#5329=DIRECTION('',(0.0,-1.0,0.0));
#5330=DIRECTION('',(-1.0,0.0,1.22460635382238E-16));
#5331=CARTESIAN_POINT('',(-5.5,15.0886751345948,-11.43));
#5332=DIRECTION('',(0.0,1.0,0.0));
#5333=DIRECTION('',(1.0,0.0,-1.22460635382238E-16));
#5334=DIRECTION('',(0.707106781186548,0.0,0.707106781186547));
#5335=CARTESIAN_POINT('',(-5.5,15.0886751345948,-11.43));
#5336=DIRECTION('',(0.0,-1.0,0.0));
#5337=DIRECTION('',(-1.0,0.0,1.22460635382238E-16));
#5338=DIRECTION('',(0.707106781186548,0.0,0.707106781186547));
#5339=DIRECTION('',(0.0,1.0,0.0));
#5340=DIRECTION('',(0.866025403784438,0.0,0.500000000000001));
#5341=DIRECTION('',(0.0,1.0,0.0));
#5342=DIRECTION('',(0.0,-1.0,0.0));
#5343=DIRECTION('',(-0.707106781186548,0.0,-0.707106781186547));
#5344=DIRECTION('',(1.0,0.0,-1.22460635382238E-16));
#5345=DIRECTION('',(-1.0,0.0,1.22460635382238E-16));
#5346=DIRECTION('',(0.0,1.0,0.0));
#5347=CARTESIAN_POINT('',(-5.5,18.0,-3.81));
#5348=DIRECTION('',(0.0,-1.0,0.0));
#5349=DIRECTION('',(1.0,0.0,-1.22460635382238E-16));
#5350=DIRECTION('',(0.0,-1.0,0.0));
#5351=DIRECTION('',(0.0,-1.0,0.0));
#5352=CARTESIAN_POINT('',(-5.5,16.0886751345948,-3.81));
#5353=DIRECTION('',(0.0,1.0,0.0));
#5354=DIRECTION('',(1.0,0.0,-1.22460635382238E-16));
#5355=DIRECTION('',(0.707106781186548,0.0,0.707106781186547));
#5356=CARTESIAN_POINT('',(-5.5,16.0886751345948,-3.81));
#5357=DIRECTION('',(0.0,-1.0,0.0));
#5358=DIRECTION('',(-1.0,0.0,1.22460635382238E-16));
#5359=DIRECTION('',(0.707106781186548,0.0,0.707106781186547));
#5360=CARTESIAN_POINT('',(-5.5,16.0886751345948,-3.81));
#5361=DIRECTION('',(0.0,1.0,0.0));
#5362=DIRECTION('',(1.0,0.0,-1.22460635382238E-16));
#5363=DIRECTION('',(0.0348994967025106,0.999390827019095,-4.27381454070975E-18));
#5364=DIRECTION('',(1.0,0.0,-1.22460635382238E-16));
#5365=CARTESIAN_POINT('',(-10.1333831289997,9.0,1.77635683940025E-15));
#5366=DIRECTION('',(-1.22460635382238E-16,0.0,-1.0));
#5367=DIRECTION('',(-1.0,0.0,1.22460635382238E-16));
#5368=DIRECTION('',(-0.0689499865405295,-0.997620117758288,8.44365916134998E-18));
#5369=DIRECTION('',(0.0,1.0,0.0));
#5370=DIRECTION('',(-1.0,0.0,1.22460635382238E-16));
#5371=DIRECTION('',(0.0,-1.0,0.0));
#5372=DIRECTION('',(0.0,1.0,0.0));
#5373=DIRECTION('',(-1.0,0.0,1.22460635382238E-16));
#5374=DIRECTION('',(0.0,-1.0,0.0));
#5375=CARTESIAN_POINT('',(-0.29999999999999,11.5,0.0));
#5376=DIRECTION('',(-1.22460635382238E-16,0.0,-1.0));
#5377=DIRECTION('',(-1.0,0.0,1.22460635382238E-16));
#5378=DIRECTION('',(-0.5,0.866025403784439,6.12303176911189E-17));
#5379=DIRECTION('',(0.0,-1.0,0.0));
#5380=DIRECTION('',(1.0,0.0,-1.22460635382238E-16));
#5381=CARTESIAN_POINT('',(-8.62743513467471,17.7,0.0));
#5382=DIRECTION('',(-1.22460635382238E-16,0.0,-1.0));
#5383=DIRECTION('',(-1.0,0.0,1.22460635382238E-16));
#5384=DIRECTION('',(-0.707106781186548,0.0,-0.707106781186547));
#5385=CARTESIAN_POINT('',(-5.5,16.0886751345948,-3.81));
#5386=DIRECTION('',(0.0,1.0,0.0));
#5387=DIRECTION('',(1.0,0.0,-1.22460635382238E-16));
#5388=CARTESIAN_POINT('',(-5.5,16.0886751345948,-3.81));
#5389=DIRECTION('',(0.0,1.0,0.0));
#5390=DIRECTION('',(1.0,0.0,-1.22460635382238E-16));
#5391=DIRECTION('',(-0.707106781186548,0.0,-0.707106781186547));
#5392=CARTESIAN_POINT('',(-5.5,16.0886751345948,-3.81));
#5393=DIRECTION('',(0.0,-1.0,0.0));
#5394=DIRECTION('',(-1.0,0.0,1.22460635382238E-16));
#5395=DIRECTION('',(-0.866025403784445,0.0,0.49999999999999));
#5396=DIRECTION('',(-1.22460635382238E-16,0.0,-1.0));
#5397=DIRECTION('',(-1.22460635382238E-16,0.0,-1.0));
#5398=DIRECTION('',(-1.0,0.0,1.22460635382238E-16));
#5399=CARTESIAN_POINT('',(-0.8928203230275,3.3,-4.81));
#5400=DIRECTION('',(0.0,-1.0,0.0));
#5401=DIRECTION('',(-1.0,0.0,1.22460635382238E-16));
#5402=CARTESIAN_POINT('',(-5.5,16.0886751345948,-11.43));
#5403=DIRECTION('',(0.0,1.0,0.0));
#5404=DIRECTION('',(1.0,0.0,-1.22460635382238E-16));
#5405=CARTESIAN_POINT('',(-5.5,16.0886751345948,-11.43));
#5406=DIRECTION('',(0.0,-1.0,0.0));
#5407=DIRECTION('',(-1.0,0.0,1.22460635382238E-16));
#5408=DIRECTION('',(-0.707106781186548,0.0,-0.707106781186547));
#5409=DIRECTION('',(0.0,1.0,0.0));
#5410=DIRECTION('',(1.22460635382238E-16,0.0,1.0));
#5411=DIRECTION('',(0.0,-1.0,0.0));
#5412=DIRECTION('',(-1.0,0.0,1.22460635382238E-16));
#5413=DIRECTION('',(0.0,1.0,0.0));
#5414=DIRECTION('',(0.0,1.0,0.0));
#5415=DIRECTION('',(0.707106781186548,0.0,0.707106781186547));
#5416=DIRECTION('',(0.0,-1.0,0.0));
#5417=DIRECTION('',(-1.0,0.0,1.22460635382238E-16));
#5418=DIRECTION('',(-3.16951447122787E-17,0.965925826289068,-0.25881904510252));
#5419=DIRECTION('',(1.0,0.0,-1.22460635382238E-16));
#5420=DIRECTION('',(3.16951447122787E-17,-0.965925826289068,0.25881904510252));
#5421=DIRECTION('',(-1.22460635382238E-16,0.0,-1.0));
#5422=DIRECTION('',(1.22460635382238E-16,0.0,1.0));
#5423=DIRECTION('',(1.0,0.0,-1.22460635382238E-16));
#5424=DIRECTION('',(0.0,-1.0,0.0));
#5425=DIRECTION('',(1.22460635382238E-16,0.0,1.0));
#5426=DIRECTION('',(0.0,-1.0,0.0));
#5427=DIRECTION('',(3.16951447122787E-17,0.965925826289068,0.25881904510252));
#5428=DIRECTION('',(-1.22460635382238E-16,0.0,-1.0));
#5429=DIRECTION('',(0.0,-1.0,0.0));
#5430=DIRECTION('',(-3.16951447122787E-17,-0.965925826289068,-0.25881904510252));
#5431=DIRECTION('',(0.0,-1.0,0.0));
#5432=DIRECTION('',(-0.643589456956971,0.0,0.765370897600524));
#5433=DIRECTION('',(0.0,1.0,0.0));
#5434=DIRECTION('',(0.0,-1.0,0.0));
#5435=DIRECTION('',(3.80815463493675E-14,0.0,1.0));
#5436=DIRECTION('',(6.03297035808248E-15,0.0,1.0));
#5437=DIRECTION('',(0.0,-1.0,0.0));
#5438=DIRECTION('',(0.0,-1.0,0.0));
#5439=DIRECTION('',(-1.22460635382238E-16,0.0,-1.0));
#5440=DIRECTION('',(0.0,1.0,0.0));
#5441=DIRECTION('',(-1.0,0.0,1.22460635382238E-16));
#5442=DIRECTION('',(0.64358945695705,0.0,0.765370897600457));
#5443=DIRECTION('',(0.0,1.0,0.0));
#5444=DIRECTION('',(-1.22460635382238E-16,0.0,-1.0));
#5445=DIRECTION('',(1.0,0.0,-1.22460635382238E-16));
#5446=CARTESIAN_POINT('',(-5.5,-0.5,-3.81));
#5447=DIRECTION('',(0.0,-1.0,0.0));
#5448=DIRECTION('',(-1.0,0.0,1.22460635382238E-16));
#5449=CARTESIAN_POINT('',(-5.5,-0.5,-3.81));
#5450=DIRECTION('',(0.0,-1.0,0.0));
#5451=DIRECTION('',(-1.0,0.0,1.22460635382238E-16));
#5452=DIRECTION('',(-1.0,0.0,1.22460635382238E-16));
#5453=DIRECTION('',(0.0,-1.0,0.0));
#5454=CARTESIAN_POINT('',(-5.5,0.0,-3.81));
#5455=DIRECTION('',(0.0,-1.0,0.0));
#5456=DIRECTION('',(-1.0,0.0,1.22460635382238E-16));
#5457=DIRECTION('',(0.0,-1.0,0.0));
#5458=DIRECTION('',(-1.0,0.0,1.22460635382238E-16));
#5459=DIRECTION('',(0.0,1.0,0.0));
#5460=DIRECTION('',(0.707106781186548,0.0,0.707106781186547));
#5461=DIRECTION('',(0.0,-1.0,0.0));
#5462=CARTESIAN_POINT('',(-5.5,16.0886751345948,-11.43));
#5463=DIRECTION('',(0.0,1.0,0.0));
#5464=DIRECTION('',(1.0,0.0,-1.22460635382238E-16));
#5465=DIRECTION('',(0.707106781186548,0.0,0.707106781186547));
#5466=CARTESIAN_POINT('',(-5.5,16.0886751345948,-11.43));
#5467=DIRECTION('',(0.0,-1.0,0.0));
#5468=DIRECTION('',(-1.0,0.0,1.22460635382238E-16));
#5469=DIRECTION('',(-1.22460635382238E-16,0.0,-1.0));
#5470=CARTESIAN_POINT('',(-5.5,14.7886751345948,-11.43));
#5471=DIRECTION('',(0.0,1.0,0.0));
#5472=DIRECTION('',(1.0,0.0,-1.22460635382238E-16));
#5473=CARTESIAN_POINT('',(-5.5,14.7886751345948,-11.43));
#5474=DIRECTION('',(0.0,1.0,0.0));
#5475=DIRECTION('',(1.0,0.0,-1.22460635382238E-16));
#5476=CARTESIAN_POINT('',(-5.5,14.7886751345948,-11.43));
#5477=DIRECTION('',(0.0,1.0,0.0));
#5478=DIRECTION('',(1.0,0.0,-1.22460635382238E-16));
#5479=DIRECTION('',(0.707106781186548,0.0,0.707106781186547));
#5480=CARTESIAN_POINT('',(-5.5,15.0886751345948,-3.81));
#5481=DIRECTION('',(0.0,-1.0,0.0));
#5482=DIRECTION('',(-1.0,0.0,1.22460635382238E-16));
#5483=DIRECTION('',(0.707106781186548,0.0,0.707106781186547));
#5484=CARTESIAN_POINT('',(-5.5,15.0886751345948,-3.81));
#5485=DIRECTION('',(0.0,1.0,0.0));
#5486=DIRECTION('',(1.0,0.0,-1.22460635382238E-16));
#5487=DIRECTION('',(0.0,1.0,0.0));
#5488=DIRECTION('',(0.0,1.0,0.0));
#5489=DIRECTION('',(0.0,1.0,0.0));
#5490=CARTESIAN_POINT('',(-5.5,15.0886751345948,-3.81));
#5491=DIRECTION('',(0.0,1.0,0.0));
#5492=DIRECTION('',(1.0,0.0,-1.22460635382238E-16));
#5493=DIRECTION('',(1.22460635382238E-16,0.0,1.0));
#5494=DIRECTION('',(1.22460635382238E-16,0.0,1.0));
#5495=DIRECTION('',(0.0,1.0,0.0));
#5496=DIRECTION('',(-1.22460635382238E-16,0.0,-1.0));
#5497=DIRECTION('',(0.5,-0.866025403784439,-6.12303176911189E-17));
#5498=DIRECTION('',(-1.22460635382238E-16,0.0,-1.0));
#5499=CARTESIAN_POINT('',(-8.62743513467471,17.7,-15.24));
#5500=DIRECTION('',(-1.22460635382238E-16,0.0,-1.0));
#5501=DIRECTION('',(-1.0,0.0,1.22460635382238E-16));
#5502=DIRECTION('',(1.22460635382238E-16,0.0,1.0));
#5503=DIRECTION('',(0.0,-1.0,0.0));
#5504=DIRECTION('',(0.0,1.0,0.0));
#5505=CARTESIAN_POINT('',(-5.5,18.0,-11.43));
#5506=DIRECTION('',(0.0,-1.0,0.0));
#5507=DIRECTION('',(1.0,0.0,-1.22460635382238E-16));
#5508=DIRECTION('',(0.0,-1.0,0.0));
#5509=DIRECTION('',(0.0,-1.0,0.0));
#5510=DIRECTION('',(-1.22460635382238E-16,0.0,-1.0));
#5511=DIRECTION('',(0.0689499865405295,0.997620117758288,-8.44365916134998E-18));
#5512=DIRECTION('',(1.22460635382238E-16,0.0,1.0));
#5513=DIRECTION('',(-1.22460635382238E-16,0.0,-1.0));
#5514=DIRECTION('',(1.0,0.0,-1.22460635382238E-16));
#5515=DIRECTION('',(-3.80815463493675E-14,0.0,-1.0));
#5516=DIRECTION('',(-0.643589456956971,0.0,0.765370897600524));
#5517=DIRECTION('',(-1.22460635382238E-16,0.0,-1.0));
#5518=DIRECTION('',(-1.0,0.0,1.22460635382238E-16));
#5519=DIRECTION('',(6.03297035808248E-15,0.0,1.0));
#5520=DIRECTION('',(-0.64358945695705,0.0,-0.765370897600457));
#5521=DIRECTION('',(1.22460635382238E-16,0.0,1.0));
#5522=DIRECTION('',(1.0,0.0,-1.22460635382238E-16));
#5523=DIRECTION('',(-1.22460635382238E-16,0.0,-1.0));
#5524=CARTESIAN_POINT('',(-5.5,0.0,-11.43));
#5525=DIRECTION('',(0.0,-1.0,0.0));
#5526=DIRECTION('',(-1.0,0.0,1.22460635382238E-16));
#5527=CARTESIAN_POINT('',(-5.5,0.0,-11.43));
#5528=DIRECTION('',(0.0,-1.0,0.0));
#5529=DIRECTION('',(-1.0,0.0,1.22460635382238E-16));
#5530=CARTESIAN_POINT('',(-5.5,0.0,-3.81));
#5531=DIRECTION('',(0.0,-1.0,0.0));
#5532=DIRECTION('',(-1.0,0.0,1.22460635382238E-16));
#5533=DIRECTION('',(0.0,-1.0,0.0));
#5534=CARTESIAN_POINT('',(-5.5,-0.5,-11.43));
#5535=DIRECTION('',(0.0,-1.0,0.0));
#5536=DIRECTION('',(-1.0,0.0,1.22460635382238E-16));
#5537=DIRECTION('',(0.0,-1.0,0.0));
#5538=CARTESIAN_POINT('',(-5.5,-0.5,-11.43));
#5539=DIRECTION('',(0.0,-1.0,0.0));
#5540=DIRECTION('',(-1.0,0.0,1.22460635382238E-16));
#5541=DIRECTION('',(-1.22460635382238E-16,0.0,-1.0));
#5542=DIRECTION('',(-1.0,0.0,1.22460635382238E-16));
#5543=DIRECTION('',(1.22460635382238E-16,0.0,1.0));
#5544=DIRECTION('',(1.0,0.0,-1.22460635382238E-16));
#5545=DIRECTION('',(0.0,-1.0,0.0));
#5546=DIRECTION('',(-1.0,0.0,1.22460635382238E-16));
#5547=DIRECTION('',(0.0,-1.0,0.0));
#5548=DIRECTION('',(0.0,-1.0,0.0));
#5549=DIRECTION('',(1.0,0.0,-1.22460635382238E-16));
#5550=DIRECTION('',(0.0,-1.0,0.0));
#5551=DIRECTION('',(-1.0,0.0,1.22460635382238E-16));
#5552=DIRECTION('',(1.22460635382238E-16,0.0,1.0));
#5553=DIRECTION('',(1.0,0.0,-1.22460635382238E-16));
#5554=DIRECTION('',(-1.22460635382238E-16,0.0,-1.0));
#5555=DIRECTION('',(3.16951447122788E-17,0.965925826289068,0.258819045102521));
#5556=DIRECTION('',(3.16951447122787E-17,-0.965925826289068,0.25881904510252));
#5557=DIRECTION('',(-3.16951447122788E-17,-0.965925826289068,-0.258819045102521));
#5558=DIRECTION('',(-3.16951447122787E-17,0.965925826289068,-0.25881904510252));
#5559=DIRECTION('',(0.0,-1.0,0.0));
#5560=DIRECTION('',(-0.64358945695705,0.0,-0.765370897600457));
#5561=DIRECTION('',(0.0,-1.0,0.0));
#5562=DIRECTION('',(1.22460635382238E-16,0.0,1.0));
#5563=DIRECTION('',(0.0,-1.0,0.0));
#5564=DIRECTION('',(-0.643589456956971,0.0,0.765370897600524));
#5565=DIRECTION('',(3.80815463493675E-14,0.0,1.0));
#5566=DIRECTION('',(-1.0,0.0,1.22460635382238E-16));
#5567=DIRECTION('',(6.03297035808248E-15,0.0,1.0));
#5568=DIRECTION('',(1.0,0.0,-1.22460635382238E-16));
#5569=DIRECTION('',(1.22460635382238E-16,0.0,1.0));
#5570=DIRECTION('',(0.0,1.0,0.0));
#5571=DIRECTION('',(0.0,1.0,0.0));
#5572=DIRECTION('',(0.0,1.0,0.0));
#5573=DIRECTION('',(0.0,1.0,0.0));
#5574=DIRECTION('',(0.0,-1.0,0.0));
#5575=DIRECTION('',(0.0,1.0,0.0));
#5576=DIRECTION('',(1.0,0.0,-1.22460635382238E-16));
#5577=CARTESIAN_POINT('',(-0.29999999999999,11.5,-15.24));
#5578=DIRECTION('',(-1.22460635382238E-16,0.0,-1.0));
#5579=DIRECTION('',(-1.0,0.0,1.22460635382238E-16));
#5580=DIRECTION('',(0.0,1.0,0.0));
#5581=CARTESIAN_POINT('',(-10.1333831289997,9.0,-15.24));
#5582=DIRECTION('',(-1.22460635382238E-16,0.0,-1.0));
#5583=DIRECTION('',(-1.0,0.0,1.22460635382238E-16));
#5584=DIRECTION('',(-1.0,0.0,1.22460635382238E-16));
#5585=DIRECTION('',(0.0348994967025106,0.999390827019095,-4.27381454070975E-18));
#5586=DIRECTION('',(0.0,1.0,0.0));
#5587=CARTESIAN_POINT('',(-7.91079581257801,3.28920418742207,-15.24));
#5588=DIRECTION('',(-1.22460635382238E-16,0.0,-1.0));
#5589=DIRECTION('',(-1.0,0.0,1.22460635382238E-16));
#5590=DIRECTION('',(1.0,0.0,-1.22460635382238E-16));
#5591=CARTESIAN_POINT('',(-10.489204187422,3.28920418742207,-15.24));
#5592=DIRECTION('',(-1.22460635382238E-16,0.0,-1.0));
#5593=DIRECTION('',(-1.0,0.0,1.22460635382238E-16));
#5594=DIRECTION('',(0.0,-1.0,0.0));
#5595=CARTESIAN_POINT('',(-10.489204187422,0.710795812577899,-15.24));
#5596=DIRECTION('',(-1.22460635382238E-16,0.0,-1.0));
#5597=DIRECTION('',(-1.0,0.0,1.22460635382238E-16));
#5598=DIRECTION('',(-1.0,0.0,1.22460635382238E-16));
#5599=CARTESIAN_POINT('',(-7.91079581257801,0.710795812577899,-15.24));
#5600=DIRECTION('',(-1.22460635382238E-16,0.0,-1.0));
#5601=DIRECTION('',(-1.0,0.0,1.22460635382238E-16));
#5602=DIRECTION('',(-1.22460635382238E-16,0.0,-1.0));
#5603=CARTESIAN_POINT('',(-10.489204187422,0.710795812577899,-15.14));
#5604=DIRECTION('',(-1.22460635382238E-16,0.0,-1.0));
#5605=DIRECTION('',(-1.0,0.0,1.22460635382238E-16));
#5606=DIRECTION('',(1.22460635382238E-16,0.0,1.0));
#5607=DIRECTION('',(-1.0,0.0,1.22460635382238E-16));
#5608=DIRECTION('',(1.22460635382238E-16,0.0,1.0));
#5609=DIRECTION('',(-1.22460635382238E-16,0.0,-1.0));
#5610=DIRECTION('',(0.0,-1.0,0.0));
#5611=DIRECTION('',(1.22460635382238E-16,0.0,1.0));
#5612=CARTESIAN_POINT('',(-10.489204187422,3.28920418742207,-15.14));
#5613=DIRECTION('',(-1.22460635382238E-16,0.0,-1.0));
#5614=DIRECTION('',(-1.0,0.0,1.22460635382238E-16));
#5615=DIRECTION('',(1.22460635382238E-16,0.0,1.0));
#5616=DIRECTION('',(1.0,0.0,-1.22460635382238E-16));
#5617=DIRECTION('',(-1.22460635382238E-16,0.0,-1.0));
#5618=CARTESIAN_POINT('',(-7.91079581257801,3.28920418742207,-15.14));
#5619=DIRECTION('',(-1.22460635382238E-16,0.0,-1.0));
#5620=DIRECTION('',(-1.0,0.0,1.22460635382238E-16));
#5621=CARTESIAN_POINT('',(-7.91079581257801,0.710795812577899,-15.14));
#5622=DIRECTION('',(-1.22460635382238E-16,0.0,-1.0));
#5623=DIRECTION('',(-1.0,0.0,1.22460635382238E-16));
#5624=DIRECTION('',(-1.22460635382238E-16,0.0,-1.0));
#5625=DIRECTION('',(0.0,1.0,0.0));
#5626=CARTESIAN_POINT('',(-9.14484371290539,2.22380789977419,-15.14));
#5627=DIRECTION('',(-1.22460635382238E-16,0.0,-1.0));
#5628=DIRECTION('',(-1.0,0.0,1.22460635382238E-16));
#5629=CARTESIAN_POINT('',(-9.41325314652858,2.7769456634131,-15.14));
#5630=DIRECTION('',(-1.22460635382238E-16,0.0,-1.0));
#5631=DIRECTION('',(-1.0,0.0,1.22460635382238E-16));
#5632=DIRECTION('',(0.0,1.0,0.0));
#5633=CARTESIAN_POINT('',(-9.41325314652858,3.01689461438592,-15.14));
#5634=DIRECTION('',(-1.22460635382238E-16,0.0,-1.0));
#5635=DIRECTION('',(-1.0,0.0,1.22460635382238E-16));
#5636=DIRECTION('',(-1.0,0.0,1.22460635382238E-16));
#5637=CARTESIAN_POINT('',(-9.42590479634261,2.22380789977419,-15.14));
#5638=DIRECTION('',(-1.22460635382238E-16,0.0,-1.0));
#5639=DIRECTION('',(-1.0,0.0,1.22460635382238E-16));
#5640=CARTESIAN_POINT('',(-9.42590479634261,2.22380789977419,-15.14));
#5641=DIRECTION('',(-1.22460635382238E-16,0.0,-1.0));
#5642=DIRECTION('',(-1.0,0.0,1.22460635382238E-16));
#5643=DIRECTION('',(-1.0,0.0,1.22460635382238E-16));
#5644=CARTESIAN_POINT('',(-9.41325314652858,1.43072118516243,-15.14));
#5645=DIRECTION('',(-1.22460635382238E-16,0.0,-1.0));
#5646=DIRECTION('',(-1.0,0.0,1.22460635382238E-16));
#5647=DIRECTION('',(0.0,1.0,0.0));
#5648=CARTESIAN_POINT('',(-9.41325314652858,1.67067013613534,-15.14));
#5649=DIRECTION('',(-1.22460635382238E-16,0.0,-1.0));
#5650=DIRECTION('',(-1.0,0.0,1.22460635382238E-16));
#5651=CARTESIAN_POINT('',(-9.14484371290539,2.22380789977419,-15.14));
#5652=DIRECTION('',(-1.22460635382238E-16,0.0,-1.0));
#5653=DIRECTION('',(-1.0,0.0,1.22460635382238E-16));
#5654=DIRECTION('',(0.0,-1.0,0.0));
#5655=CARTESIAN_POINT('',(-8.87643427928229,2.7769456634131,-15.14));
#5656=DIRECTION('',(-1.22460635382238E-16,0.0,-1.0));
#5657=DIRECTION('',(-1.0,0.0,1.22460635382238E-16));
#5658=CARTESIAN_POINT('',(-9.14484371290539,2.22380789977419,-15.14));
#5659=DIRECTION('',(-1.22460635382238E-16,0.0,-1.0));
#5660=DIRECTION('',(-1.0,0.0,1.22460635382238E-16));
#5661=CARTESIAN_POINT('',(-9.14484371290539,2.22380789977419,-15.14));
#5662=DIRECTION('',(-1.22460635382238E-16,0.0,-1.0));
#5663=DIRECTION('',(-1.0,0.0,1.22460635382238E-16));
#5664=CARTESIAN_POINT('',(-8.87643427928229,1.67067013613534,-15.14));
#5665=DIRECTION('',(-1.22460635382238E-16,0.0,-1.0));
#5666=DIRECTION('',(-1.0,0.0,1.22460635382238E-16));
#5667=DIRECTION('',(0.0,-1.0,0.0));
#5668=CARTESIAN_POINT('',(-8.87643427928229,0.983105385621869,-15.14));
#5669=DIRECTION('',(-1.22460635382238E-16,0.0,-1.0));
#5670=DIRECTION('',(-1.0,0.0,1.22460635382238E-16));
#5671=DIRECTION('',(1.0,0.0,-1.22460635382238E-16));
#5672=CARTESIAN_POINT('',(-8.19981483044118,0.983105385621869,-15.14));
#5673=DIRECTION('',(-1.22460635382238E-16,0.0,-1.0));
#5674=DIRECTION('',(-1.0,0.0,1.22460635382238E-16));
#5675=DIRECTION('',(0.0,1.0,0.0));
#5676=CARTESIAN_POINT('',(-8.19981483044118,3.01689461438592,-15.14));
#5677=DIRECTION('',(-1.22460635382238E-16,0.0,-1.0));
#5678=DIRECTION('',(-1.0,0.0,1.22460635382238E-16));
#5679=DIRECTION('',(-1.0,-2.88787519585346E-14,1.22460635382238E-16));
#5680=CARTESIAN_POINT('',(-8.87643427928229,3.01689461438592,-15.14));
#5681=DIRECTION('',(-1.22460635382238E-16,0.0,-1.0));
#5682=DIRECTION('',(-1.0,0.0,1.22460635382238E-16));
#5683=CARTESIAN_POINT('',(-9.14484371290539,2.22380789977419,-15.14));
#5684=DIRECTION('',(-1.22460635382238E-16,0.0,-1.0));
#5685=DIRECTION('',(-1.0,0.0,1.22460635382238E-16));
#5686=CARTESIAN_POINT('',(-9.14484371290539,2.22380789977419,-15.14));
#5687=DIRECTION('',(-1.22460635382238E-16,0.0,-1.0));
#5688=DIRECTION('',(-1.0,0.0,1.22460635382238E-16));
#5689=DIRECTION('',(1.22460635382238E-16,0.0,1.0));
#5690=DIRECTION('',(-1.22460635382238E-16,0.0,-1.0));
#5691=CARTESIAN_POINT('',(-9.14484371290539,2.22380789977419,-15.24));
#5692=DIRECTION('',(-1.22460635382238E-16,0.0,-1.0));
#5693=DIRECTION('',(-1.0,0.0,1.22460635382238E-16));
#5694=DIRECTION('',(-1.22460635382238E-16,0.0,-1.0));
#5695=DIRECTION('',(-1.22460635382238E-16,0.0,-1.0));
#5696=DIRECTION('',(0.0,1.0,0.0));
#5697=DIRECTION('',(1.0,0.0,-1.22460635382238E-16));
#5698=CARTESIAN_POINT('',(-9.41325314652858,3.01689461438592,-15.24));
#5699=DIRECTION('',(-1.22460635382238E-16,0.0,-1.0));
#5700=DIRECTION('',(-1.0,0.0,1.22460635382238E-16));
#5701=CARTESIAN_POINT('',(-9.41325314652858,2.7769456634131,-15.24));
#5702=DIRECTION('',(-1.22460635382238E-16,0.0,-1.0));
#5703=DIRECTION('',(-1.0,0.0,1.22460635382238E-16));
#5704=CARTESIAN_POINT('',(-9.14484371290539,2.22380789977419,-15.24));
#5705=DIRECTION('',(-1.22460635382238E-16,0.0,-1.0));
#5706=DIRECTION('',(-1.0,0.0,1.22460635382238E-16));
#5707=CARTESIAN_POINT('',(-9.41325314652858,1.67067013613534,-15.24));
#5708=DIRECTION('',(-1.22460635382238E-16,0.0,-1.0));
#5709=DIRECTION('',(-1.0,0.0,1.22460635382238E-16));
#5710=DIRECTION('',(0.0,1.0,0.0));
#5711=CARTESIAN_POINT('',(-9.41325314652858,1.43072118516243,-15.24));
#5712=DIRECTION('',(-1.22460635382238E-16,0.0,-1.0));
#5713=DIRECTION('',(-1.0,0.0,1.22460635382238E-16));
#5714=DIRECTION('',(-1.0,0.0,1.22460635382238E-16));
#5715=CARTESIAN_POINT('',(-9.42590479634261,2.22380789977419,-15.24));
#5716=DIRECTION('',(-1.22460635382238E-16,0.0,-1.0));
#5717=DIRECTION('',(-1.0,0.0,1.22460635382238E-16));
#5718=CARTESIAN_POINT('',(-9.42590479634261,2.22380789977419,-15.24));
#5719=DIRECTION('',(-1.22460635382238E-16,0.0,-1.0));
#5720=DIRECTION('',(-1.0,0.0,1.22460635382238E-16));
#5721=DIRECTION('',(1.22460635382238E-16,0.0,1.0));
#5722=DIRECTION('',(1.22460635382238E-16,0.0,1.0));
#5723=DIRECTION('',(-1.22460635382238E-16,0.0,-1.0));
#5724=DIRECTION('',(1.22460635382238E-16,0.0,1.0));
#5725=DIRECTION('',(1.22460635382238E-16,0.0,1.0));
#5726=DIRECTION('',(-1.22460635382238E-16,0.0,-1.0));
#5727=DIRECTION('',(1.22460635382238E-16,0.0,1.0));
#5728=DIRECTION('',(-1.22460635382238E-16,0.0,-1.0));
#5729=DIRECTION('',(-1.22460635382238E-16,0.0,-1.0));
#5730=DIRECTION('',(1.22460635382238E-16,0.0,1.0));
#5731=CARTESIAN_POINT('',(-8.87643427928229,3.01689461438592,-15.24));
#5732=DIRECTION('',(-1.22460635382238E-16,0.0,-1.0));
#5733=DIRECTION('',(-1.0,0.0,1.22460635382238E-16));
#5734=DIRECTION('',(-1.22460635382238E-16,0.0,-1.0));
#5735=DIRECTION('',(0.0,-1.0,0.0));
#5736=DIRECTION('',(-1.22460635382238E-16,0.0,-1.0));
#5737=DIRECTION('',(1.22460635382238E-16,0.0,1.0));
#5738=CARTESIAN_POINT('',(-8.87643427928229,1.67067013613534,-15.24));
#5739=DIRECTION('',(-1.22460635382238E-16,0.0,-1.0));
#5740=DIRECTION('',(-1.0,0.0,1.22460635382238E-16));
#5741=DIRECTION('',(0.0,1.0,0.0));
#5742=CARTESIAN_POINT('',(-8.19981483044118,0.983105385621869,-15.24));
#5743=DIRECTION('',(-1.22460635382238E-16,0.0,-1.0));
#5744=DIRECTION('',(-1.0,0.0,1.22460635382238E-16));
#5745=DIRECTION('',(-1.0,0.0,1.22460635382238E-16));
#5746=CARTESIAN_POINT('',(-8.87643427928229,0.983105385621869,-15.24));
#5747=DIRECTION('',(-1.22460635382238E-16,0.0,-1.0));
#5748=DIRECTION('',(-1.0,0.0,1.22460635382238E-16));
#5749=DIRECTION('',(0.0,-1.0,0.0));
#5750=CARTESIAN_POINT('',(-9.14484371290539,2.22380789977419,-15.24));
#5751=DIRECTION('',(-1.22460635382238E-16,0.0,-1.0));
#5752=DIRECTION('',(-1.0,0.0,1.22460635382238E-16));
#5753=CARTESIAN_POINT('',(-9.14484371290539,2.22380789977419,-15.24));
#5754=DIRECTION('',(-1.22460635382238E-16,0.0,-1.0));
#5755=DIRECTION('',(-1.0,0.0,1.22460635382238E-16));
#5756=CARTESIAN_POINT('',(-8.87643427928229,2.7769456634131,-15.24));
#5757=DIRECTION('',(-1.22460635382238E-16,0.0,-1.0));
#5758=DIRECTION('',(-1.0,0.0,1.22460635382238E-16));
#5759=DIRECTION('',(1.0,2.88787519585346E-14,-1.22460635382238E-16));
#5760=CARTESIAN_POINT('',(-8.19981483044118,3.01689461438592,-15.24));
#5761=DIRECTION('',(-1.22460635382238E-16,0.0,-1.0));
#5762=DIRECTION('',(-1.0,0.0,1.22460635382238E-16));
#5763=DIRECTION('',(-1.22460635382238E-16,0.0,-1.0));
#5764=DIRECTION('',(1.22460635382238E-16,0.0,1.0));
#5765=DIRECTION('',(1.22460635382238E-16,0.0,1.0));
#5766=DIRECTION('',(-1.22460635382238E-16,0.0,-1.0));
#5767=DIRECTION('',(-1.22460635382238E-16,0.0,-1.0));
#5768=DIRECTION('',(1.22460635382238E-16,0.0,1.0));
#5769=DIRECTION('',(1.22460635382238E-16,0.0,1.0));
#5770=DIRECTION('',(-1.22460635382238E-16,0.0,-1.0));
#5771=CARTESIAN_POINT('',(-9.14484371290539,2.22380789977419,-15.24));
#5772=DIRECTION('',(-1.22460635382238E-16,0.0,-1.0));
#5773=DIRECTION('',(-1.0,0.0,1.22460635382238E-16));
#5774=DIRECTION('',(-1.22460635382238E-16,0.0,-1.0));
#5775=DIRECTION('',(-1.22460635382238E-16,0.0,-1.0));
#5776=CARTESIAN_POINT('',(-9.14484371290539,2.22380789977419,-15.24));
#5777=DIRECTION('',(-1.22460635382238E-16,0.0,-1.0));
#5778=DIRECTION('',(-1.0,0.0,1.22460635382238E-16));
#5779=DIRECTION('',(-1.22460635382238E-16,0.0,-1.0));
#5780=DIRECTION('',(-1.22460635382238E-16,0.0,-1.0));
#5781=DIRECTION('',(0.0,-1.0,0.0));
#5782=DIRECTION('',(-1.22460635382238E-16,0.0,-1.0));
#5783=DIRECTION('',(0.0,1.0,0.0));
#5784=DIRECTION('',(-1.22460635382238E-16,0.0,-1.0));
#5785=DIRECTION('',(-1.0,0.0,1.22460635382238E-16));
#5786=DIRECTION('',(1.0,0.0,-1.22460635382238E-16));
#5787=DIRECTION('',(0.894427190999918,0.447213595499955,-1.09532122113E-16));
#5788=DIRECTION('',(0.0,1.0,0.0));
#5789=DIRECTION('',(-1.0,0.0,1.22460635382238E-16));
#5790=DIRECTION('',(-0.894427190999918,-0.447213595499955,1.09532122113E-16));
#5791=CARTESIAN_POINT('',(-0.8928203230276,8.65358983848618,-10.43));
#5792=DIRECTION('',(-0.447213595499955,0.894427190999917,5.47660610564995E-17));
#5793=DIRECTION('',(-0.894427190999918,-0.447213595499955,1.09532122113E-16));
#5794=DIRECTION('',(-0.794719414239027,-0.39735970711951,-0.458831467741126));
#5795=DIRECTION('',(-1.22460635382238E-16,0.0,-1.0));
#5796=DIRECTION('',(0.794719414239032,0.397359707119513,-0.458831467741114));
#5797=CARTESIAN_POINT('',(-0.8928203230275,8.65358983848624,-12.43));
#5798=DIRECTION('',(-0.447213595499955,0.894427190999917,5.47660610564995E-17));
#5799=DIRECTION('',(-0.894427190999917,-0.447213595499955,1.09532122113E-16));
#5800=DIRECTION('',(0.0,1.0,0.0));
#5801=DIRECTION('',(0.0,1.0,0.0));
#5802=DIRECTION('',(-0.866025403784445,0.0,0.49999999999999));
#5803=DIRECTION('',(0.0,-1.0,0.0));
#5804=DIRECTION('',(1.0,0.0,-1.22460635382238E-16));
#5805=DIRECTION('',(-1.0,0.0,1.22460635382238E-16));
#5806=DIRECTION('',(-1.22460635382238E-16,0.0,-1.0));
#5807=DIRECTION('',(1.22460635382238E-16,0.0,1.0));
#5808=DIRECTION('',(0.0,1.0,0.0));
#5809=DIRECTION('',(1.0,0.0,-1.22460635382238E-16));
#5810=DIRECTION('',(0.0,1.0,0.0));
#5811=DIRECTION('',(0.0,1.0,0.0));
#5812=DIRECTION('',(0.866025403784438,0.0,0.500000000000001));
#5813=DIRECTION('',(0.0,1.0,0.0));
#5814=CARTESIAN_POINT('',(-0.8928203230276,3.3,-10.43));
#5815=DIRECTION('',(0.0,-1.0,0.0));
#5816=DIRECTION('',(-1.0,0.0,1.22460635382238E-16));
#5817=DIRECTION('',(1.0,0.0,-1.22460635382238E-16));
#5818=CARTESIAN_POINT('',(-0.8928203230275,3.3,-12.43));
#5819=DIRECTION('',(0.0,-1.0,0.0));
#5820=DIRECTION('',(-1.0,0.0,1.22460635382238E-16));
#5821=DIRECTION('',(-1.0,0.0,1.22460635382238E-16));
#5822=DIRECTION('',(1.22460635382238E-16,0.0,1.0));
#5823=DIRECTION('',(1.22460635382238E-16,0.0,1.0));
#5824=CARTESIAN_POINT('',(-5.5,18.0,-11.43));
#5825=DIRECTION('',(0.0,-1.0,0.0));
#5826=DIRECTION('',(1.0,0.0,-1.22460635382238E-16));
#5827=CARTESIAN_POINT('',(-5.5,18.0,-3.81));
#5828=DIRECTION('',(0.0,-1.0,0.0));
#5829=DIRECTION('',(1.0,0.0,-1.22460635382238E-16));
#5830=CARTESIAN_POINT('',(-7.20000000000001,18.0,-7.62));
#5831=DIRECTION('',(0.0,1.0,0.0));
#5832=DIRECTION('',(-1.0,0.0,1.22460635382238E-16));
#5833=DIRECTION('',(0.0,-1.0,0.0));
#5834=DIRECTION('',(-0.707106781186548,0.0,-0.707106781186547));
#5835=DIRECTION('',(0.707106781186548,0.0,0.707106781186547));
#5836=DIRECTION('',(0.707106781186548,0.0,0.707106781186547));
#5837=DIRECTION('',(0.707106781186548,0.0,0.707106781186547));
#5838=DIRECTION('',(0.0,-1.0,0.0));
#5839=DIRECTION('',(0.707106781186548,0.0,0.707106781186547));
#5840=DIRECTION('',(0.0,1.0,0.0));
#5841=DIRECTION('',(0.707106781186548,0.0,0.707106781186547));
#5842=DIRECTION('',(0.0,-1.0,0.0));
#5843=DIRECTION('',(0.707106781186548,0.0,0.707106781186547));
#5844=DIRECTION('',(0.707106781186548,0.0,0.707106781186547));
#5845=DIRECTION('',(-0.707106781186548,0.0,-0.707106781186547));
#5846=DIRECTION('',(0.0,-1.0,0.0));
#5847=DIRECTION('',(0.707106781186548,0.0,0.707106781186547));
#5848=DIRECTION('',(0.707106781186548,0.0,0.707106781186547));
#5849=CARTESIAN_POINT('',(-5.5,15.0886751345948,-3.81));
#5850=DIRECTION('',(0.0,-1.0,0.0));
#5851=DIRECTION('',(-1.0,0.0,1.22460635382238E-16));
#5852=CARTESIAN_POINT('',(-5.5,15.0886751345948,-11.43));
#5853=DIRECTION('',(0.0,-1.0,0.0));
#5854=DIRECTION('',(-1.0,0.0,1.22460635382238E-16));
ENDSEC;
END-ISO-10303-21;
