ISO-10303-21;
HEADER;
FILE_DESCRIPTION(('FreeCAD Model'),'2;1');
FILE_NAME('Open CASCADE Shape Model','2024-07-30T21:22:54',(''),(''),
  'Open CASCADE STEP processor 7.6','FreeCAD','Unknown');
FILE_SCHEMA(('AUTOMOTIVE_DESIGN { 1 0 10303 214 1 1 1 1 }'));
ENDSEC;
DATA;
#1 = APPLICATION_PROTOCOL_DEFINITION('international standard',
  'automotive_design',2000,#2);
#2 = APPLICATION_CONTEXT(
  'core data for automotive mechanical design processes');
#3 = SHAPE_DEFINITION_REPRESENTATION(#4,#10);
#4 = PRODUCT_DEFINITION_SHAPE('','',#5);
#5 = PRODUCT_DEFINITION('design','',#6,#9);
#6 = PRODUCT_DEFINITION_FORMATION('','',#7);
#7 = PRODUCT('portaBateria','portaBateria','',(#8));
#8 = PRODUCT_CONTEXT('',#2,'mechanical');
#9 = PRODUCT_DEFINITION_CONTEXT('part definition',#2,'design');
#10 = SHAPE_REPRESENTATION('',(#11,#15,#19,#23,#27,#31,#35,#39,#43),#47
  );
#11 = AXIS2_PLACEMENT_3D('',#12,#13,#14);
#12 = CARTESIAN_POINT('',(0.,0.,0.));
#13 = DIRECTION('',(0.,0.,1.));
#14 = DIRECTION('',(1.,0.,-0.));
#15 = AXIS2_PLACEMENT_3D('',#16,#17,#18);
#16 = CARTESIAN_POINT('',(0.,0.,0.));
#17 = DIRECTION('',(0.,0.,1.));
#18 = DIRECTION('',(1.,0.,0.));
#19 = AXIS2_PLACEMENT_3D('',#20,#21,#22);
#20 = CARTESIAN_POINT('',(0.,0.,1.2));
#21 = DIRECTION('',(0.,0.,1.));
#22 = DIRECTION('',(1.,0.,0.));
#23 = AXIS2_PLACEMENT_3D('',#24,#25,#26);
#24 = CARTESIAN_POINT('',(-7.85,-0.24,6.2));
#25 = DIRECTION('',(0.,0.,1.));
#26 = DIRECTION('',(1.,0.,0.));
#27 = AXIS2_PLACEMENT_3D('',#28,#29,#30);
#28 = CARTESIAN_POINT('',(-7.8,3.8,6.2));
#29 = DIRECTION('',(0.,0.,1.));
#30 = DIRECTION('',(1.,0.,0.));
#31 = AXIS2_PLACEMENT_3D('',#32,#33,#34);
#32 = CARTESIAN_POINT('',(-7.38,6.99,6.2));
#33 = DIRECTION('',(0.,0.,1.));
#34 = DIRECTION('',(1.,0.,0.));
#35 = AXIS2_PLACEMENT_3D('',#36,#37,#38);
#36 = CARTESIAN_POINT('',(-5.7,-5.46,6.2));
#37 = DIRECTION('',(0.,0.,1.));
#38 = DIRECTION('',(1.,0.,0.));
#39 = AXIS2_PLACEMENT_3D('',#40,#41,#42);
#40 = CARTESIAN_POINT('',(0.,0.,0.));
#41 = DIRECTION('',(0.,0.,1.));
#42 = DIRECTION('',(1.,0.,0.));
#43 = AXIS2_PLACEMENT_3D('',#44,#45,#46);
#44 = CARTESIAN_POINT('',(0.,0.,1.2));
#45 = DIRECTION('',(0.,0.,1.));
#46 = DIRECTION('',(1.,0.,0.));
#47 = ( GEOMETRIC_REPRESENTATION_CONTEXT(3) 
GLOBAL_UNCERTAINTY_ASSIGNED_CONTEXT((#51)) GLOBAL_UNIT_ASSIGNED_CONTEXT(
(#48,#49,#50)) REPRESENTATION_CONTEXT('Context #1',
  '3D Context with UNIT and UNCERTAINTY') );
#48 = ( LENGTH_UNIT() NAMED_UNIT(*) SI_UNIT(.MILLI.,.METRE.) );
#49 = ( NAMED_UNIT(*) PLANE_ANGLE_UNIT() SI_UNIT($,.RADIAN.) );
#50 = ( NAMED_UNIT(*) SI_UNIT($,.STERADIAN.) SOLID_ANGLE_UNIT() );
#51 = UNCERTAINTY_MEASURE_WITH_UNIT(LENGTH_MEASURE(1.E-07),#48,
  'distance_accuracy_value','confusion accuracy');
#52 = PRODUCT_RELATED_PRODUCT_CATEGORY('part',$,(#7));
#53 = SHAPE_DEFINITION_REPRESENTATION(#54,#60);
#54 = PRODUCT_DEFINITION_SHAPE('','',#55);
#55 = PRODUCT_DEFINITION('design','',#56,#59);
#56 = PRODUCT_DEFINITION_FORMATION('','',#57);
#57 = PRODUCT('Cuerpo','Cuerpo','',(#58));
#58 = PRODUCT_CONTEXT('',#2,'mechanical');
#59 = PRODUCT_DEFINITION_CONTEXT('part definition',#2,'design');
#60 = ADVANCED_BREP_SHAPE_REPRESENTATION('',(#11,#61),#1565);
#61 = MANIFOLD_SOLID_BREP('',#62);
#62 = CLOSED_SHELL('',(#63,#323,#355,#390,#429,#454,#479,#503,#531,#556,
    #581,#605,#686,#711,#735,#770,#920,#945,#962,#1001,#1026,#1051,#1072
    ,#1128,#1140,#1164,#1188,#1205,#1229,#1272,#1289,#1320,#1344,#1368,
    #1385,#1416,#1440,#1464,#1481,#1506,#1531));
#63 = ADVANCED_FACE('',(#64),#318,.T.);
#64 = FACE_BOUND('',#65,.F.);
#65 = EDGE_LOOP('',(#66,#77,#104,#113,#125,#134,#143,#151,#160,#168,#177
    ,#186,#198,#207,#234,#243,#260,#269,#277,#286,#294,#303));
#66 = ORIENTED_EDGE('',*,*,#67,.T.);
#67 = EDGE_CURVE('',#68,#70,#72,.T.);
#68 = VERTEX_POINT('',#69);
#69 = CARTESIAN_POINT('',(-9.938719427681,-9.429308359463,7.19831216607)
  );
#70 = VERTEX_POINT('',#71);
#71 = CARTESIAN_POINT('',(-9.784149890003,-9.589599101628,6.842362967509
    ));
#72 = ELLIPSE('',#73,34.395133181992,13.7);
#73 = AXIS2_PLACEMENT_3D('',#74,#75,#76);
#74 = CARTESIAN_POINT('',(0.,0.,-15.68898676852));
#75 = DIRECTION('',(0.917249921428,9.E-17,0.39831216607));
#76 = DIRECTION('',(0.39831216607,4.E-17,-0.917249921428));
#77 = ORIENTED_EDGE('',*,*,#78,.T.);
#78 = EDGE_CURVE('',#70,#79,#81,.T.);
#79 = VERTEX_POINT('',#80);
#80 = CARTESIAN_POINT('',(-8.5,-10.74430081485,6.));
#81 = B_SPLINE_CURVE_WITH_KNOTS('',5,(#82,#83,#84,#85,#86,#87,#88,#89,
    #90,#91,#92,#93,#94,#95,#96,#97,#98,#99,#100,#101,#102,#103),
  .UNSPECIFIED.,.F.,.F.,(6,4,4,4,4,6),(0.,0.17816554317,0.295391955911,
    0.584379392152,0.861805415494,1.),.UNSPECIFIED.);
#82 = CARTESIAN_POINT('',(-9.784149890003,-9.589599101628,6.842362967509
    ));
#83 = CARTESIAN_POINT('',(-9.760171695643,-9.614063758099,6.787144978287
    ));
#84 = CARTESIAN_POINT('',(-9.73340883564,-9.641216618443,6.73363789148)
  );
#85 = CARTESIAN_POINT('',(-9.704031387206,-9.670815015097,6.681984818799
    ));
#86 = CARTESIAN_POINT('',(-9.672213894088,-9.702606699813,6.632316530123
    ));
#87 = CARTESIAN_POINT('',(-9.615725247116,-9.758525656011,6.553454558796
    ));
#88 = CARTESIAN_POINT('',(-9.592326427096,-9.781560774969,6.523060722262
    ));
#89 = CARTESIAN_POINT('',(-9.567992354605,-9.805372991589,6.493594708382
    ));
#90 = CARTESIAN_POINT('',(-9.542765687563,-9.829900175168,6.465078166582
    ));
#91 = CARTESIAN_POINT('',(-9.452393172874,-9.917169524166,6.369615073975
    ));
#92 = CARTESIAN_POINT('',(-9.382930538662,-9.983233921701,6.307597754223
    ));
#93 = CARTESIAN_POINT('',(-9.308853925781,-10.0524459795,6.251714401548)
  );
#94 = CARTESIAN_POINT('',(-9.230658777814,-10.12408174773,6.202222804312
    ));
#95 = CARTESIAN_POINT('',(-9.070227053655,-10.2680146903,6.118319652203)
  );
#96 = CARTESIAN_POINT('',(-8.988255451586,-10.34019029444,6.083372746288
    ));
#97 = CARTESIAN_POINT('',(-8.903337800543,-10.41345399285,6.054865434917
    ));
#98 = CARTESIAN_POINT('',(-8.815942012058,-10.48725915923,6.033112565664
    ));
#99 = CARTESIAN_POINT('',(-8.682063914834,-10.59788189554,6.011156024489
    ));
#100 = CARTESIAN_POINT('',(-8.637071031045,-10.6346646829,6.005617848943
    ));
#101 = CARTESIAN_POINT('',(-8.591672242032,-10.67137786744,6.00188549801
    ));
#102 = CARTESIAN_POINT('',(-8.545950613193,-10.70794849943,6.));
#103 = CARTESIAN_POINT('',(-8.5,-10.74430081485,6.));
#104 = ORIENTED_EDGE('',*,*,#105,.F.);
#105 = EDGE_CURVE('',#106,#79,#108,.T.);
#106 = VERTEX_POINT('',#107);
#107 = CARTESIAN_POINT('',(7.,-11.77667185583,6.));
#108 = CIRCLE('',#109,13.7);
#109 = AXIS2_PLACEMENT_3D('',#110,#111,#112);
#110 = CARTESIAN_POINT('',(0.,0.,6.));
#111 = DIRECTION('',(0.,0.,-1.));
#112 = DIRECTION('',(1.,0.,0.));
#113 = ORIENTED_EDGE('',*,*,#114,.T.);
#114 = EDGE_CURVE('',#106,#115,#117,.T.);
#115 = VERTEX_POINT('',#116);
#116 = CARTESIAN_POINT('',(8.448644672602,-10.7847300938,6.398883258142)
  );
#117 = B_SPLINE_CURVE_WITH_KNOTS('',6,(#118,#119,#120,#121,#122,#123,
    #124),.UNSPECIFIED.,.F.,.F.,(7,7),(0.,1.),.PIECEWISE_BEZIER_KNOTS.);
#118 = CARTESIAN_POINT('',(7.,-11.77667185583,6.));
#119 = CARTESIAN_POINT('',(7.269814945424,-11.61629508376,6.));
#120 = CARTESIAN_POINT('',(7.531572703826,-11.45066843111,6.030868538532
    ));
#121 = CARTESIAN_POINT('',(7.782234850332,-11.28210765753,6.089154109339
    ));
#122 = CARTESIAN_POINT('',(8.019644682603,-11.11315170292,6.171759837104
    ));
#123 = CARTESIAN_POINT('',(8.242198091974,-10.9464581842,6.27586664851)
  );
#124 = CARTESIAN_POINT('',(8.448644672602,-10.7847300938,6.398883258142)
  );
#125 = ORIENTED_EDGE('',*,*,#126,.F.);
#126 = EDGE_CURVE('',#127,#115,#129,.T.);
#127 = VERTEX_POINT('',#128);
#128 = CARTESIAN_POINT('',(10.8,-8.429116205154,7.8));
#129 = ELLIPSE('',#130,15.947814982495,13.7);
#130 = AXIS2_PLACEMENT_3D('',#131,#132,#133);
#131 = CARTESIAN_POINT('',(0.,0.,1.364536743662));
#132 = DIRECTION('',(0.511888576891,-1.9E-16,-0.859051852247));
#133 = DIRECTION('',(-0.859051852247,3.2E-16,-0.511888576891));
#134 = ORIENTED_EDGE('',*,*,#135,.T.);
#135 = EDGE_CURVE('',#127,#136,#138,.T.);
#136 = VERTEX_POINT('',#137);
#137 = CARTESIAN_POINT('',(12.754999019992,-5.,7.8));
#138 = CIRCLE('',#139,13.7);
#139 = AXIS2_PLACEMENT_3D('',#140,#141,#142);
#140 = CARTESIAN_POINT('',(0.,0.,7.8));
#141 = DIRECTION('',(0.,0.,1.));
#142 = DIRECTION('',(1.,0.,0.));
#143 = ORIENTED_EDGE('',*,*,#144,.F.);
#144 = EDGE_CURVE('',#145,#136,#147,.T.);
#145 = VERTEX_POINT('',#146);
#146 = CARTESIAN_POINT('',(12.754999019992,-5.,0.));
#147 = LINE('',#148,#149);
#148 = CARTESIAN_POINT('',(12.754999019992,-5.,0.));
#149 = VECTOR('',#150,1.);
#150 = DIRECTION('',(0.,0.,1.));
#151 = ORIENTED_EDGE('',*,*,#152,.F.);
#152 = EDGE_CURVE('',#153,#145,#155,.T.);
#153 = VERTEX_POINT('',#154);
#154 = CARTESIAN_POINT('',(12.754999019992,5.,0.));
#155 = CIRCLE('',#156,13.7);
#156 = AXIS2_PLACEMENT_3D('',#157,#158,#159);
#157 = CARTESIAN_POINT('',(0.,0.,0.));
#158 = DIRECTION('',(0.,0.,1.));
#159 = DIRECTION('',(1.,0.,0.));
#160 = ORIENTED_EDGE('',*,*,#161,.T.);
#161 = EDGE_CURVE('',#153,#162,#164,.T.);
#162 = VERTEX_POINT('',#163);
#163 = CARTESIAN_POINT('',(12.754999019992,5.,7.8));
#164 = LINE('',#165,#166);
#165 = CARTESIAN_POINT('',(12.754999019992,5.,0.));
#166 = VECTOR('',#167,1.);
#167 = DIRECTION('',(0.,0.,1.));
#168 = ORIENTED_EDGE('',*,*,#169,.T.);
#169 = EDGE_CURVE('',#162,#170,#172,.T.);
#170 = VERTEX_POINT('',#171);
#171 = CARTESIAN_POINT('',(10.8,8.429116205154,7.8));
#172 = CIRCLE('',#173,13.7);
#173 = AXIS2_PLACEMENT_3D('',#174,#175,#176);
#174 = CARTESIAN_POINT('',(0.,0.,7.8));
#175 = DIRECTION('',(0.,0.,1.));
#176 = DIRECTION('',(1.,0.,0.));
#177 = ORIENTED_EDGE('',*,*,#178,.F.);
#178 = EDGE_CURVE('',#179,#170,#181,.T.);
#179 = VERTEX_POINT('',#180);
#180 = CARTESIAN_POINT('',(8.448644672602,10.7847300938,6.398883258142)
  );
#181 = ELLIPSE('',#182,15.947814982495,13.7);
#182 = AXIS2_PLACEMENT_3D('',#183,#184,#185);
#183 = CARTESIAN_POINT('',(0.,0.,1.364536743662));
#184 = DIRECTION('',(0.511888576891,-1.9E-16,-0.859051852247));
#185 = DIRECTION('',(-0.859051852247,3.2E-16,-0.511888576891));
#186 = ORIENTED_EDGE('',*,*,#187,.T.);
#187 = EDGE_CURVE('',#179,#188,#190,.T.);
#188 = VERTEX_POINT('',#189);
#189 = CARTESIAN_POINT('',(7.,11.776671855834,6.));
#190 = B_SPLINE_CURVE_WITH_KNOTS('',6,(#191,#192,#193,#194,#195,#196,
    #197),.UNSPECIFIED.,.F.,.F.,(7,7),(0.,1.),.PIECEWISE_BEZIER_KNOTS.);
#191 = CARTESIAN_POINT('',(8.448644672602,10.7847300938,6.398883258142)
  );
#192 = CARTESIAN_POINT('',(8.242211136421,10.946447965322,6.275874421385
    ));
#193 = CARTESIAN_POINT('',(8.019652396848,11.113146626354,6.171760862594
    ));
#194 = CARTESIAN_POINT('',(7.782226870385,11.282114307165,6.089148663719
    ));
#195 = CARTESIAN_POINT('',(7.531550160665,11.450683546356,6.030863310439
    ));
#196 = CARTESIAN_POINT('',(7.269792015665,11.616308713108,6.));
#197 = CARTESIAN_POINT('',(7.,11.776671855834,6.));
#198 = ORIENTED_EDGE('',*,*,#199,.F.);
#199 = EDGE_CURVE('',#200,#188,#202,.T.);
#200 = VERTEX_POINT('',#201);
#201 = CARTESIAN_POINT('',(-8.5,10.744300814851,6.));
#202 = CIRCLE('',#203,13.7);
#203 = AXIS2_PLACEMENT_3D('',#204,#205,#206);
#204 = CARTESIAN_POINT('',(0.,0.,6.));
#205 = DIRECTION('',(0.,0.,-1.));
#206 = DIRECTION('',(1.,0.,0.));
#207 = ORIENTED_EDGE('',*,*,#208,.F.);
#208 = EDGE_CURVE('',#209,#200,#211,.T.);
#209 = VERTEX_POINT('',#210);
#210 = CARTESIAN_POINT('',(-9.784149890003,9.589599101628,6.842362967509
    ));
#211 = B_SPLINE_CURVE_WITH_KNOTS('',5,(#212,#213,#214,#215,#216,#217,
    #218,#219,#220,#221,#222,#223,#224,#225,#226,#227,#228,#229,#230,
    #231,#232,#233),.UNSPECIFIED.,.F.,.F.,(6,4,4,4,4,6),(0.,
    0.178165569922,0.295391978847,0.584379405681,0.861805419992,1.),
  .UNSPECIFIED.);
#212 = CARTESIAN_POINT('',(-9.784149890003,9.589599101628,6.842362967509
    ));
#213 = CARTESIAN_POINT('',(-9.760171700062,9.614063753591,6.787144988462
    ));
#214 = CARTESIAN_POINT('',(-9.733408832918,9.641216621318,6.733637882365
    ));
#215 = CARTESIAN_POINT('',(-9.704031381044,9.670815021133,6.681984812187
    ));
#216 = CARTESIAN_POINT('',(-9.672213900313,9.702606693651,6.632316538813
    ));
#217 = CARTESIAN_POINT('',(-9.615725247116,9.758525656011,6.553454558796
    ));
#218 = CARTESIAN_POINT('',(-9.592326427096,9.781560774969,6.523060722262
    ));
#219 = CARTESIAN_POINT('',(-9.567992354605,9.805372991589,6.493594708382
    ));
#220 = CARTESIAN_POINT('',(-9.542765687563,9.829900175168,6.465078166582
    ));
#221 = CARTESIAN_POINT('',(-9.452393172874,9.917169524166,6.369615073975
    ));
#222 = CARTESIAN_POINT('',(-9.382930538662,9.983233921701,6.307597754223
    ));
#223 = CARTESIAN_POINT('',(-9.308853925781,10.052445979502,
    6.251714401548));
#224 = CARTESIAN_POINT('',(-9.230658777814,10.124081747736,
    6.202222804312));
#225 = CARTESIAN_POINT('',(-9.070227053655,10.268014690303,
    6.118319652203));
#226 = CARTESIAN_POINT('',(-8.988255451586,10.340190294449,
    6.083372746288));
#227 = CARTESIAN_POINT('',(-8.903337800543,10.413453992854,
    6.054865434917));
#228 = CARTESIAN_POINT('',(-8.815942012058,10.487259159234,
    6.033112565664));
#229 = CARTESIAN_POINT('',(-8.682063914834,10.59788189554,6.011156024489
    ));
#230 = CARTESIAN_POINT('',(-8.637071031045,10.6346646829,6.005617848942)
  );
#231 = CARTESIAN_POINT('',(-8.591672242032,10.671377867441,6.00188549801
    ));
#232 = CARTESIAN_POINT('',(-8.545950613193,10.707948499435,6.));
#233 = CARTESIAN_POINT('',(-8.5,10.744300814851,6.));
#234 = ORIENTED_EDGE('',*,*,#235,.T.);
#235 = EDGE_CURVE('',#209,#236,#238,.T.);
#236 = VERTEX_POINT('',#237);
#237 = CARTESIAN_POINT('',(-9.938719427681,9.429308359463,7.19831216607)
  );
#238 = ELLIPSE('',#239,34.395133181992,13.7);
#239 = AXIS2_PLACEMENT_3D('',#240,#241,#242);
#240 = CARTESIAN_POINT('',(0.,0.,-15.68898676852));
#241 = DIRECTION('',(0.917249921428,9.E-17,0.39831216607));
#242 = DIRECTION('',(0.39831216607,4.E-17,-0.917249921428));
#243 = ORIENTED_EDGE('',*,*,#244,.F.);
#244 = EDGE_CURVE('',#245,#236,#247,.T.);
#245 = VERTEX_POINT('',#246);
#246 = CARTESIAN_POINT('',(-10.8559693491,8.356909087169,7.8));
#247 = B_SPLINE_CURVE_WITH_KNOTS('',6,(#248,#249,#250,#251,#252,#253,
    #254,#255,#256,#257,#258,#259),.UNSPECIFIED.,.F.,.F.,(7,5,7),(0.,
    0.56765988231,1.),.UNSPECIFIED.);
#248 = CARTESIAN_POINT('',(-10.8559693491,8.356909087169,7.8));
#249 = CARTESIAN_POINT('',(-10.75938715494,8.482373338201,7.8));
#250 = CARTESIAN_POINT('',(-10.66111459173,8.606433138584,7.788806604254
    ));
#251 = CARTESIAN_POINT('',(-10.56194574773,8.728067289384,7.765682585758
    ));
#252 = CARTESIAN_POINT('',(-10.46324626719,8.845689109722,7.729555678065
    ));
#253 = CARTESIAN_POINT('',(-10.36710499892,8.957230501181,7.679445069089
    ));
#254 = CARTESIAN_POINT('',(-10.20717898292,9.138622876833,7.565683214045
    ));
#255 = CARTESIAN_POINT('',(-10.14116699388,9.212047689447,7.508124284906
    ));
#256 = CARTESIAN_POINT('',(-10.07965154626,9.279226854038,7.442078559915
    ));
#257 = CARTESIAN_POINT('',(-10.02426187435,9.338755027317,7.367774697849
    ));
#258 = CARTESIAN_POINT('',(-9.976792588149,9.38917832604,7.285988632981)
  );
#259 = CARTESIAN_POINT('',(-9.938719427681,9.429308359463,7.19831216607)
  );
#260 = ORIENTED_EDGE('',*,*,#261,.T.);
#261 = EDGE_CURVE('',#245,#262,#264,.T.);
#262 = VERTEX_POINT('',#263);
#263 = CARTESIAN_POINT('',(-13.10305307934,4.,7.8));
#264 = CIRCLE('',#265,13.7);
#265 = AXIS2_PLACEMENT_3D('',#266,#267,#268);
#266 = CARTESIAN_POINT('',(0.,0.,7.8));
#267 = DIRECTION('',(0.,0.,1.));
#268 = DIRECTION('',(1.,0.,0.));
#269 = ORIENTED_EDGE('',*,*,#270,.T.);
#270 = EDGE_CURVE('',#262,#271,#273,.T.);
#271 = VERTEX_POINT('',#272);
#272 = CARTESIAN_POINT('',(-13.10305307934,4.,1.));
#273 = LINE('',#274,#275);
#274 = CARTESIAN_POINT('',(-13.10305307934,4.,0.));
#275 = VECTOR('',#276,1.);
#276 = DIRECTION('',(-0.,-0.,-1.));
#277 = ORIENTED_EDGE('',*,*,#278,.F.);
#278 = EDGE_CURVE('',#279,#271,#281,.T.);
#279 = VERTEX_POINT('',#280);
#280 = CARTESIAN_POINT('',(-13.10305307934,-4.,1.));
#281 = CIRCLE('',#282,13.7);
#282 = AXIS2_PLACEMENT_3D('',#283,#284,#285);
#283 = CARTESIAN_POINT('',(0.,0.,1.));
#284 = DIRECTION('',(0.,0.,-1.));
#285 = DIRECTION('',(1.,0.,0.));
#286 = ORIENTED_EDGE('',*,*,#287,.F.);
#287 = EDGE_CURVE('',#288,#279,#290,.T.);
#288 = VERTEX_POINT('',#289);
#289 = CARTESIAN_POINT('',(-13.10305307934,-4.,7.8));
#290 = LINE('',#291,#292);
#291 = CARTESIAN_POINT('',(-13.10305307934,-4.,0.));
#292 = VECTOR('',#293,1.);
#293 = DIRECTION('',(-0.,-0.,-1.));
#294 = ORIENTED_EDGE('',*,*,#295,.T.);
#295 = EDGE_CURVE('',#288,#296,#298,.T.);
#296 = VERTEX_POINT('',#297);
#297 = CARTESIAN_POINT('',(-10.8559693491,-8.356909087169,7.8));
#298 = CIRCLE('',#299,13.7);
#299 = AXIS2_PLACEMENT_3D('',#300,#301,#302);
#300 = CARTESIAN_POINT('',(0.,0.,7.8));
#301 = DIRECTION('',(0.,0.,1.));
#302 = DIRECTION('',(1.,0.,0.));
#303 = ORIENTED_EDGE('',*,*,#304,.F.);
#304 = EDGE_CURVE('',#68,#296,#305,.T.);
#305 = B_SPLINE_CURVE_WITH_KNOTS('',6,(#306,#307,#308,#309,#310,#311,
    #312,#313,#314,#315,#316,#317),.UNSPECIFIED.,.F.,.F.,(7,5,7),(0.,
    0.432340132127,1.),.UNSPECIFIED.);
#306 = CARTESIAN_POINT('',(-9.938719427681,-9.429308359463,7.19831216607
    ));
#307 = CARTESIAN_POINT('',(-9.976792584017,-9.389178330396,
    7.285988623464));
#308 = CARTESIAN_POINT('',(-10.02426186949,-9.338755032506,
    7.367774692728));
#309 = CARTESIAN_POINT('',(-10.07965154588,-9.279226854661,
    7.442078561181));
#310 = CARTESIAN_POINT('',(-10.14116699565,-9.212047687318,
    7.508124285116));
#311 = CARTESIAN_POINT('',(-10.20717897958,-9.138622880626,
    7.565683211665));
#312 = CARTESIAN_POINT('',(-10.36710499797,-8.957230502258,
    7.679445068414));
#313 = CARTESIAN_POINT('',(-10.46324626629,-8.845689110788,
    7.729555677841));
#314 = CARTESIAN_POINT('',(-10.56194574821,-8.728067288921,
    7.765682586164));
#315 = CARTESIAN_POINT('',(-10.6611145905,-8.606433139768,7.788806602939
    ));
#316 = CARTESIAN_POINT('',(-10.75938714929,-8.482373345534,7.8));
#317 = CARTESIAN_POINT('',(-10.8559693491,-8.356909087169,7.8));
#318 = CYLINDRICAL_SURFACE('',#319,13.7);
#319 = AXIS2_PLACEMENT_3D('',#320,#321,#322);
#320 = CARTESIAN_POINT('',(0.,0.,0.));
#321 = DIRECTION('',(-0.,-0.,-1.));
#322 = DIRECTION('',(1.,0.,0.));
#323 = ADVANCED_FACE('',(#324),#350,.T.);
#324 = FACE_BOUND('',#325,.T.);
#325 = EDGE_LOOP('',(#326,#327,#335,#344));
#326 = ORIENTED_EDGE('',*,*,#67,.T.);
#327 = ORIENTED_EDGE('',*,*,#328,.T.);
#328 = EDGE_CURVE('',#70,#329,#331,.T.);
#329 = VERTEX_POINT('',#330);
#330 = CARTESIAN_POINT('',(-9.784149890003,-8.096938367677,
    6.842362967509));
#331 = LINE('',#332,#333);
#332 = CARTESIAN_POINT('',(-9.784149890003,-42.93666185052,
    6.842362967509));
#333 = VECTOR('',#334,1.);
#334 = DIRECTION('',(0.,1.,-2.2E-16));
#335 = ORIENTED_EDGE('',*,*,#336,.F.);
#336 = EDGE_CURVE('',#337,#329,#339,.T.);
#337 = VERTEX_POINT('',#338);
#338 = CARTESIAN_POINT('',(-9.938719427681,-7.90644396286,7.19831216607)
  );
#339 = ELLIPSE('',#340,31.884539519073,12.7);
#340 = AXIS2_PLACEMENT_3D('',#341,#342,#343);
#341 = CARTESIAN_POINT('',(0.,0.,-15.68898676852));
#342 = DIRECTION('',(0.917249921428,9.E-17,0.39831216607));
#343 = DIRECTION('',(0.39831216607,4.E-17,-0.917249921428));
#344 = ORIENTED_EDGE('',*,*,#345,.F.);
#345 = EDGE_CURVE('',#68,#337,#346,.T.);
#346 = LINE('',#347,#348);
#347 = CARTESIAN_POINT('',(-9.938719427681,-9.14603739332,7.19831216607)
  );
#348 = VECTOR('',#349,1.);
#349 = DIRECTION('',(0.,1.,-2.2E-16));
#350 = PLANE('',#351);
#351 = AXIS2_PLACEMENT_3D('',#352,#353,#354);
#352 = CARTESIAN_POINT('',(-9.784149890003,-42.93666185052,
    6.842362967509));
#353 = DIRECTION('',(0.917249921428,9.E-17,0.39831216607));
#354 = DIRECTION('',(-0.39831216607,2.E-16,0.917249921428));
#355 = ADVANCED_FACE('',(#356),#385,.T.);
#356 = FACE_BOUND('',#357,.F.);
#357 = EDGE_LOOP('',(#358,#359,#367,#384));
#358 = ORIENTED_EDGE('',*,*,#304,.T.);
#359 = ORIENTED_EDGE('',*,*,#360,.T.);
#360 = EDGE_CURVE('',#296,#361,#363,.T.);
#361 = VERTEX_POINT('',#362);
#362 = CARTESIAN_POINT('',(-10.8559693491,-6.590745746212,7.8));
#363 = LINE('',#364,#365);
#364 = CARTESIAN_POINT('',(-10.8559693491,-9.14603739332,7.8));
#365 = VECTOR('',#366,1.);
#366 = DIRECTION('',(0.,1.,-2.2E-16));
#367 = ORIENTED_EDGE('',*,*,#368,.F.);
#368 = EDGE_CURVE('',#337,#361,#369,.T.);
#369 = B_SPLINE_CURVE_WITH_KNOTS('',7,(#370,#371,#372,#373,#374,#375,
    #376,#377,#378,#379,#380,#381,#382,#383),.UNSPECIFIED.,.F.,.F.,(8,6,
    8),(0.,0.356592428306,1.),.UNSPECIFIED.);
#370 = CARTESIAN_POINT('',(-9.938719427681,-7.90644396286,7.19831216607)
  );
#371 = CARTESIAN_POINT('',(-9.967769580577,-7.869926747241,7.26521007362
    ));
#372 = CARTESIAN_POINT('',(-10.00187321719,-7.826735816041,
    7.328164130227));
#373 = CARTESIAN_POINT('',(-10.04024421518,-7.777651874568,
    7.386604046259));
#374 = CARTESIAN_POINT('',(-10.08205145769,-7.723501684402,
    7.440256029135));
#375 = CARTESIAN_POINT('',(-10.12652478807,-7.665071484647,
    7.489059378596));
#376 = CARTESIAN_POINT('',(-10.17301443452,-7.603046395126,
    7.533097100458));
#377 = CARTESIAN_POINT('',(-10.30759236208,-7.420567496371,7.6437092034)
  );
#378 = CARTESIAN_POINT('',(-10.39887645359,-7.293498348108,
    7.699766984033));
#379 = CARTESIAN_POINT('',(-10.49212472058,-7.159613277277,
    7.742095182939));
#380 = CARTESIAN_POINT('',(-10.5854420536,-7.021057856119,7.77202302));
#381 = CARTESIAN_POINT('',(-10.67757418358,-6.879484692385,
    7.790938930688));
#382 = CARTESIAN_POINT('',(-10.76783751412,-6.735912398982,7.8));
#383 = CARTESIAN_POINT('',(-10.8559693491,-6.590745746212,7.8));
#384 = ORIENTED_EDGE('',*,*,#345,.F.);
#385 = CYLINDRICAL_SURFACE('',#386,1.);
#386 = AXIS2_PLACEMENT_3D('',#387,#388,#389);
#387 = CARTESIAN_POINT('',(-10.8559693491,-9.14603739332,6.8));
#388 = DIRECTION('',(0.,1.,-2.2E-16));
#389 = DIRECTION('',(0.917249921428,8.762867653549E-17,0.39831216607));
#390 = ADVANCED_FACE('',(#391),#424,.F.);
#391 = FACE_BOUND('',#392,.F.);
#392 = EDGE_LOOP('',(#393,#394,#395,#418));
#393 = ORIENTED_EDGE('',*,*,#78,.F.);
#394 = ORIENTED_EDGE('',*,*,#328,.T.);
#395 = ORIENTED_EDGE('',*,*,#396,.T.);
#396 = EDGE_CURVE('',#329,#397,#399,.T.);
#397 = VERTEX_POINT('',#398);
#398 = CARTESIAN_POINT('',(-8.5,-9.436100889668,6.));
#399 = B_SPLINE_CURVE_WITH_KNOTS('',5,(#400,#401,#402,#403,#404,#405,
    #406,#407,#408,#409,#410,#411,#412,#413,#414,#415,#416,#417),
  .UNSPECIFIED.,.F.,.F.,(6,4,4,4,6),(0.,0.171599858877,0.292741606176,
    0.613806435176,1.),.UNSPECIFIED.);
#400 = CARTESIAN_POINT('',(-9.784149890003,-8.096938367677,
    6.842362967509));
#401 = CARTESIAN_POINT('',(-9.760272724487,-8.125790972914,
    6.787377631737));
#402 = CARTESIAN_POINT('',(-9.733757543962,-8.157614791458,
    6.734372548086));
#403 = CARTESIAN_POINT('',(-9.704821558967,-8.192055327919,
    6.683436567972));
#404 = CARTESIAN_POINT('',(-9.673669991244,-8.228772964402,
    6.634644534361));
#405 = CARTESIAN_POINT('',(-9.617091154408,-8.294748417058,
    6.555170343775));
#406 = CARTESIAN_POINT('',(-9.592666331401,-8.323034130395,6.5233709933)
  );
#407 = CARTESIAN_POINT('',(-9.56729038846,-8.352202773902,6.492669579549
    ));
#408 = CARTESIAN_POINT('',(-9.541015884399,-8.382165175275,
    6.463072270048));
#409 = CARTESIAN_POINT('',(-9.441988777475,-8.494152604087,
    6.359073432729));
#410 = CARTESIAN_POINT('',(-9.364086888323,-8.580499707941,6.29133586721
    ));
#411 = CARTESIAN_POINT('',(-9.281016593445,-8.670440760923,
    6.231442542001));
#412 = CARTESIAN_POINT('',(-9.193346429662,-8.762973789958,
    6.179505184662));
#413 = CARTESIAN_POINT('',(-8.991109449523,-8.970787159647,
    6.083273969119));
#414 = CARTESIAN_POINT('',(-8.874615848159,-9.086954143643,
    6.042630679971));
#415 = CARTESIAN_POINT('',(-8.753146507376,-9.204148155293,
    6.014581586284));
#416 = CARTESIAN_POINT('',(-8.627794615326,-9.320984037594,6.));
#417 = CARTESIAN_POINT('',(-8.5,-9.436100889668,6.));
#418 = ORIENTED_EDGE('',*,*,#419,.F.);
#419 = EDGE_CURVE('',#79,#397,#420,.T.);
#420 = LINE('',#421,#422);
#421 = CARTESIAN_POINT('',(-8.5,-42.93666185052,6.));
#422 = VECTOR('',#423,1.);
#423 = DIRECTION('',(0.,1.,-2.2E-16));
#424 = CYLINDRICAL_SURFACE('',#425,1.4);
#425 = AXIS2_PLACEMENT_3D('',#426,#427,#428);
#426 = CARTESIAN_POINT('',(-8.5,-42.93666185052,7.4));
#427 = DIRECTION('',(0.,-1.,2.2E-16));
#428 = DIRECTION('',(1.,0.,0.));
#429 = ADVANCED_FACE('',(#430),#449,.T.);
#430 = FACE_BOUND('',#431,.T.);
#431 = EDGE_LOOP('',(#432,#433,#434,#443));
#432 = ORIENTED_EDGE('',*,*,#295,.T.);
#433 = ORIENTED_EDGE('',*,*,#360,.T.);
#434 = ORIENTED_EDGE('',*,*,#435,.F.);
#435 = EDGE_CURVE('',#436,#361,#438,.T.);
#436 = VERTEX_POINT('',#437);
#437 = CARTESIAN_POINT('',(-12.05363015858,-4.,7.8));
#438 = CIRCLE('',#439,12.7);
#439 = AXIS2_PLACEMENT_3D('',#440,#441,#442);
#440 = CARTESIAN_POINT('',(0.,0.,7.8));
#441 = DIRECTION('',(0.,0.,1.));
#442 = DIRECTION('',(1.,0.,0.));
#443 = ORIENTED_EDGE('',*,*,#444,.F.);
#444 = EDGE_CURVE('',#288,#436,#445,.T.);
#445 = LINE('',#446,#447);
#446 = CARTESIAN_POINT('',(-4.61493840326,-4.,7.8));
#447 = VECTOR('',#448,1.);
#448 = DIRECTION('',(1.,0.,0.));
#449 = PLANE('',#450);
#450 = AXIS2_PLACEMENT_3D('',#451,#452,#453);
#451 = CARTESIAN_POINT('',(2.823753352067,6.817E-14,7.8));
#452 = DIRECTION('',(0.,0.,1.));
#453 = DIRECTION('',(1.,0.,0.));
#454 = ADVANCED_FACE('',(#455),#474,.F.);
#455 = FACE_BOUND('',#456,.F.);
#456 = EDGE_LOOP('',(#457,#458,#459,#468));
#457 = ORIENTED_EDGE('',*,*,#105,.T.);
#458 = ORIENTED_EDGE('',*,*,#419,.T.);
#459 = ORIENTED_EDGE('',*,*,#460,.F.);
#460 = EDGE_CURVE('',#461,#397,#463,.T.);
#461 = VERTEX_POINT('',#462);
#462 = CARTESIAN_POINT('',(7.,-10.59669759878,6.));
#463 = CIRCLE('',#464,12.7);
#464 = AXIS2_PLACEMENT_3D('',#465,#466,#467);
#465 = CARTESIAN_POINT('',(0.,0.,6.));
#466 = DIRECTION('',(0.,0.,-1.));
#467 = DIRECTION('',(1.,0.,0.));
#468 = ORIENTED_EDGE('',*,*,#469,.F.);
#469 = EDGE_CURVE('',#106,#461,#470,.T.);
#470 = LINE('',#471,#472);
#471 = CARTESIAN_POINT('',(7.,-42.93666185052,6.));
#472 = VECTOR('',#473,1.);
#473 = DIRECTION('',(0.,1.,-2.2E-16));
#474 = PLANE('',#475);
#475 = AXIS2_PLACEMENT_3D('',#476,#477,#478);
#476 = CARTESIAN_POINT('',(-8.5,-42.93666185052,6.));
#477 = DIRECTION('',(0.,-2.2E-16,-1.));
#478 = DIRECTION('',(1.,0.,0.));
#479 = ADVANCED_FACE('',(#480),#498,.F.);
#480 = FACE_BOUND('',#481,.F.);
#481 = EDGE_LOOP('',(#482,#490,#496,#497));
#482 = ORIENTED_EDGE('',*,*,#483,.F.);
#483 = EDGE_CURVE('',#484,#279,#486,.T.);
#484 = VERTEX_POINT('',#485);
#485 = CARTESIAN_POINT('',(-12.05363015858,-4.,1.));
#486 = LINE('',#487,#488);
#487 = CARTESIAN_POINT('',(-12.05363015858,-4.,1.));
#488 = VECTOR('',#489,1.);
#489 = DIRECTION('',(-1.,0.,0.));
#490 = ORIENTED_EDGE('',*,*,#491,.T.);
#491 = EDGE_CURVE('',#484,#436,#492,.T.);
#492 = LINE('',#493,#494);
#493 = CARTESIAN_POINT('',(-12.05363015858,-4.,1.));
#494 = VECTOR('',#495,1.);
#495 = DIRECTION('',(0.,0.,1.));
#496 = ORIENTED_EDGE('',*,*,#444,.F.);
#497 = ORIENTED_EDGE('',*,*,#287,.T.);
#498 = PLANE('',#499);
#499 = AXIS2_PLACEMENT_3D('',#500,#501,#502);
#500 = CARTESIAN_POINT('',(-12.05363015858,-4.,1.));
#501 = DIRECTION('',(0.,-1.,0.));
#502 = DIRECTION('',(-1.,0.,0.));
#503 = ADVANCED_FACE('',(#504),#526,.F.);
#504 = FACE_BOUND('',#505,.F.);
#505 = EDGE_LOOP('',(#506,#507,#508,#520));
#506 = ORIENTED_EDGE('',*,*,#114,.F.);
#507 = ORIENTED_EDGE('',*,*,#469,.T.);
#508 = ORIENTED_EDGE('',*,*,#509,.T.);
#509 = EDGE_CURVE('',#461,#510,#512,.T.);
#510 = VERTEX_POINT('',#511);
#511 = CARTESIAN_POINT('',(8.448644672602,-9.482109638478,6.398883258142
    ));
#512 = B_SPLINE_CURVE_WITH_KNOTS('',6,(#513,#514,#515,#516,#517,#518,
    #519),.UNSPECIFIED.,.F.,.F.,(7,7),(0.,1.),.PIECEWISE_BEZIER_KNOTS.);
#513 = CARTESIAN_POINT('',(7.,-10.59669759878,6.));
#514 = CARTESIAN_POINT('',(7.271913015535,-10.41707643935,6.));
#515 = CARTESIAN_POINT('',(7.534415237703,-10.23164511964,6.031350744336
    ));
#516 = CARTESIAN_POINT('',(7.784763412188,-10.0428613843,6.089987012269)
  );
#517 = CARTESIAN_POINT('',(8.021297438884,-9.853268583314,6.172555009972
    ));
#518 = CARTESIAN_POINT('',(8.242884770225,-9.665443555647,6.276275823756
    ));
#519 = CARTESIAN_POINT('',(8.448644672602,-9.482109638478,6.398883258142
    ));
#520 = ORIENTED_EDGE('',*,*,#521,.F.);
#521 = EDGE_CURVE('',#115,#510,#522,.T.);
#522 = LINE('',#523,#524);
#523 = CARTESIAN_POINT('',(8.448644672602,-42.93666185052,6.398883258142
    ));
#524 = VECTOR('',#525,1.);
#525 = DIRECTION('',(0.,1.,-2.2E-16));
#526 = CYLINDRICAL_SURFACE('',#527,2.83);
#527 = AXIS2_PLACEMENT_3D('',#528,#529,#530);
#528 = CARTESIAN_POINT('',(7.,-42.93666185052,8.83));
#529 = DIRECTION('',(0.,-1.,2.2E-16));
#530 = DIRECTION('',(1.,0.,0.));
#531 = ADVANCED_FACE('',(#532),#551,.T.);
#532 = FACE_BOUND('',#533,.T.);
#533 = EDGE_LOOP('',(#534,#543,#549,#550));
#534 = ORIENTED_EDGE('',*,*,#535,.T.);
#535 = EDGE_CURVE('',#484,#536,#538,.T.);
#536 = VERTEX_POINT('',#537);
#537 = CARTESIAN_POINT('',(-12.05363015859,4.,1.));
#538 = CIRCLE('',#539,12.7);
#539 = AXIS2_PLACEMENT_3D('',#540,#541,#542);
#540 = CARTESIAN_POINT('',(0.,0.,1.));
#541 = DIRECTION('',(0.,0.,-1.));
#542 = DIRECTION('',(1.,0.,0.));
#543 = ORIENTED_EDGE('',*,*,#544,.F.);
#544 = EDGE_CURVE('',#271,#536,#545,.T.);
#545 = LINE('',#546,#547);
#546 = CARTESIAN_POINT('',(-14.05363015858,4.,1.));
#547 = VECTOR('',#548,1.);
#548 = DIRECTION('',(1.,0.,0.));
#549 = ORIENTED_EDGE('',*,*,#278,.F.);
#550 = ORIENTED_EDGE('',*,*,#483,.F.);
#551 = PLANE('',#552);
#552 = AXIS2_PLACEMENT_3D('',#553,#554,#555);
#553 = CARTESIAN_POINT('',(-13.05363015858,-1.24274E-12,1.));
#554 = DIRECTION('',(0.,0.,1.));
#555 = DIRECTION('',(1.,0.,0.));
#556 = ADVANCED_FACE('',(#557),#576,.F.);
#557 = FACE_BOUND('',#558,.F.);
#558 = EDGE_LOOP('',(#559,#560,#561,#570));
#559 = ORIENTED_EDGE('',*,*,#126,.T.);
#560 = ORIENTED_EDGE('',*,*,#521,.T.);
#561 = ORIENTED_EDGE('',*,*,#562,.F.);
#562 = EDGE_CURVE('',#563,#510,#565,.T.);
#563 = VERTEX_POINT('',#564);
#564 = CARTESIAN_POINT('',(10.8,-6.682065548915,7.8));
#565 = ELLIPSE('',#566,14.783740896182,12.7);
#566 = AXIS2_PLACEMENT_3D('',#567,#568,#569);
#567 = CARTESIAN_POINT('',(0.,0.,1.364536743662));
#568 = DIRECTION('',(0.511888576891,-1.9E-16,-0.859051852247));
#569 = DIRECTION('',(-0.859051852247,3.2E-16,-0.511888576891));
#570 = ORIENTED_EDGE('',*,*,#571,.F.);
#571 = EDGE_CURVE('',#127,#563,#572,.T.);
#572 = LINE('',#573,#574);
#573 = CARTESIAN_POINT('',(10.8,-42.93666185052,7.8));
#574 = VECTOR('',#575,1.);
#575 = DIRECTION('',(0.,1.,-2.2E-16));
#576 = PLANE('',#577);
#577 = AXIS2_PLACEMENT_3D('',#578,#579,#580);
#578 = CARTESIAN_POINT('',(8.448644672602,-42.93666185052,6.398883258142
    ));
#579 = DIRECTION('',(0.511888576891,-1.9E-16,-0.859051852247));
#580 = DIRECTION('',(0.859051852247,1.1E-16,0.511888576891));
#581 = ADVANCED_FACE('',(#582),#600,.F.);
#582 = FACE_BOUND('',#583,.F.);
#583 = EDGE_LOOP('',(#584,#585,#586,#594));
#584 = ORIENTED_EDGE('',*,*,#544,.F.);
#585 = ORIENTED_EDGE('',*,*,#270,.F.);
#586 = ORIENTED_EDGE('',*,*,#587,.F.);
#587 = EDGE_CURVE('',#588,#262,#590,.T.);
#588 = VERTEX_POINT('',#589);
#589 = CARTESIAN_POINT('',(-12.05363015859,3.999999999999,7.8));
#590 = LINE('',#591,#592);
#591 = CARTESIAN_POINT('',(-5.61493840326,4.,7.8));
#592 = VECTOR('',#593,1.);
#593 = DIRECTION('',(-1.,0.,0.));
#594 = ORIENTED_EDGE('',*,*,#595,.F.);
#595 = EDGE_CURVE('',#536,#588,#596,.T.);
#596 = LINE('',#597,#598);
#597 = CARTESIAN_POINT('',(-12.05363015859,4.,1.));
#598 = VECTOR('',#599,1.);
#599 = DIRECTION('',(0.,0.,1.));
#600 = PLANE('',#601);
#601 = AXIS2_PLACEMENT_3D('',#602,#603,#604);
#602 = CARTESIAN_POINT('',(-14.05363015858,4.,1.));
#603 = DIRECTION('',(0.,1.,0.));
#604 = DIRECTION('',(1.,0.,0.));
#605 = ADVANCED_FACE('',(#606),#681,.T.);
#606 = FACE_BOUND('',#607,.T.);
#607 = EDGE_LOOP('',(#608,#616,#617,#625,#634,#642,#650,#658,#665,#666,
    #667,#675));
#608 = ORIENTED_EDGE('',*,*,#609,.F.);
#609 = EDGE_CURVE('',#162,#610,#612,.T.);
#610 = VERTEX_POINT('',#611);
#611 = CARTESIAN_POINT('',(17.853630158587,5.,7.8));
#612 = LINE('',#613,#614);
#613 = CARTESIAN_POINT('',(12.754999019992,5.,7.8));
#614 = VECTOR('',#615,1.);
#615 = DIRECTION('',(1.,0.,0.));
#616 = ORIENTED_EDGE('',*,*,#169,.T.);
#617 = ORIENTED_EDGE('',*,*,#618,.F.);
#618 = EDGE_CURVE('',#619,#170,#621,.T.);
#619 = VERTEX_POINT('',#620);
#620 = CARTESIAN_POINT('',(10.8,6.682065548915,7.8));
#621 = LINE('',#622,#623);
#622 = CARTESIAN_POINT('',(10.8,-42.93666185052,7.8));
#623 = VECTOR('',#624,1.);
#624 = DIRECTION('',(0.,1.,-2.2E-16));
#625 = ORIENTED_EDGE('',*,*,#626,.F.);
#626 = EDGE_CURVE('',#627,#619,#629,.T.);
#627 = VERTEX_POINT('',#628);
#628 = CARTESIAN_POINT('',(12.053630158587,4.,7.8));
#629 = CIRCLE('',#630,12.7);
#630 = AXIS2_PLACEMENT_3D('',#631,#632,#633);
#631 = CARTESIAN_POINT('',(0.,0.,7.8));
#632 = DIRECTION('',(0.,0.,1.));
#633 = DIRECTION('',(1.,0.,0.));
#634 = ORIENTED_EDGE('',*,*,#635,.F.);
#635 = EDGE_CURVE('',#636,#627,#638,.T.);
#636 = VERTEX_POINT('',#637);
#637 = CARTESIAN_POINT('',(16.853630158587,4.,7.8));
#638 = LINE('',#639,#640);
#639 = CARTESIAN_POINT('',(12.853630158587,4.,7.8));
#640 = VECTOR('',#641,1.);
#641 = DIRECTION('',(-1.,0.,0.));
#642 = ORIENTED_EDGE('',*,*,#643,.T.);
#643 = EDGE_CURVE('',#636,#644,#646,.T.);
#644 = VERTEX_POINT('',#645);
#645 = CARTESIAN_POINT('',(16.853630158587,-4.,7.8));
#646 = LINE('',#647,#648);
#647 = CARTESIAN_POINT('',(16.853630158587,4.,7.8));
#648 = VECTOR('',#649,1.);
#649 = DIRECTION('',(0.,-1.,0.));
#650 = ORIENTED_EDGE('',*,*,#651,.T.);
#651 = EDGE_CURVE('',#644,#652,#654,.T.);
#652 = VERTEX_POINT('',#653);
#653 = CARTESIAN_POINT('',(12.053630158587,-4.,7.8));
#654 = LINE('',#655,#656);
#655 = CARTESIAN_POINT('',(16.853630158587,-4.,7.8));
#656 = VECTOR('',#657,1.);
#657 = DIRECTION('',(-1.,0.,0.));
#658 = ORIENTED_EDGE('',*,*,#659,.F.);
#659 = EDGE_CURVE('',#563,#652,#660,.T.);
#660 = CIRCLE('',#661,12.7);
#661 = AXIS2_PLACEMENT_3D('',#662,#663,#664);
#662 = CARTESIAN_POINT('',(0.,0.,7.8));
#663 = DIRECTION('',(0.,0.,1.));
#664 = DIRECTION('',(1.,0.,0.));
#665 = ORIENTED_EDGE('',*,*,#571,.F.);
#666 = ORIENTED_EDGE('',*,*,#135,.T.);
#667 = ORIENTED_EDGE('',*,*,#668,.F.);
#668 = EDGE_CURVE('',#669,#136,#671,.T.);
#669 = VERTEX_POINT('',#670);
#670 = CARTESIAN_POINT('',(17.853630158587,-5.,7.8));
#671 = LINE('',#672,#673);
#672 = CARTESIAN_POINT('',(17.853630158587,-5.,7.8));
#673 = VECTOR('',#674,1.);
#674 = DIRECTION('',(-1.,0.,0.));
#675 = ORIENTED_EDGE('',*,*,#676,.F.);
#676 = EDGE_CURVE('',#610,#669,#677,.T.);
#677 = LINE('',#678,#679);
#678 = CARTESIAN_POINT('',(17.853630158587,4.,7.8));
#679 = VECTOR('',#680,1.);
#680 = DIRECTION('',(0.,-1.,0.));
#681 = PLANE('',#682);
#682 = AXIS2_PLACEMENT_3D('',#683,#684,#685);
#683 = CARTESIAN_POINT('',(2.823753352067,6.817E-14,7.8));
#684 = DIRECTION('',(0.,0.,1.));
#685 = DIRECTION('',(1.,0.,0.));
#686 = ADVANCED_FACE('',(#687),#706,.T.);
#687 = FACE_BOUND('',#688,.T.);
#688 = EDGE_LOOP('',(#689,#698,#704,#705));
#689 = ORIENTED_EDGE('',*,*,#690,.F.);
#690 = EDGE_CURVE('',#691,#588,#693,.T.);
#691 = VERTEX_POINT('',#692);
#692 = CARTESIAN_POINT('',(-10.8559693491,6.590745746212,7.8));
#693 = CIRCLE('',#694,12.7);
#694 = AXIS2_PLACEMENT_3D('',#695,#696,#697);
#695 = CARTESIAN_POINT('',(0.,0.,7.8));
#696 = DIRECTION('',(0.,0.,1.));
#697 = DIRECTION('',(1.,0.,0.));
#698 = ORIENTED_EDGE('',*,*,#699,.T.);
#699 = EDGE_CURVE('',#691,#245,#700,.T.);
#700 = LINE('',#701,#702);
#701 = CARTESIAN_POINT('',(-10.8559693491,7.566372975211,7.8));
#702 = VECTOR('',#703,1.);
#703 = DIRECTION('',(0.,1.,-2.2E-16));
#704 = ORIENTED_EDGE('',*,*,#261,.T.);
#705 = ORIENTED_EDGE('',*,*,#587,.F.);
#706 = PLANE('',#707);
#707 = AXIS2_PLACEMENT_3D('',#708,#709,#710);
#708 = CARTESIAN_POINT('',(2.823753352067,6.817E-14,7.8));
#709 = DIRECTION('',(0.,0.,1.));
#710 = DIRECTION('',(1.,0.,0.));
#711 = ADVANCED_FACE('',(#712),#730,.T.);
#712 = FACE_BOUND('',#713,.T.);
#713 = EDGE_LOOP('',(#714,#722,#723,#724));
#714 = ORIENTED_EDGE('',*,*,#715,.T.);
#715 = EDGE_CURVE('',#716,#669,#718,.T.);
#716 = VERTEX_POINT('',#717);
#717 = CARTESIAN_POINT('',(17.853630158587,-5.,0.));
#718 = LINE('',#719,#720);
#719 = CARTESIAN_POINT('',(17.853630158587,-5.,0.));
#720 = VECTOR('',#721,1.);
#721 = DIRECTION('',(0.,0.,1.));
#722 = ORIENTED_EDGE('',*,*,#668,.T.);
#723 = ORIENTED_EDGE('',*,*,#144,.F.);
#724 = ORIENTED_EDGE('',*,*,#725,.F.);
#725 = EDGE_CURVE('',#716,#145,#726,.T.);
#726 = LINE('',#727,#728);
#727 = CARTESIAN_POINT('',(17.853630158587,-5.,0.));
#728 = VECTOR('',#729,1.);
#729 = DIRECTION('',(-1.,0.,0.));
#730 = PLANE('',#731);
#731 = AXIS2_PLACEMENT_3D('',#732,#733,#734);
#732 = CARTESIAN_POINT('',(17.853630158587,-5.,0.));
#733 = DIRECTION('',(0.,-1.,0.));
#734 = DIRECTION('',(-1.,0.,0.));
#735 = ADVANCED_FACE('',(#736),#765,.T.);
#736 = FACE_BOUND('',#737,.T.);
#737 = EDGE_LOOP('',(#738,#757,#763,#764));
#738 = ORIENTED_EDGE('',*,*,#739,.T.);
#739 = EDGE_CURVE('',#691,#740,#742,.T.);
#740 = VERTEX_POINT('',#741);
#741 = CARTESIAN_POINT('',(-9.938719427681,7.90644396286,7.19831216607)
  );
#742 = B_SPLINE_CURVE_WITH_KNOTS('',7,(#743,#744,#745,#746,#747,#748,
    #749,#750,#751,#752,#753,#754,#755,#756),.UNSPECIFIED.,.F.,.F.,(8,6,
    8),(0.,0.643407596967,1.),.UNSPECIFIED.);
#743 = CARTESIAN_POINT('',(-10.8559693491,6.590745746212,7.8));
#744 = CARTESIAN_POINT('',(-10.76783752081,6.735912387966,7.8));
#745 = CARTESIAN_POINT('',(-10.67757418724,6.879484687194,7.790938932216
    ));
#746 = CARTESIAN_POINT('',(-10.58544205189,7.021057858948,7.772023019943
    ));
#747 = CARTESIAN_POINT('',(-10.49212471971,7.15961327847,7.742095182943)
  );
#748 = CARTESIAN_POINT('',(-10.39887645286,7.293498348928,7.699766982456
    ));
#749 = CARTESIAN_POINT('',(-10.30759236484,7.420567492629,7.643709205669
    ));
#750 = CARTESIAN_POINT('',(-10.17301443827,7.603046390032,7.533097103546
    ));
#751 = CARTESIAN_POINT('',(-10.12652478768,7.665071485329,7.489059379217
    ));
#752 = CARTESIAN_POINT('',(-10.08205145637,7.723501686077,7.4402560275)
  );
#753 = CARTESIAN_POINT('',(-10.0402442173,7.777651871676,7.386604047364)
  );
#754 = CARTESIAN_POINT('',(-10.00187322288,7.826735808789,7.328164138085
    ));
#755 = CARTESIAN_POINT('',(-9.967769585397,7.869926741182,7.26521008472)
  );
#756 = CARTESIAN_POINT('',(-9.938719427681,7.90644396286,7.19831216607)
  );
#757 = ORIENTED_EDGE('',*,*,#758,.T.);
#758 = EDGE_CURVE('',#740,#236,#759,.T.);
#759 = LINE('',#760,#761);
#760 = CARTESIAN_POINT('',(-9.938719427681,7.566372975211,7.19831216607)
  );
#761 = VECTOR('',#762,1.);
#762 = DIRECTION('',(0.,1.,-2.2E-16));
#763 = ORIENTED_EDGE('',*,*,#244,.F.);
#764 = ORIENTED_EDGE('',*,*,#699,.F.);
#765 = CYLINDRICAL_SURFACE('',#766,1.);
#766 = AXIS2_PLACEMENT_3D('',#767,#768,#769);
#767 = CARTESIAN_POINT('',(-10.8559693491,7.566372975211,6.8));
#768 = DIRECTION('',(0.,1.,-2.2E-16));
#769 = DIRECTION('',(0.,2.2E-16,1.));
#770 = ADVANCED_FACE('',(#771,#789,#825,#859,#893,#904),#915,.F.);
#771 = FACE_BOUND('',#772,.T.);
#772 = EDGE_LOOP('',(#773,#774,#782,#788));
#773 = ORIENTED_EDGE('',*,*,#152,.F.);
#774 = ORIENTED_EDGE('',*,*,#775,.T.);
#775 = EDGE_CURVE('',#153,#776,#778,.T.);
#776 = VERTEX_POINT('',#777);
#777 = CARTESIAN_POINT('',(17.853630158587,5.,0.));
#778 = LINE('',#779,#780);
#779 = CARTESIAN_POINT('',(12.754999019992,5.,0.));
#780 = VECTOR('',#781,1.);
#781 = DIRECTION('',(1.,0.,0.));
#782 = ORIENTED_EDGE('',*,*,#783,.T.);
#783 = EDGE_CURVE('',#776,#716,#784,.T.);
#784 = LINE('',#785,#786);
#785 = CARTESIAN_POINT('',(17.853630158587,5.,0.));
#786 = VECTOR('',#787,1.);
#787 = DIRECTION('',(0.,-1.,0.));
#788 = ORIENTED_EDGE('',*,*,#725,.T.);
#789 = FACE_BOUND('',#790,.F.);
#790 = EDGE_LOOP('',(#791,#801,#810,#818));
#791 = ORIENTED_EDGE('',*,*,#792,.T.);
#792 = EDGE_CURVE('',#793,#795,#797,.T.);
#793 = VERTEX_POINT('',#794);
#794 = CARTESIAN_POINT('',(12.053630158587,4.,0.));
#795 = VERTEX_POINT('',#796);
#796 = CARTESIAN_POINT('',(11.863827375683,4.,0.));
#797 = LINE('',#798,#799);
#798 = CARTESIAN_POINT('',(16.853630158587,4.,0.));
#799 = VECTOR('',#800,1.);
#800 = DIRECTION('',(-1.,0.,0.));
#801 = ORIENTED_EDGE('',*,*,#802,.T.);
#802 = EDGE_CURVE('',#795,#803,#805,.T.);
#803 = VERTEX_POINT('',#804);
#804 = CARTESIAN_POINT('',(11.863827375683,-4.,0.));
#805 = CIRCLE('',#806,12.52);
#806 = AXIS2_PLACEMENT_3D('',#807,#808,#809);
#807 = CARTESIAN_POINT('',(0.,0.,0.));
#808 = DIRECTION('',(0.,0.,1.));
#809 = DIRECTION('',(1.,0.,0.));
#810 = ORIENTED_EDGE('',*,*,#811,.T.);
#811 = EDGE_CURVE('',#803,#812,#814,.T.);
#812 = VERTEX_POINT('',#813);
#813 = CARTESIAN_POINT('',(12.053630158587,-4.,0.));
#814 = LINE('',#815,#816);
#815 = CARTESIAN_POINT('',(11.863827375683,-4.,0.));
#816 = VECTOR('',#817,1.);
#817 = DIRECTION('',(1.,0.,0.));
#818 = ORIENTED_EDGE('',*,*,#819,.F.);
#819 = EDGE_CURVE('',#793,#812,#820,.T.);
#820 = CIRCLE('',#821,12.7);
#821 = AXIS2_PLACEMENT_3D('',#822,#823,#824);
#822 = CARTESIAN_POINT('',(0.,0.,0.));
#823 = DIRECTION('',(0.,0.,1.));
#824 = DIRECTION('',(1.,0.,0.));
#825 = FACE_BOUND('',#826,.F.);
#826 = EDGE_LOOP('',(#827,#837,#845,#853));
#827 = ORIENTED_EDGE('',*,*,#828,.F.);
#828 = EDGE_CURVE('',#829,#831,#833,.T.);
#829 = VERTEX_POINT('',#830);
#830 = CARTESIAN_POINT('',(-9.,-2.,0.));
#831 = VERTEX_POINT('',#832);
#832 = CARTESIAN_POINT('',(-10.30236471318,-2.744208407535,0.));
#833 = LINE('',#834,#835);
#834 = CARTESIAN_POINT('',(-9.,-2.,0.));
#835 = VECTOR('',#836,1.);
#836 = DIRECTION('',(-0.868243142124,-0.496138938357,0.));
#837 = ORIENTED_EDGE('',*,*,#838,.F.);
#838 = EDGE_CURVE('',#839,#829,#841,.T.);
#839 = VERTEX_POINT('',#840);
#840 = CARTESIAN_POINT('',(-7.,-5.5,0.));
#841 = LINE('',#842,#843);
#842 = CARTESIAN_POINT('',(-7.,-5.5,0.));
#843 = VECTOR('',#844,1.);
#844 = DIRECTION('',(-0.496138938357,0.868243142124,0.));
#845 = ORIENTED_EDGE('',*,*,#846,.F.);
#846 = EDGE_CURVE('',#847,#839,#849,.T.);
#847 = VERTEX_POINT('',#848);
#848 = CARTESIAN_POINT('',(-8.302364713187,-6.244208407535,0.));
#849 = LINE('',#850,#851);
#850 = CARTESIAN_POINT('',(-8.302364713187,-6.244208407535,0.));
#851 = VECTOR('',#852,1.);
#852 = DIRECTION('',(0.868243142124,0.496138938357,0.));
#853 = ORIENTED_EDGE('',*,*,#854,.F.);
#854 = EDGE_CURVE('',#831,#847,#855,.T.);
#855 = LINE('',#856,#857);
#856 = CARTESIAN_POINT('',(-10.30236471318,-2.744208407535,0.));
#857 = VECTOR('',#858,1.);
#858 = DIRECTION('',(0.496138938357,-0.868243142124,0.));
#859 = FACE_BOUND('',#860,.F.);
#860 = EDGE_LOOP('',(#861,#871,#879,#887));
#861 = ORIENTED_EDGE('',*,*,#862,.T.);
#862 = EDGE_CURVE('',#863,#865,#867,.T.);
#863 = VERTEX_POINT('',#864);
#864 = CARTESIAN_POINT('',(-8.302364713187,6.244208407535,0.));
#865 = VERTEX_POINT('',#866);
#866 = CARTESIAN_POINT('',(-7.,5.5,0.));
#867 = LINE('',#868,#869);
#868 = CARTESIAN_POINT('',(-8.302364713187,6.244208407535,0.));
#869 = VECTOR('',#870,1.);
#870 = DIRECTION('',(0.868243142124,-0.496138938357,0.));
#871 = ORIENTED_EDGE('',*,*,#872,.T.);
#872 = EDGE_CURVE('',#865,#873,#875,.T.);
#873 = VERTEX_POINT('',#874);
#874 = CARTESIAN_POINT('',(-9.,2.,0.));
#875 = LINE('',#876,#877);
#876 = CARTESIAN_POINT('',(-7.,5.5,0.));
#877 = VECTOR('',#878,1.);
#878 = DIRECTION('',(-0.496138938357,-0.868243142124,0.));
#879 = ORIENTED_EDGE('',*,*,#880,.T.);
#880 = EDGE_CURVE('',#873,#881,#883,.T.);
#881 = VERTEX_POINT('',#882);
#882 = CARTESIAN_POINT('',(-10.30236471318,2.744208407535,0.));
#883 = LINE('',#884,#885);
#884 = CARTESIAN_POINT('',(-9.,2.,0.));
#885 = VECTOR('',#886,1.);
#886 = DIRECTION('',(-0.868243142124,0.496138938357,0.));
#887 = ORIENTED_EDGE('',*,*,#888,.T.);
#888 = EDGE_CURVE('',#881,#863,#889,.T.);
#889 = LINE('',#890,#891);
#890 = CARTESIAN_POINT('',(-10.30236471318,2.744208407535,0.));
#891 = VECTOR('',#892,1.);
#892 = DIRECTION('',(0.496138938357,0.868243142124,0.));
#893 = FACE_BOUND('',#894,.F.);
#894 = EDGE_LOOP('',(#895));
#895 = ORIENTED_EDGE('',*,*,#896,.F.);
#896 = EDGE_CURVE('',#897,#897,#899,.T.);
#897 = VERTEX_POINT('',#898);
#898 = CARTESIAN_POINT('',(16.59,0.,0.));
#899 = CIRCLE('',#900,0.65);
#900 = AXIS2_PLACEMENT_3D('',#901,#902,#903);
#901 = CARTESIAN_POINT('',(15.94,0.,0.));
#902 = DIRECTION('',(0.,0.,1.));
#903 = DIRECTION('',(1.,0.,0.));
#904 = FACE_BOUND('',#905,.F.);
#905 = EDGE_LOOP('',(#906));
#906 = ORIENTED_EDGE('',*,*,#907,.F.);
#907 = EDGE_CURVE('',#908,#908,#910,.T.);
#908 = VERTEX_POINT('',#909);
#909 = CARTESIAN_POINT('',(-3.73,0.,0.));
#910 = CIRCLE('',#911,0.65);
#911 = AXIS2_PLACEMENT_3D('',#912,#913,#914);
#912 = CARTESIAN_POINT('',(-4.38,0.,0.));
#913 = DIRECTION('',(0.,0.,1.));
#914 = DIRECTION('',(1.,0.,0.));
#915 = PLANE('',#916);
#916 = AXIS2_PLACEMENT_3D('',#917,#918,#919);
#917 = CARTESIAN_POINT('',(2.823753352067,6.817E-14,0.));
#918 = DIRECTION('',(0.,0.,1.));
#919 = DIRECTION('',(1.,0.,0.));
#920 = ADVANCED_FACE('',(#921),#940,.T.);
#921 = FACE_BOUND('',#922,.T.);
#922 = EDGE_LOOP('',(#923,#932,#938,#939));
#923 = ORIENTED_EDGE('',*,*,#924,.F.);
#924 = EDGE_CURVE('',#925,#740,#927,.T.);
#925 = VERTEX_POINT('',#926);
#926 = CARTESIAN_POINT('',(-9.784149890003,8.096938367677,6.842362967509
    ));
#927 = ELLIPSE('',#928,31.884539519073,12.7);
#928 = AXIS2_PLACEMENT_3D('',#929,#930,#931);
#929 = CARTESIAN_POINT('',(0.,0.,-15.68898676852));
#930 = DIRECTION('',(0.917249921428,9.E-17,0.39831216607));
#931 = DIRECTION('',(0.39831216607,4.E-17,-0.917249921428));
#932 = ORIENTED_EDGE('',*,*,#933,.T.);
#933 = EDGE_CURVE('',#925,#209,#934,.T.);
#934 = LINE('',#935,#936);
#935 = CARTESIAN_POINT('',(-9.784149890003,-42.93666185052,
    6.842362967509));
#936 = VECTOR('',#937,1.);
#937 = DIRECTION('',(0.,1.,-2.2E-16));
#938 = ORIENTED_EDGE('',*,*,#235,.T.);
#939 = ORIENTED_EDGE('',*,*,#758,.F.);
#940 = PLANE('',#941);
#941 = AXIS2_PLACEMENT_3D('',#942,#943,#944);
#942 = CARTESIAN_POINT('',(-9.784149890003,-42.93666185052,
    6.842362967509));
#943 = DIRECTION('',(0.917249921428,9.E-17,0.39831216607));
#944 = DIRECTION('',(-0.39831216607,2.E-16,0.917249921428));
#945 = ADVANCED_FACE('',(#946),#957,.T.);
#946 = FACE_BOUND('',#947,.T.);
#947 = EDGE_LOOP('',(#948,#949,#950,#956));
#948 = ORIENTED_EDGE('',*,*,#161,.T.);
#949 = ORIENTED_EDGE('',*,*,#609,.T.);
#950 = ORIENTED_EDGE('',*,*,#951,.F.);
#951 = EDGE_CURVE('',#776,#610,#952,.T.);
#952 = LINE('',#953,#954);
#953 = CARTESIAN_POINT('',(17.853630158587,5.,0.));
#954 = VECTOR('',#955,1.);
#955 = DIRECTION('',(0.,0.,1.));
#956 = ORIENTED_EDGE('',*,*,#775,.F.);
#957 = PLANE('',#958);
#958 = AXIS2_PLACEMENT_3D('',#959,#960,#961);
#959 = CARTESIAN_POINT('',(12.754999019992,5.,0.));
#960 = DIRECTION('',(0.,1.,0.));
#961 = DIRECTION('',(1.,0.,0.));
#962 = ADVANCED_FACE('',(#963),#996,.F.);
#963 = FACE_BOUND('',#964,.F.);
#964 = EDGE_LOOP('',(#965,#988,#989,#990));
#965 = ORIENTED_EDGE('',*,*,#966,.F.);
#966 = EDGE_CURVE('',#925,#967,#969,.T.);
#967 = VERTEX_POINT('',#968);
#968 = CARTESIAN_POINT('',(-8.5,9.436100889668,6.));
#969 = B_SPLINE_CURVE_WITH_KNOTS('',5,(#970,#971,#972,#973,#974,#975,
    #976,#977,#978,#979,#980,#981,#982,#983,#984,#985,#986,#987),
  .UNSPECIFIED.,.F.,.F.,(6,4,4,4,6),(0.,0.17159985513,0.292741599784,
    0.613806421774,1.),.UNSPECIFIED.);
#970 = CARTESIAN_POINT('',(-9.784149890003,8.096938367677,6.842362967509
    ));
#971 = CARTESIAN_POINT('',(-9.760272724487,8.125790972914,6.787377631737
    ));
#972 = CARTESIAN_POINT('',(-9.733757543962,8.157614791458,6.734372548086
    ));
#973 = CARTESIAN_POINT('',(-9.704821558967,8.192055327919,6.683436567972
    ));
#974 = CARTESIAN_POINT('',(-9.673669991244,8.228772964402,6.634644534361
    ));
#975 = CARTESIAN_POINT('',(-9.617091154408,8.294748417058,6.555170343775
    ));
#976 = CARTESIAN_POINT('',(-9.592666331401,8.323034130395,6.5233709933)
  );
#977 = CARTESIAN_POINT('',(-9.56729038846,8.352202773902,6.492669579549)
  );
#978 = CARTESIAN_POINT('',(-9.541015884399,8.382165175275,6.463072270048
    ));
#979 = CARTESIAN_POINT('',(-9.441988777475,8.494152604087,6.359073432729
    ));
#980 = CARTESIAN_POINT('',(-9.364086888323,8.580499707941,6.29133586721)
  );
#981 = CARTESIAN_POINT('',(-9.281016593445,8.670440760923,6.231442542));
#982 = CARTESIAN_POINT('',(-9.193346429662,8.762973789958,6.179505184662
    ));
#983 = CARTESIAN_POINT('',(-8.99110944328,8.970787166063,6.083273966148)
  );
#984 = CARTESIAN_POINT('',(-8.874615864812,9.086954127331,6.042630684872
    ));
#985 = CARTESIAN_POINT('',(-8.753146489898,9.204148171733,6.014581583682
    ));
#986 = CARTESIAN_POINT('',(-8.627794622628,9.320984031017,6.));
#987 = CARTESIAN_POINT('',(-8.5,9.436100889668,6.));
#988 = ORIENTED_EDGE('',*,*,#933,.T.);
#989 = ORIENTED_EDGE('',*,*,#208,.T.);
#990 = ORIENTED_EDGE('',*,*,#991,.F.);
#991 = EDGE_CURVE('',#967,#200,#992,.T.);
#992 = LINE('',#993,#994);
#993 = CARTESIAN_POINT('',(-8.5,-42.93666185052,6.));
#994 = VECTOR('',#995,1.);
#995 = DIRECTION('',(0.,1.,-2.2E-16));
#996 = CYLINDRICAL_SURFACE('',#997,1.4);
#997 = AXIS2_PLACEMENT_3D('',#998,#999,#1000);
#998 = CARTESIAN_POINT('',(-8.5,-42.93666185052,7.4));
#999 = DIRECTION('',(0.,-1.,2.2E-16));
#1000 = DIRECTION('',(1.,0.,0.));
#1001 = ADVANCED_FACE('',(#1002),#1021,.F.);
#1002 = FACE_BOUND('',#1003,.F.);
#1003 = EDGE_LOOP('',(#1004,#1013,#1014,#1015));
#1004 = ORIENTED_EDGE('',*,*,#1005,.F.);
#1005 = EDGE_CURVE('',#967,#1006,#1008,.T.);
#1006 = VERTEX_POINT('',#1007);
#1007 = CARTESIAN_POINT('',(7.,10.59669759878,6.));
#1008 = CIRCLE('',#1009,12.7);
#1009 = AXIS2_PLACEMENT_3D('',#1010,#1011,#1012);
#1010 = CARTESIAN_POINT('',(0.,0.,6.));
#1011 = DIRECTION('',(0.,0.,-1.));
#1012 = DIRECTION('',(1.,0.,0.));
#1013 = ORIENTED_EDGE('',*,*,#991,.T.);
#1014 = ORIENTED_EDGE('',*,*,#199,.T.);
#1015 = ORIENTED_EDGE('',*,*,#1016,.F.);
#1016 = EDGE_CURVE('',#1006,#188,#1017,.T.);
#1017 = LINE('',#1018,#1019);
#1018 = CARTESIAN_POINT('',(7.,-42.93666185052,6.));
#1019 = VECTOR('',#1020,1.);
#1020 = DIRECTION('',(0.,1.,-2.2E-16));
#1021 = PLANE('',#1022);
#1022 = AXIS2_PLACEMENT_3D('',#1023,#1024,#1025);
#1023 = CARTESIAN_POINT('',(-8.5,-42.93666185052,6.));
#1024 = DIRECTION('',(0.,-2.2E-16,-1.));
#1025 = DIRECTION('',(1.,0.,0.));
#1026 = ADVANCED_FACE('',(#1027),#1046,.F.);
#1027 = FACE_BOUND('',#1028,.F.);
#1028 = EDGE_LOOP('',(#1029,#1038,#1044,#1045));
#1029 = ORIENTED_EDGE('',*,*,#1030,.F.);
#1030 = EDGE_CURVE('',#1031,#619,#1033,.T.);
#1031 = VERTEX_POINT('',#1032);
#1032 = CARTESIAN_POINT('',(8.448644672602,9.482109638478,6.398883258142
    ));
#1033 = ELLIPSE('',#1034,14.783740896182,12.7);
#1034 = AXIS2_PLACEMENT_3D('',#1035,#1036,#1037);
#1035 = CARTESIAN_POINT('',(0.,0.,1.364536743662));
#1036 = DIRECTION('',(0.511888576891,-1.9E-16,-0.859051852247));
#1037 = DIRECTION('',(-0.859051852247,3.2E-16,-0.511888576891));
#1038 = ORIENTED_EDGE('',*,*,#1039,.T.);
#1039 = EDGE_CURVE('',#1031,#179,#1040,.T.);
#1040 = LINE('',#1041,#1042);
#1041 = CARTESIAN_POINT('',(8.448644672602,-42.93666185052,
    6.398883258142));
#1042 = VECTOR('',#1043,1.);
#1043 = DIRECTION('',(0.,1.,-2.2E-16));
#1044 = ORIENTED_EDGE('',*,*,#178,.T.);
#1045 = ORIENTED_EDGE('',*,*,#618,.F.);
#1046 = PLANE('',#1047);
#1047 = AXIS2_PLACEMENT_3D('',#1048,#1049,#1050);
#1048 = CARTESIAN_POINT('',(8.448644672602,-42.93666185052,
    6.398883258142));
#1049 = DIRECTION('',(0.511888576891,-1.9E-16,-0.859051852247));
#1050 = DIRECTION('',(0.859051852247,1.1E-16,0.511888576891));
#1051 = ADVANCED_FACE('',(#1052),#1067,.F.);
#1052 = FACE_BOUND('',#1053,.F.);
#1053 = EDGE_LOOP('',(#1054,#1064,#1065,#1066));
#1054 = ORIENTED_EDGE('',*,*,#1055,.T.);
#1055 = EDGE_CURVE('',#1031,#1006,#1056,.T.);
#1056 = B_SPLINE_CURVE_WITH_KNOTS('',6,(#1057,#1058,#1059,#1060,#1061,
    #1062,#1063),.UNSPECIFIED.,.F.,.F.,(7,7),(0.,1.),
  .PIECEWISE_BEZIER_KNOTS.);
#1057 = CARTESIAN_POINT('',(8.448644672602,9.482109638478,6.398883258142
    ));
#1058 = CARTESIAN_POINT('',(8.242897070397,9.665432596083,6.276283153136
    ));
#1059 = CARTESIAN_POINT('',(8.021303894893,9.853263989684,6.172555495636
    ));
#1060 = CARTESIAN_POINT('',(7.784754483585,10.042869604097,6.08998147616
    ));
#1061 = CARTESIAN_POINT('',(7.53439296837,10.231661768297,6.031345748295
    ));
#1062 = CARTESIAN_POINT('',(7.271891322458,10.417090769439,6.));
#1063 = CARTESIAN_POINT('',(7.,10.59669759878,6.));
#1064 = ORIENTED_EDGE('',*,*,#1016,.T.);
#1065 = ORIENTED_EDGE('',*,*,#187,.F.);
#1066 = ORIENTED_EDGE('',*,*,#1039,.F.);
#1067 = CYLINDRICAL_SURFACE('',#1068,2.83);
#1068 = AXIS2_PLACEMENT_3D('',#1069,#1070,#1071);
#1069 = CARTESIAN_POINT('',(7.,-42.93666185052,8.83));
#1070 = DIRECTION('',(0.,-1.,2.2E-16));
#1071 = DIRECTION('',(1.,0.,0.));
#1072 = ADVANCED_FACE('',(#1073),#1123,.F.);
#1073 = FACE_BOUND('',#1074,.T.);
#1074 = EDGE_LOOP('',(#1075,#1076,#1077,#1078,#1079,#1080,#1081,#1089,
    #1095,#1096,#1104,#1110,#1111,#1112,#1113,#1114,#1115,#1116,#1117,
    #1118,#1119,#1120,#1121,#1122));
#1075 = ORIENTED_EDGE('',*,*,#336,.T.);
#1076 = ORIENTED_EDGE('',*,*,#396,.T.);
#1077 = ORIENTED_EDGE('',*,*,#460,.F.);
#1078 = ORIENTED_EDGE('',*,*,#509,.T.);
#1079 = ORIENTED_EDGE('',*,*,#562,.F.);
#1080 = ORIENTED_EDGE('',*,*,#659,.T.);
#1081 = ORIENTED_EDGE('',*,*,#1082,.F.);
#1082 = EDGE_CURVE('',#1083,#652,#1085,.T.);
#1083 = VERTEX_POINT('',#1084);
#1084 = CARTESIAN_POINT('',(12.053630158587,-4.,1.));
#1085 = LINE('',#1086,#1087);
#1086 = CARTESIAN_POINT('',(12.053630158587,-4.,0.));
#1087 = VECTOR('',#1088,1.);
#1088 = DIRECTION('',(0.,0.,1.));
#1089 = ORIENTED_EDGE('',*,*,#1090,.F.);
#1090 = EDGE_CURVE('',#812,#1083,#1091,.T.);
#1091 = LINE('',#1092,#1093);
#1092 = CARTESIAN_POINT('',(12.053630158587,-4.,0.));
#1093 = VECTOR('',#1094,1.);
#1094 = DIRECTION('',(0.,0.,1.));
#1095 = ORIENTED_EDGE('',*,*,#819,.F.);
#1096 = ORIENTED_EDGE('',*,*,#1097,.T.);
#1097 = EDGE_CURVE('',#793,#1098,#1100,.T.);
#1098 = VERTEX_POINT('',#1099);
#1099 = CARTESIAN_POINT('',(12.053630158587,4.,1.));
#1100 = LINE('',#1101,#1102);
#1101 = CARTESIAN_POINT('',(12.053630158587,4.,0.));
#1102 = VECTOR('',#1103,1.);
#1103 = DIRECTION('',(0.,0.,1.));
#1104 = ORIENTED_EDGE('',*,*,#1105,.T.);
#1105 = EDGE_CURVE('',#1098,#627,#1106,.T.);
#1106 = LINE('',#1107,#1108);
#1107 = CARTESIAN_POINT('',(12.053630158587,4.,0.));
#1108 = VECTOR('',#1109,1.);
#1109 = DIRECTION('',(0.,0.,1.));
#1110 = ORIENTED_EDGE('',*,*,#626,.T.);
#1111 = ORIENTED_EDGE('',*,*,#1030,.F.);
#1112 = ORIENTED_EDGE('',*,*,#1055,.T.);
#1113 = ORIENTED_EDGE('',*,*,#1005,.F.);
#1114 = ORIENTED_EDGE('',*,*,#966,.F.);
#1115 = ORIENTED_EDGE('',*,*,#924,.T.);
#1116 = ORIENTED_EDGE('',*,*,#739,.F.);
#1117 = ORIENTED_EDGE('',*,*,#690,.T.);
#1118 = ORIENTED_EDGE('',*,*,#595,.F.);
#1119 = ORIENTED_EDGE('',*,*,#535,.F.);
#1120 = ORIENTED_EDGE('',*,*,#491,.T.);
#1121 = ORIENTED_EDGE('',*,*,#435,.T.);
#1122 = ORIENTED_EDGE('',*,*,#368,.F.);
#1123 = CYLINDRICAL_SURFACE('',#1124,12.7);
#1124 = AXIS2_PLACEMENT_3D('',#1125,#1126,#1127);
#1125 = CARTESIAN_POINT('',(0.,0.,0.));
#1126 = DIRECTION('',(-0.,-0.,-1.));
#1127 = DIRECTION('',(1.,0.,0.));
#1128 = ADVANCED_FACE('',(#1129),#1135,.T.);
#1129 = FACE_BOUND('',#1130,.T.);
#1130 = EDGE_LOOP('',(#1131,#1132,#1133,#1134));
#1131 = ORIENTED_EDGE('',*,*,#715,.F.);
#1132 = ORIENTED_EDGE('',*,*,#783,.F.);
#1133 = ORIENTED_EDGE('',*,*,#951,.T.);
#1134 = ORIENTED_EDGE('',*,*,#676,.T.);
#1135 = PLANE('',#1136);
#1136 = AXIS2_PLACEMENT_3D('',#1137,#1138,#1139);
#1137 = CARTESIAN_POINT('',(17.853630158587,3.437E-13,3.9));
#1138 = DIRECTION('',(1.,0.,0.));
#1139 = DIRECTION('',(0.,0.,1.));
#1140 = ADVANCED_FACE('',(#1141),#1159,.T.);
#1141 = FACE_BOUND('',#1142,.T.);
#1142 = EDGE_LOOP('',(#1143,#1151,#1152,#1153));
#1143 = ORIENTED_EDGE('',*,*,#1144,.F.);
#1144 = EDGE_CURVE('',#1083,#1145,#1147,.T.);
#1145 = VERTEX_POINT('',#1146);
#1146 = CARTESIAN_POINT('',(16.853630158587,-4.,1.));
#1147 = LINE('',#1148,#1149);
#1148 = CARTESIAN_POINT('',(11.863827375683,-4.,1.));
#1149 = VECTOR('',#1150,1.);
#1150 = DIRECTION('',(1.,0.,0.));
#1151 = ORIENTED_EDGE('',*,*,#1082,.T.);
#1152 = ORIENTED_EDGE('',*,*,#651,.F.);
#1153 = ORIENTED_EDGE('',*,*,#1154,.F.);
#1154 = EDGE_CURVE('',#1145,#644,#1155,.T.);
#1155 = LINE('',#1156,#1157);
#1156 = CARTESIAN_POINT('',(16.853630158587,-4.,0.));
#1157 = VECTOR('',#1158,1.);
#1158 = DIRECTION('',(0.,0.,1.));
#1159 = PLANE('',#1160);
#1160 = AXIS2_PLACEMENT_3D('',#1161,#1162,#1163);
#1161 = CARTESIAN_POINT('',(14.453630158587,-4.,3.9));
#1162 = DIRECTION('',(-3.2E-16,1.,0.));
#1163 = DIRECTION('',(1.,3.2E-16,0.));
#1164 = ADVANCED_FACE('',(#1165),#1183,.F.);
#1165 = FACE_BOUND('',#1166,.F.);
#1166 = EDGE_LOOP('',(#1167,#1175,#1181,#1182));
#1167 = ORIENTED_EDGE('',*,*,#1168,.T.);
#1168 = EDGE_CURVE('',#1145,#1169,#1171,.T.);
#1169 = VERTEX_POINT('',#1170);
#1170 = CARTESIAN_POINT('',(16.853630158587,4.,1.));
#1171 = LINE('',#1172,#1173);
#1172 = CARTESIAN_POINT('',(16.853630158587,-4.,1.));
#1173 = VECTOR('',#1174,1.);
#1174 = DIRECTION('',(0.,1.,0.));
#1175 = ORIENTED_EDGE('',*,*,#1176,.T.);
#1176 = EDGE_CURVE('',#1169,#636,#1177,.T.);
#1177 = LINE('',#1178,#1179);
#1178 = CARTESIAN_POINT('',(16.853630158587,4.,0.));
#1179 = VECTOR('',#1180,1.);
#1180 = DIRECTION('',(0.,0.,1.));
#1181 = ORIENTED_EDGE('',*,*,#643,.T.);
#1182 = ORIENTED_EDGE('',*,*,#1154,.F.);
#1183 = PLANE('',#1184);
#1184 = AXIS2_PLACEMENT_3D('',#1185,#1186,#1187);
#1185 = CARTESIAN_POINT('',(16.853630158587,4.,0.));
#1186 = DIRECTION('',(1.,0.,0.));
#1187 = DIRECTION('',(0.,-1.,0.));
#1188 = ADVANCED_FACE('',(#1189),#1200,.T.);
#1189 = FACE_BOUND('',#1190,.T.);
#1190 = EDGE_LOOP('',(#1191,#1192,#1198,#1199));
#1191 = ORIENTED_EDGE('',*,*,#1105,.F.);
#1192 = ORIENTED_EDGE('',*,*,#1193,.F.);
#1193 = EDGE_CURVE('',#1169,#1098,#1194,.T.);
#1194 = LINE('',#1195,#1196);
#1195 = CARTESIAN_POINT('',(16.853630158587,4.,1.));
#1196 = VECTOR('',#1197,1.);
#1197 = DIRECTION('',(-1.,0.,0.));
#1198 = ORIENTED_EDGE('',*,*,#1176,.T.);
#1199 = ORIENTED_EDGE('',*,*,#635,.T.);
#1200 = PLANE('',#1201);
#1201 = AXIS2_PLACEMENT_3D('',#1202,#1203,#1204);
#1202 = CARTESIAN_POINT('',(14.453630158587,4.,3.9));
#1203 = DIRECTION('',(0.,-1.,0.));
#1204 = DIRECTION('',(-1.,0.,0.));
#1205 = ADVANCED_FACE('',(#1206),#1224,.F.);
#1206 = FACE_BOUND('',#1207,.F.);
#1207 = EDGE_LOOP('',(#1208,#1209,#1210,#1218));
#1208 = ORIENTED_EDGE('',*,*,#792,.F.);
#1209 = ORIENTED_EDGE('',*,*,#1097,.T.);
#1210 = ORIENTED_EDGE('',*,*,#1211,.T.);
#1211 = EDGE_CURVE('',#1098,#1212,#1214,.T.);
#1212 = VERTEX_POINT('',#1213);
#1213 = CARTESIAN_POINT('',(11.863827375683,4.,1.));
#1214 = LINE('',#1215,#1216);
#1215 = CARTESIAN_POINT('',(16.853630158587,4.,1.));
#1216 = VECTOR('',#1217,1.);
#1217 = DIRECTION('',(-1.,0.,0.));
#1218 = ORIENTED_EDGE('',*,*,#1219,.F.);
#1219 = EDGE_CURVE('',#795,#1212,#1220,.T.);
#1220 = LINE('',#1221,#1222);
#1221 = CARTESIAN_POINT('',(11.863827375683,4.,0.));
#1222 = VECTOR('',#1223,1.);
#1223 = DIRECTION('',(0.,0.,1.));
#1224 = PLANE('',#1225);
#1225 = AXIS2_PLACEMENT_3D('',#1226,#1227,#1228);
#1226 = CARTESIAN_POINT('',(16.853630158587,4.,0.));
#1227 = DIRECTION('',(0.,-1.,0.));
#1228 = DIRECTION('',(-1.,0.,0.));
#1229 = ADVANCED_FACE('',(#1230),#1267,.T.);
#1230 = FACE_BOUND('',#1231,.F.);
#1231 = EDGE_LOOP('',(#1232,#1233,#1242,#1251,#1260,#1266));
#1232 = ORIENTED_EDGE('',*,*,#1219,.T.);
#1233 = ORIENTED_EDGE('',*,*,#1234,.T.);
#1234 = EDGE_CURVE('',#1212,#1235,#1237,.T.);
#1235 = VERTEX_POINT('',#1236);
#1236 = CARTESIAN_POINT('',(-12.05363015859,3.38532125504,1.));
#1237 = CIRCLE('',#1238,12.52);
#1238 = AXIS2_PLACEMENT_3D('',#1239,#1240,#1241);
#1239 = CARTESIAN_POINT('',(0.,0.,1.));
#1240 = DIRECTION('',(0.,0.,1.));
#1241 = DIRECTION('',(1.,0.,0.));
#1242 = ORIENTED_EDGE('',*,*,#1243,.T.);
#1243 = EDGE_CURVE('',#1235,#1244,#1246,.T.);
#1244 = VERTEX_POINT('',#1245);
#1245 = CARTESIAN_POINT('',(-12.05363015858,-3.385321255063,1.));
#1246 = CIRCLE('',#1247,12.52);
#1247 = AXIS2_PLACEMENT_3D('',#1248,#1249,#1250);
#1248 = CARTESIAN_POINT('',(0.,0.,1.));
#1249 = DIRECTION('',(0.,0.,1.));
#1250 = DIRECTION('',(1.,0.,0.));
#1251 = ORIENTED_EDGE('',*,*,#1252,.T.);
#1252 = EDGE_CURVE('',#1244,#1253,#1255,.T.);
#1253 = VERTEX_POINT('',#1254);
#1254 = CARTESIAN_POINT('',(11.863827375683,-4.,1.));
#1255 = CIRCLE('',#1256,12.52);
#1256 = AXIS2_PLACEMENT_3D('',#1257,#1258,#1259);
#1257 = CARTESIAN_POINT('',(0.,0.,1.));
#1258 = DIRECTION('',(0.,0.,1.));
#1259 = DIRECTION('',(1.,0.,0.));
#1260 = ORIENTED_EDGE('',*,*,#1261,.F.);
#1261 = EDGE_CURVE('',#803,#1253,#1262,.T.);
#1262 = LINE('',#1263,#1264);
#1263 = CARTESIAN_POINT('',(11.863827375683,-4.,0.));
#1264 = VECTOR('',#1265,1.);
#1265 = DIRECTION('',(0.,0.,1.));
#1266 = ORIENTED_EDGE('',*,*,#802,.F.);
#1267 = CYLINDRICAL_SURFACE('',#1268,12.52);
#1268 = AXIS2_PLACEMENT_3D('',#1269,#1270,#1271);
#1269 = CARTESIAN_POINT('',(0.,0.,0.));
#1270 = DIRECTION('',(-0.,-0.,-1.));
#1271 = DIRECTION('',(1.,0.,0.));
#1272 = ADVANCED_FACE('',(#1273),#1284,.F.);
#1273 = FACE_BOUND('',#1274,.F.);
#1274 = EDGE_LOOP('',(#1275,#1276,#1277,#1283));
#1275 = ORIENTED_EDGE('',*,*,#811,.F.);
#1276 = ORIENTED_EDGE('',*,*,#1261,.T.);
#1277 = ORIENTED_EDGE('',*,*,#1278,.T.);
#1278 = EDGE_CURVE('',#1253,#1083,#1279,.T.);
#1279 = LINE('',#1280,#1281);
#1280 = CARTESIAN_POINT('',(11.863827375683,-4.,1.));
#1281 = VECTOR('',#1282,1.);
#1282 = DIRECTION('',(1.,0.,0.));
#1283 = ORIENTED_EDGE('',*,*,#1090,.F.);
#1284 = PLANE('',#1285);
#1285 = AXIS2_PLACEMENT_3D('',#1286,#1287,#1288);
#1286 = CARTESIAN_POINT('',(11.863827375683,-4.,0.));
#1287 = DIRECTION('',(0.,1.,0.));
#1288 = DIRECTION('',(1.,0.,0.));
#1289 = ADVANCED_FACE('',(#1290),#1315,.T.);
#1290 = FACE_BOUND('',#1291,.T.);
#1291 = EDGE_LOOP('',(#1292,#1300,#1308,#1314));
#1292 = ORIENTED_EDGE('',*,*,#1293,.T.);
#1293 = EDGE_CURVE('',#829,#1294,#1296,.T.);
#1294 = VERTEX_POINT('',#1295);
#1295 = CARTESIAN_POINT('',(-9.,-2.,1.));
#1296 = LINE('',#1297,#1298);
#1297 = CARTESIAN_POINT('',(-9.,-2.,0.));
#1298 = VECTOR('',#1299,1.);
#1299 = DIRECTION('',(0.,0.,1.));
#1300 = ORIENTED_EDGE('',*,*,#1301,.T.);
#1301 = EDGE_CURVE('',#1294,#1302,#1304,.T.);
#1302 = VERTEX_POINT('',#1303);
#1303 = CARTESIAN_POINT('',(-10.30236471318,-2.744208407535,1.));
#1304 = LINE('',#1305,#1306);
#1305 = CARTESIAN_POINT('',(-9.,-2.,1.));
#1306 = VECTOR('',#1307,1.);
#1307 = DIRECTION('',(-0.868243142124,-0.496138938357,0.));
#1308 = ORIENTED_EDGE('',*,*,#1309,.F.);
#1309 = EDGE_CURVE('',#831,#1302,#1310,.T.);
#1310 = LINE('',#1311,#1312);
#1311 = CARTESIAN_POINT('',(-10.30236471318,-2.744208407535,0.));
#1312 = VECTOR('',#1313,1.);
#1313 = DIRECTION('',(0.,0.,1.));
#1314 = ORIENTED_EDGE('',*,*,#828,.F.);
#1315 = PLANE('',#1316);
#1316 = AXIS2_PLACEMENT_3D('',#1317,#1318,#1319);
#1317 = CARTESIAN_POINT('',(-9.,-2.,0.));
#1318 = DIRECTION('',(0.496138938357,-0.868243142124,0.));
#1319 = DIRECTION('',(-0.868243142124,-0.496138938357,0.));
#1320 = ADVANCED_FACE('',(#1321),#1339,.T.);
#1321 = FACE_BOUND('',#1322,.T.);
#1322 = EDGE_LOOP('',(#1323,#1331,#1337,#1338));
#1323 = ORIENTED_EDGE('',*,*,#1324,.T.);
#1324 = EDGE_CURVE('',#839,#1325,#1327,.T.);
#1325 = VERTEX_POINT('',#1326);
#1326 = CARTESIAN_POINT('',(-7.,-5.5,1.));
#1327 = LINE('',#1328,#1329);
#1328 = CARTESIAN_POINT('',(-7.,-5.5,0.));
#1329 = VECTOR('',#1330,1.);
#1330 = DIRECTION('',(0.,0.,1.));
#1331 = ORIENTED_EDGE('',*,*,#1332,.T.);
#1332 = EDGE_CURVE('',#1325,#1294,#1333,.T.);
#1333 = LINE('',#1334,#1335);
#1334 = CARTESIAN_POINT('',(-7.,-5.5,1.));
#1335 = VECTOR('',#1336,1.);
#1336 = DIRECTION('',(-0.496138938357,0.868243142124,0.));
#1337 = ORIENTED_EDGE('',*,*,#1293,.F.);
#1338 = ORIENTED_EDGE('',*,*,#838,.F.);
#1339 = PLANE('',#1340);
#1340 = AXIS2_PLACEMENT_3D('',#1341,#1342,#1343);
#1341 = CARTESIAN_POINT('',(-7.,-5.5,0.));
#1342 = DIRECTION('',(-0.868243142124,-0.496138938357,0.));
#1343 = DIRECTION('',(-0.496138938357,0.868243142124,0.));
#1344 = ADVANCED_FACE('',(#1345),#1363,.T.);
#1345 = FACE_BOUND('',#1346,.T.);
#1346 = EDGE_LOOP('',(#1347,#1355,#1361,#1362));
#1347 = ORIENTED_EDGE('',*,*,#1348,.T.);
#1348 = EDGE_CURVE('',#847,#1349,#1351,.T.);
#1349 = VERTEX_POINT('',#1350);
#1350 = CARTESIAN_POINT('',(-8.302364713187,-6.244208407535,1.));
#1351 = LINE('',#1352,#1353);
#1352 = CARTESIAN_POINT('',(-8.302364713187,-6.244208407535,0.));
#1353 = VECTOR('',#1354,1.);
#1354 = DIRECTION('',(0.,0.,1.));
#1355 = ORIENTED_EDGE('',*,*,#1356,.T.);
#1356 = EDGE_CURVE('',#1349,#1325,#1357,.T.);
#1357 = LINE('',#1358,#1359);
#1358 = CARTESIAN_POINT('',(-8.302364713187,-6.244208407535,1.));
#1359 = VECTOR('',#1360,1.);
#1360 = DIRECTION('',(0.868243142124,0.496138938357,0.));
#1361 = ORIENTED_EDGE('',*,*,#1324,.F.);
#1362 = ORIENTED_EDGE('',*,*,#846,.F.);
#1363 = PLANE('',#1364);
#1364 = AXIS2_PLACEMENT_3D('',#1365,#1366,#1367);
#1365 = CARTESIAN_POINT('',(-8.302364713187,-6.244208407535,0.));
#1366 = DIRECTION('',(-0.496138938357,0.868243142124,0.));
#1367 = DIRECTION('',(0.868243142124,0.496138938357,0.));
#1368 = ADVANCED_FACE('',(#1369),#1380,.T.);
#1369 = FACE_BOUND('',#1370,.T.);
#1370 = EDGE_LOOP('',(#1371,#1372,#1378,#1379));
#1371 = ORIENTED_EDGE('',*,*,#1309,.T.);
#1372 = ORIENTED_EDGE('',*,*,#1373,.T.);
#1373 = EDGE_CURVE('',#1302,#1349,#1374,.T.);
#1374 = LINE('',#1375,#1376);
#1375 = CARTESIAN_POINT('',(-10.30236471318,-2.744208407535,1.));
#1376 = VECTOR('',#1377,1.);
#1377 = DIRECTION('',(0.496138938357,-0.868243142124,0.));
#1378 = ORIENTED_EDGE('',*,*,#1348,.F.);
#1379 = ORIENTED_EDGE('',*,*,#854,.F.);
#1380 = PLANE('',#1381);
#1381 = AXIS2_PLACEMENT_3D('',#1382,#1383,#1384);
#1382 = CARTESIAN_POINT('',(-10.30236471318,-2.744208407535,0.));
#1383 = DIRECTION('',(0.868243142124,0.496138938357,0.));
#1384 = DIRECTION('',(0.496138938357,-0.868243142124,0.));
#1385 = ADVANCED_FACE('',(#1386),#1411,.F.);
#1386 = FACE_BOUND('',#1387,.F.);
#1387 = EDGE_LOOP('',(#1388,#1396,#1404,#1410));
#1388 = ORIENTED_EDGE('',*,*,#1389,.T.);
#1389 = EDGE_CURVE('',#863,#1390,#1392,.T.);
#1390 = VERTEX_POINT('',#1391);
#1391 = CARTESIAN_POINT('',(-8.302364713187,6.244208407535,1.));
#1392 = LINE('',#1393,#1394);
#1393 = CARTESIAN_POINT('',(-8.302364713187,6.244208407535,0.));
#1394 = VECTOR('',#1395,1.);
#1395 = DIRECTION('',(0.,0.,1.));
#1396 = ORIENTED_EDGE('',*,*,#1397,.T.);
#1397 = EDGE_CURVE('',#1390,#1398,#1400,.T.);
#1398 = VERTEX_POINT('',#1399);
#1399 = CARTESIAN_POINT('',(-7.,5.5,1.));
#1400 = LINE('',#1401,#1402);
#1401 = CARTESIAN_POINT('',(-8.302364713187,6.244208407535,1.));
#1402 = VECTOR('',#1403,1.);
#1403 = DIRECTION('',(0.868243142124,-0.496138938357,0.));
#1404 = ORIENTED_EDGE('',*,*,#1405,.F.);
#1405 = EDGE_CURVE('',#865,#1398,#1406,.T.);
#1406 = LINE('',#1407,#1408);
#1407 = CARTESIAN_POINT('',(-7.,5.5,0.));
#1408 = VECTOR('',#1409,1.);
#1409 = DIRECTION('',(0.,0.,1.));
#1410 = ORIENTED_EDGE('',*,*,#862,.F.);
#1411 = PLANE('',#1412);
#1412 = AXIS2_PLACEMENT_3D('',#1413,#1414,#1415);
#1413 = CARTESIAN_POINT('',(-8.302364713187,6.244208407535,0.));
#1414 = DIRECTION('',(0.496138938357,0.868243142124,0.));
#1415 = DIRECTION('',(0.868243142124,-0.496138938357,0.));
#1416 = ADVANCED_FACE('',(#1417),#1435,.F.);
#1417 = FACE_BOUND('',#1418,.F.);
#1418 = EDGE_LOOP('',(#1419,#1420,#1428,#1434));
#1419 = ORIENTED_EDGE('',*,*,#1405,.T.);
#1420 = ORIENTED_EDGE('',*,*,#1421,.T.);
#1421 = EDGE_CURVE('',#1398,#1422,#1424,.T.);
#1422 = VERTEX_POINT('',#1423);
#1423 = CARTESIAN_POINT('',(-9.,2.,1.));
#1424 = LINE('',#1425,#1426);
#1425 = CARTESIAN_POINT('',(-7.,5.5,1.));
#1426 = VECTOR('',#1427,1.);
#1427 = DIRECTION('',(-0.496138938357,-0.868243142124,0.));
#1428 = ORIENTED_EDGE('',*,*,#1429,.F.);
#1429 = EDGE_CURVE('',#873,#1422,#1430,.T.);
#1430 = LINE('',#1431,#1432);
#1431 = CARTESIAN_POINT('',(-9.,2.,0.));
#1432 = VECTOR('',#1433,1.);
#1433 = DIRECTION('',(0.,0.,1.));
#1434 = ORIENTED_EDGE('',*,*,#872,.F.);
#1435 = PLANE('',#1436);
#1436 = AXIS2_PLACEMENT_3D('',#1437,#1438,#1439);
#1437 = CARTESIAN_POINT('',(-7.,5.5,0.));
#1438 = DIRECTION('',(0.868243142124,-0.496138938357,0.));
#1439 = DIRECTION('',(-0.496138938357,-0.868243142124,0.));
#1440 = ADVANCED_FACE('',(#1441),#1459,.F.);
#1441 = FACE_BOUND('',#1442,.F.);
#1442 = EDGE_LOOP('',(#1443,#1444,#1452,#1458));
#1443 = ORIENTED_EDGE('',*,*,#1429,.T.);
#1444 = ORIENTED_EDGE('',*,*,#1445,.T.);
#1445 = EDGE_CURVE('',#1422,#1446,#1448,.T.);
#1446 = VERTEX_POINT('',#1447);
#1447 = CARTESIAN_POINT('',(-10.30236471318,2.744208407535,1.));
#1448 = LINE('',#1449,#1450);
#1449 = CARTESIAN_POINT('',(-9.,2.,1.));
#1450 = VECTOR('',#1451,1.);
#1451 = DIRECTION('',(-0.868243142124,0.496138938357,0.));
#1452 = ORIENTED_EDGE('',*,*,#1453,.F.);
#1453 = EDGE_CURVE('',#881,#1446,#1454,.T.);
#1454 = LINE('',#1455,#1456);
#1455 = CARTESIAN_POINT('',(-10.30236471318,2.744208407535,0.));
#1456 = VECTOR('',#1457,1.);
#1457 = DIRECTION('',(0.,0.,1.));
#1458 = ORIENTED_EDGE('',*,*,#880,.F.);
#1459 = PLANE('',#1460);
#1460 = AXIS2_PLACEMENT_3D('',#1461,#1462,#1463);
#1461 = CARTESIAN_POINT('',(-9.,2.,0.));
#1462 = DIRECTION('',(-0.496138938357,-0.868243142124,0.));
#1463 = DIRECTION('',(-0.868243142124,0.496138938357,0.));
#1464 = ADVANCED_FACE('',(#1465),#1476,.F.);
#1465 = FACE_BOUND('',#1466,.F.);
#1466 = EDGE_LOOP('',(#1467,#1468,#1474,#1475));
#1467 = ORIENTED_EDGE('',*,*,#1453,.T.);
#1468 = ORIENTED_EDGE('',*,*,#1469,.T.);
#1469 = EDGE_CURVE('',#1446,#1390,#1470,.T.);
#1470 = LINE('',#1471,#1472);
#1471 = CARTESIAN_POINT('',(-10.30236471318,2.744208407535,1.));
#1472 = VECTOR('',#1473,1.);
#1473 = DIRECTION('',(0.496138938357,0.868243142124,0.));
#1474 = ORIENTED_EDGE('',*,*,#1389,.F.);
#1475 = ORIENTED_EDGE('',*,*,#888,.F.);
#1476 = PLANE('',#1477);
#1477 = AXIS2_PLACEMENT_3D('',#1478,#1479,#1480);
#1478 = CARTESIAN_POINT('',(-10.30236471318,2.744208407535,0.));
#1479 = DIRECTION('',(-0.868243142124,0.496138938357,0.));
#1480 = DIRECTION('',(0.496138938357,0.868243142124,0.));
#1481 = ADVANCED_FACE('',(#1482),#1501,.F.);
#1482 = FACE_BOUND('',#1483,.T.);
#1483 = EDGE_LOOP('',(#1484,#1492,#1499,#1500));
#1484 = ORIENTED_EDGE('',*,*,#1485,.T.);
#1485 = EDGE_CURVE('',#897,#1486,#1488,.T.);
#1486 = VERTEX_POINT('',#1487);
#1487 = CARTESIAN_POINT('',(16.59,0.,1.));
#1488 = LINE('',#1489,#1490);
#1489 = CARTESIAN_POINT('',(16.59,0.,0.));
#1490 = VECTOR('',#1491,1.);
#1491 = DIRECTION('',(0.,0.,1.));
#1492 = ORIENTED_EDGE('',*,*,#1493,.T.);
#1493 = EDGE_CURVE('',#1486,#1486,#1494,.T.);
#1494 = CIRCLE('',#1495,0.65);
#1495 = AXIS2_PLACEMENT_3D('',#1496,#1497,#1498);
#1496 = CARTESIAN_POINT('',(15.94,0.,1.));
#1497 = DIRECTION('',(0.,0.,1.));
#1498 = DIRECTION('',(1.,0.,0.));
#1499 = ORIENTED_EDGE('',*,*,#1485,.F.);
#1500 = ORIENTED_EDGE('',*,*,#896,.F.);
#1501 = CYLINDRICAL_SURFACE('',#1502,0.65);
#1502 = AXIS2_PLACEMENT_3D('',#1503,#1504,#1505);
#1503 = CARTESIAN_POINT('',(15.94,0.,0.));
#1504 = DIRECTION('',(-0.,-0.,-1.));
#1505 = DIRECTION('',(1.,0.,0.));
#1506 = ADVANCED_FACE('',(#1507),#1526,.F.);
#1507 = FACE_BOUND('',#1508,.T.);
#1508 = EDGE_LOOP('',(#1509,#1517,#1524,#1525));
#1509 = ORIENTED_EDGE('',*,*,#1510,.T.);
#1510 = EDGE_CURVE('',#908,#1511,#1513,.T.);
#1511 = VERTEX_POINT('',#1512);
#1512 = CARTESIAN_POINT('',(-3.73,0.,1.));
#1513 = LINE('',#1514,#1515);
#1514 = CARTESIAN_POINT('',(-3.73,0.,0.));
#1515 = VECTOR('',#1516,1.);
#1516 = DIRECTION('',(0.,0.,1.));
#1517 = ORIENTED_EDGE('',*,*,#1518,.T.);
#1518 = EDGE_CURVE('',#1511,#1511,#1519,.T.);
#1519 = CIRCLE('',#1520,0.65);
#1520 = AXIS2_PLACEMENT_3D('',#1521,#1522,#1523);
#1521 = CARTESIAN_POINT('',(-4.38,0.,1.));
#1522 = DIRECTION('',(0.,0.,1.));
#1523 = DIRECTION('',(1.,0.,0.));
#1524 = ORIENTED_EDGE('',*,*,#1510,.F.);
#1525 = ORIENTED_EDGE('',*,*,#907,.F.);
#1526 = CYLINDRICAL_SURFACE('',#1527,0.65);
#1527 = AXIS2_PLACEMENT_3D('',#1528,#1529,#1530);
#1528 = CARTESIAN_POINT('',(-4.38,0.,0.));
#1529 = DIRECTION('',(-0.,-0.,-1.));
#1530 = DIRECTION('',(1.,0.,0.));
#1531 = ADVANCED_FACE('',(#1532,#1542,#1548,#1554,#1557),#1560,.T.);
#1532 = FACE_BOUND('',#1533,.T.);
#1533 = EDGE_LOOP('',(#1534,#1535,#1536,#1537,#1538,#1539,#1540,#1541));
#1534 = ORIENTED_EDGE('',*,*,#1211,.T.);
#1535 = ORIENTED_EDGE('',*,*,#1234,.T.);
#1536 = ORIENTED_EDGE('',*,*,#1243,.T.);
#1537 = ORIENTED_EDGE('',*,*,#1252,.T.);
#1538 = ORIENTED_EDGE('',*,*,#1278,.T.);
#1539 = ORIENTED_EDGE('',*,*,#1144,.T.);
#1540 = ORIENTED_EDGE('',*,*,#1168,.T.);
#1541 = ORIENTED_EDGE('',*,*,#1193,.T.);
#1542 = FACE_BOUND('',#1543,.T.);
#1543 = EDGE_LOOP('',(#1544,#1545,#1546,#1547));
#1544 = ORIENTED_EDGE('',*,*,#1373,.F.);
#1545 = ORIENTED_EDGE('',*,*,#1301,.F.);
#1546 = ORIENTED_EDGE('',*,*,#1332,.F.);
#1547 = ORIENTED_EDGE('',*,*,#1356,.F.);
#1548 = FACE_BOUND('',#1549,.T.);
#1549 = EDGE_LOOP('',(#1550,#1551,#1552,#1553));
#1550 = ORIENTED_EDGE('',*,*,#1469,.T.);
#1551 = ORIENTED_EDGE('',*,*,#1397,.T.);
#1552 = ORIENTED_EDGE('',*,*,#1421,.T.);
#1553 = ORIENTED_EDGE('',*,*,#1445,.T.);
#1554 = FACE_BOUND('',#1555,.T.);
#1555 = EDGE_LOOP('',(#1556));
#1556 = ORIENTED_EDGE('',*,*,#1493,.F.);
#1557 = FACE_BOUND('',#1558,.T.);
#1558 = EDGE_LOOP('',(#1559));
#1559 = ORIENTED_EDGE('',*,*,#1518,.F.);
#1560 = PLANE('',#1561);
#1561 = AXIS2_PLACEMENT_3D('',#1562,#1563,#1564);
#1562 = CARTESIAN_POINT('',(0.619654073412,5.04E-14,1.));
#1563 = DIRECTION('',(0.,0.,1.));
#1564 = DIRECTION('',(1.,0.,0.));
#1565 = ( GEOMETRIC_REPRESENTATION_CONTEXT(3) 
GLOBAL_UNCERTAINTY_ASSIGNED_CONTEXT((#1569)) 
GLOBAL_UNIT_ASSIGNED_CONTEXT((#1566,#1567,#1568)) REPRESENTATION_CONTEXT
('Context #1','3D Context with UNIT and UNCERTAINTY') );
#1566 = ( LENGTH_UNIT() NAMED_UNIT(*) SI_UNIT(.MILLI.,.METRE.) );
#1567 = ( NAMED_UNIT(*) PLANE_ANGLE_UNIT() SI_UNIT($,.RADIAN.) );
#1568 = ( NAMED_UNIT(*) SI_UNIT($,.STERADIAN.) SOLID_ANGLE_UNIT() );
#1569 = UNCERTAINTY_MEASURE_WITH_UNIT(LENGTH_MEASURE(1.E-07),#1566,
  'distance_accuracy_value','confusion accuracy');
#1570 = CONTEXT_DEPENDENT_SHAPE_REPRESENTATION(#1571,#1573);
#1571 = ( REPRESENTATION_RELATIONSHIP('','',#60,#10) 
REPRESENTATION_RELATIONSHIP_WITH_TRANSFORMATION(#1572) 
SHAPE_REPRESENTATION_RELATIONSHIP() );
#1572 = ITEM_DEFINED_TRANSFORMATION('','',#11,#15);
#1573 = PRODUCT_DEFINITION_SHAPE('Placement','Placement of an item',
  #1574);
#1574 = NEXT_ASSEMBLY_USAGE_OCCURRENCE('32','Cuerpo','',#5,#55,$);
#1575 = PRODUCT_RELATED_PRODUCT_CATEGORY('part',$,(#57));
#1576 = SHAPE_DEFINITION_REPRESENTATION(#1577,#1583);
#1577 = PRODUCT_DEFINITION_SHAPE('','',#1578);
#1578 = PRODUCT_DEFINITION('design','',#1579,#1582);
#1579 = PRODUCT_DEFINITION_FORMATION('','',#1580);
#1580 = PRODUCT('Cuerpo001','Cuerpo001','',(#1581));
#1581 = PRODUCT_CONTEXT('',#2,'mechanical');
#1582 = PRODUCT_DEFINITION_CONTEXT('part definition',#2,'design');
#1583 = ADVANCED_BREP_SHAPE_REPRESENTATION('',(#11,#1584),#1637);
#1584 = MANIFOLD_SOLID_BREP('',#1585);
#1585 = CLOSED_SHELL('',(#1586,#1619,#1628));
#1586 = ADVANCED_FACE('',(#1587),#1614,.T.);
#1587 = FACE_BOUND('',#1588,.F.);
#1588 = EDGE_LOOP('',(#1589,#1599,#1606,#1607));
#1589 = ORIENTED_EDGE('',*,*,#1590,.T.);
#1590 = EDGE_CURVE('',#1591,#1593,#1595,.T.);
#1591 = VERTEX_POINT('',#1592);
#1592 = CARTESIAN_POINT('',(12.5,0.,0.));
#1593 = VERTEX_POINT('',#1594);
#1594 = CARTESIAN_POINT('',(12.5,0.,5.));
#1595 = LINE('',#1596,#1597);
#1596 = CARTESIAN_POINT('',(12.5,0.,0.));
#1597 = VECTOR('',#1598,1.);
#1598 = DIRECTION('',(0.,0.,1.));
#1599 = ORIENTED_EDGE('',*,*,#1600,.T.);
#1600 = EDGE_CURVE('',#1593,#1593,#1601,.T.);
#1601 = CIRCLE('',#1602,12.5);
#1602 = AXIS2_PLACEMENT_3D('',#1603,#1604,#1605);
#1603 = CARTESIAN_POINT('',(0.,0.,5.));
#1604 = DIRECTION('',(0.,0.,1.));
#1605 = DIRECTION('',(1.,0.,0.));
#1606 = ORIENTED_EDGE('',*,*,#1590,.F.);
#1607 = ORIENTED_EDGE('',*,*,#1608,.F.);
#1608 = EDGE_CURVE('',#1591,#1591,#1609,.T.);
#1609 = CIRCLE('',#1610,12.5);
#1610 = AXIS2_PLACEMENT_3D('',#1611,#1612,#1613);
#1611 = CARTESIAN_POINT('',(0.,0.,0.));
#1612 = DIRECTION('',(0.,0.,1.));
#1613 = DIRECTION('',(1.,0.,0.));
#1614 = CYLINDRICAL_SURFACE('',#1615,12.5);
#1615 = AXIS2_PLACEMENT_3D('',#1616,#1617,#1618);
#1616 = CARTESIAN_POINT('',(0.,0.,0.));
#1617 = DIRECTION('',(-0.,-0.,-1.));
#1618 = DIRECTION('',(1.,0.,0.));
#1619 = ADVANCED_FACE('',(#1620),#1623,.F.);
#1620 = FACE_BOUND('',#1621,.F.);
#1621 = EDGE_LOOP('',(#1622));
#1622 = ORIENTED_EDGE('',*,*,#1608,.T.);
#1623 = PLANE('',#1624);
#1624 = AXIS2_PLACEMENT_3D('',#1625,#1626,#1627);
#1625 = CARTESIAN_POINT('',(-8.8E-16,-5.1E-16,0.));
#1626 = DIRECTION('',(0.,0.,1.));
#1627 = DIRECTION('',(1.,0.,0.));
#1628 = ADVANCED_FACE('',(#1629),#1632,.T.);
#1629 = FACE_BOUND('',#1630,.T.);
#1630 = EDGE_LOOP('',(#1631));
#1631 = ORIENTED_EDGE('',*,*,#1600,.T.);
#1632 = PLANE('',#1633);
#1633 = AXIS2_PLACEMENT_3D('',#1634,#1635,#1636);
#1634 = CARTESIAN_POINT('',(-8.8E-16,-5.1E-16,5.));
#1635 = DIRECTION('',(0.,0.,1.));
#1636 = DIRECTION('',(1.,0.,0.));
#1637 = ( GEOMETRIC_REPRESENTATION_CONTEXT(3) 
GLOBAL_UNCERTAINTY_ASSIGNED_CONTEXT((#1641)) 
GLOBAL_UNIT_ASSIGNED_CONTEXT((#1638,#1639,#1640)) REPRESENTATION_CONTEXT
('Context #1','3D Context with UNIT and UNCERTAINTY') );
#1638 = ( LENGTH_UNIT() NAMED_UNIT(*) SI_UNIT(.MILLI.,.METRE.) );
#1639 = ( NAMED_UNIT(*) PLANE_ANGLE_UNIT() SI_UNIT($,.RADIAN.) );
#1640 = ( NAMED_UNIT(*) SI_UNIT($,.STERADIAN.) SOLID_ANGLE_UNIT() );
#1641 = UNCERTAINTY_MEASURE_WITH_UNIT(LENGTH_MEASURE(1.E-07),#1638,
  'distance_accuracy_value','confusion accuracy');
#1642 = CONTEXT_DEPENDENT_SHAPE_REPRESENTATION(#1643,#1645);
#1643 = ( REPRESENTATION_RELATIONSHIP('','',#1583,#10) 
REPRESENTATION_RELATIONSHIP_WITH_TRANSFORMATION(#1644) 
SHAPE_REPRESENTATION_RELATIONSHIP() );
#1644 = ITEM_DEFINED_TRANSFORMATION('','',#11,#19);
#1645 = PRODUCT_DEFINITION_SHAPE('Placement','Placement of an item',
  #1646);
#1646 = NEXT_ASSEMBLY_USAGE_OCCURRENCE('33','Cuerpo001','',#5,#1578,$);
#1647 = PRODUCT_RELATED_PRODUCT_CATEGORY('part',$,(#1580));
#1648 = SHAPE_DEFINITION_REPRESENTATION(#1649,#1655);
#1649 = PRODUCT_DEFINITION_SHAPE('','',#1650);
#1650 = PRODUCT_DEFINITION('design','',#1651,#1654);
#1651 = PRODUCT_DEFINITION_FORMATION('','',#1652);
#1652 = PRODUCT('ShapeString','ShapeString','',(#1653));
#1653 = PRODUCT_CONTEXT('',#2,'mechanical');
#1654 = PRODUCT_DEFINITION_CONTEXT('part definition',#2,'design');
#1655 = SHAPE_REPRESENTATION('',(#11,#1656,#1850,#2022,#2200,#2332,#2526
    ),#2698);
#1656 = SHELL_BASED_SURFACE_MODEL('',(#1657));
#1657 = OPEN_SHELL('',(#1658));
#1658 = ADVANCED_FACE('',(#1659),#1845,.T.);
#1659 = FACE_BOUND('',#1660,.T.);
#1660 = EDGE_LOOP('',(#1661,#1671,#1679,#1687,#1695,#1703,#1711,#1719,
    #1727,#1735,#1743,#1751,#1759,#1767,#1775,#1783,#1791,#1799,#1807,
    #1815,#1823,#1831,#1839));
#1661 = ORIENTED_EDGE('',*,*,#1662,.F.);
#1662 = EDGE_CURVE('',#1663,#1665,#1667,.T.);
#1663 = VERTEX_POINT('',#1664);
#1664 = CARTESIAN_POINT('',(2.231125,0.834625,0.));
#1665 = VERTEX_POINT('',#1666);
#1666 = CARTESIAN_POINT('',(1.9405,0.186125,0.));
#1667 = B_SPLINE_CURVE_WITH_KNOTS('',2,(#1668,#1669,#1670),
  .UNSPECIFIED.,.F.,.F.,(3,3),(0.,1.),.PIECEWISE_BEZIER_KNOTS.);
#1668 = CARTESIAN_POINT('',(2.231125,0.834625,0.));
#1669 = CARTESIAN_POINT('',(2.19175,0.412375,0.));
#1670 = CARTESIAN_POINT('',(1.9405,0.186125,0.));
#1671 = ORIENTED_EDGE('',*,*,#1672,.F.);
#1672 = EDGE_CURVE('',#1673,#1663,#1675,.T.);
#1673 = VERTEX_POINT('',#1674);
#1674 = CARTESIAN_POINT('',(2.129875,0.834625,0.));
#1675 = LINE('',#1676,#1677);
#1676 = CARTESIAN_POINT('',(2.129875,0.834625,0.));
#1677 = VECTOR('',#1678,1.);
#1678 = DIRECTION('',(1.,0.,0.));
#1679 = ORIENTED_EDGE('',*,*,#1680,.F.);
#1680 = EDGE_CURVE('',#1681,#1673,#1683,.T.);
#1681 = VERTEX_POINT('',#1682);
#1682 = CARTESIAN_POINT('',(1.870125,0.2545,0.));
#1683 = B_SPLINE_CURVE_WITH_KNOTS('',2,(#1684,#1685,#1686),
  .UNSPECIFIED.,.F.,.F.,(3,3),(0.,1.),.PIECEWISE_BEZIER_KNOTS.);
#1684 = CARTESIAN_POINT('',(1.870125,0.2545,0.));
#1685 = CARTESIAN_POINT('',(2.0905,0.447875,0.));
#1686 = CARTESIAN_POINT('',(2.129875,0.834625,0.));
#1687 = ORIENTED_EDGE('',*,*,#1688,.F.);
#1688 = EDGE_CURVE('',#1689,#1681,#1691,.T.);
#1689 = VERTEX_POINT('',#1690);
#1690 = CARTESIAN_POINT('',(1.258,6.125E-02,0.));
#1691 = B_SPLINE_CURVE_WITH_KNOTS('',2,(#1692,#1693,#1694),
  .UNSPECIFIED.,.F.,.F.,(3,3),(0.,1.),.PIECEWISE_BEZIER_KNOTS.);
#1692 = CARTESIAN_POINT('',(1.258,6.125E-02,0.));
#1693 = CARTESIAN_POINT('',(1.649875,6.125E-02,0.));
#1694 = CARTESIAN_POINT('',(1.870125,0.2545,0.));
#1695 = ORIENTED_EDGE('',*,*,#1696,.F.);
#1696 = EDGE_CURVE('',#1697,#1689,#1699,.T.);
#1697 = VERTEX_POINT('',#1698);
#1698 = CARTESIAN_POINT('',(0.792,0.200125,0.));
#1699 = B_SPLINE_CURVE_WITH_KNOTS('',2,(#1700,#1701,#1702),
  .UNSPECIFIED.,.F.,.F.,(3,3),(0.,1.),.PIECEWISE_BEZIER_KNOTS.);
#1700 = CARTESIAN_POINT('',(0.792,0.200125,0.));
#1701 = CARTESIAN_POINT('',(0.9955,6.125E-02,0.));
#1702 = CARTESIAN_POINT('',(1.258,6.125E-02,0.));
#1703 = ORIENTED_EDGE('',*,*,#1704,.F.);
#1704 = EDGE_CURVE('',#1705,#1697,#1707,.T.);
#1705 = VERTEX_POINT('',#1706);
#1706 = CARTESIAN_POINT('',(0.479875,0.58775,0.));
#1707 = B_SPLINE_CURVE_WITH_KNOTS('',2,(#1708,#1709,#1710),
  .UNSPECIFIED.,.F.,.F.,(3,3),(0.,1.),.PIECEWISE_BEZIER_KNOTS.);
#1708 = CARTESIAN_POINT('',(0.479875,0.58775,0.));
#1709 = CARTESIAN_POINT('',(0.588625,0.339125,0.));
#1710 = CARTESIAN_POINT('',(0.792,0.200125,0.));
#1711 = ORIENTED_EDGE('',*,*,#1712,.F.);
#1712 = EDGE_CURVE('',#1713,#1705,#1715,.T.);
#1713 = VERTEX_POINT('',#1714);
#1714 = CARTESIAN_POINT('',(0.371125,1.159375,0.));
#1715 = B_SPLINE_CURVE_WITH_KNOTS('',2,(#1716,#1717,#1718),
  .UNSPECIFIED.,.F.,.F.,(3,3),(0.,1.),.PIECEWISE_BEZIER_KNOTS.);
#1716 = CARTESIAN_POINT('',(0.371125,1.159375,0.));
#1717 = CARTESIAN_POINT('',(0.371125,0.8365,0.));
#1718 = CARTESIAN_POINT('',(0.479875,0.58775,0.));
#1719 = ORIENTED_EDGE('',*,*,#1720,.F.);
#1720 = EDGE_CURVE('',#1721,#1713,#1723,.T.);
#1721 = VERTEX_POINT('',#1722);
#1722 = CARTESIAN_POINT('',(0.371125,1.561125,0.));
#1723 = LINE('',#1724,#1725);
#1724 = CARTESIAN_POINT('',(0.371125,1.561125,0.));
#1725 = VECTOR('',#1726,1.);
#1726 = DIRECTION('',(0.,-1.,-0.));
#1727 = ORIENTED_EDGE('',*,*,#1728,.F.);
#1728 = EDGE_CURVE('',#1729,#1721,#1731,.T.);
#1729 = VERTEX_POINT('',#1730);
#1730 = CARTESIAN_POINT('',(0.61575,2.366375,0.));
#1731 = B_SPLINE_CURVE_WITH_KNOTS('',2,(#1732,#1733,#1734),
  .UNSPECIFIED.,.F.,.F.,(3,3),(0.,1.),.PIECEWISE_BEZIER_KNOTS.);
#1732 = CARTESIAN_POINT('',(0.61575,2.366375,0.));
#1733 = CARTESIAN_POINT('',(0.371125,2.066,0.));
#1734 = CARTESIAN_POINT('',(0.371125,1.561125,0.));
#1735 = ORIENTED_EDGE('',*,*,#1736,.F.);
#1736 = EDGE_CURVE('',#1737,#1729,#1739,.T.);
#1737 = VERTEX_POINT('',#1738);
#1738 = CARTESIAN_POINT('',(1.258,2.66675,0.));
#1739 = B_SPLINE_CURVE_WITH_KNOTS('',2,(#1740,#1741,#1742),
  .UNSPECIFIED.,.F.,.F.,(3,3),(0.,1.),.PIECEWISE_BEZIER_KNOTS.);
#1740 = CARTESIAN_POINT('',(1.258,2.66675,0.));
#1741 = CARTESIAN_POINT('',(0.8605,2.66675,0.));
#1742 = CARTESIAN_POINT('',(0.61575,2.366375,0.));
#1743 = ORIENTED_EDGE('',*,*,#1744,.F.);
#1744 = EDGE_CURVE('',#1745,#1737,#1747,.T.);
#1745 = VERTEX_POINT('',#1746);
#1746 = CARTESIAN_POINT('',(1.867375,2.4705,0.));
#1747 = B_SPLINE_CURVE_WITH_KNOTS('',2,(#1748,#1749,#1750),
  .UNSPECIFIED.,.F.,.F.,(3,3),(0.,1.),.PIECEWISE_BEZIER_KNOTS.);
#1748 = CARTESIAN_POINT('',(1.867375,2.4705,0.));
#1749 = CARTESIAN_POINT('',(1.648,2.66675,0.));
#1750 = CARTESIAN_POINT('',(1.258,2.66675,0.));
#1751 = ORIENTED_EDGE('',*,*,#1752,.F.);
#1752 = EDGE_CURVE('',#1753,#1745,#1755,.T.);
#1753 = VERTEX_POINT('',#1754);
#1754 = CARTESIAN_POINT('',(2.129875,1.897125,0.));
#1755 = B_SPLINE_CURVE_WITH_KNOTS('',2,(#1756,#1757,#1758),
  .UNSPECIFIED.,.F.,.F.,(3,3),(0.,1.),.PIECEWISE_BEZIER_KNOTS.);
#1756 = CARTESIAN_POINT('',(2.129875,1.897125,0.));
#1757 = CARTESIAN_POINT('',(2.08675,2.274375,0.));
#1758 = CARTESIAN_POINT('',(1.867375,2.4705,0.));
#1759 = ORIENTED_EDGE('',*,*,#1760,.F.);
#1760 = EDGE_CURVE('',#1761,#1753,#1763,.T.);
#1761 = VERTEX_POINT('',#1762);
#1762 = CARTESIAN_POINT('',(2.231125,1.897125,0.));
#1763 = LINE('',#1764,#1765);
#1764 = CARTESIAN_POINT('',(2.231125,1.897125,0.));
#1765 = VECTOR('',#1766,1.);
#1766 = DIRECTION('',(-1.,0.,0.));
#1767 = ORIENTED_EDGE('',*,*,#1768,.F.);
#1768 = EDGE_CURVE('',#1769,#1761,#1771,.T.);
#1769 = VERTEX_POINT('',#1770);
#1770 = CARTESIAN_POINT('',(1.938625,2.54275,0.));
#1771 = B_SPLINE_CURVE_WITH_KNOTS('',2,(#1772,#1773,#1774),
  .UNSPECIFIED.,.F.,.F.,(3,3),(0.,1.),.PIECEWISE_BEZIER_KNOTS.);
#1772 = CARTESIAN_POINT('',(1.938625,2.54275,0.));
#1773 = CARTESIAN_POINT('',(2.19175,2.3175,0.));
#1774 = CARTESIAN_POINT('',(2.231125,1.897125,0.));
#1775 = ORIENTED_EDGE('',*,*,#1776,.F.);
#1776 = EDGE_CURVE('',#1777,#1769,#1779,.T.);
#1777 = VERTEX_POINT('',#1778);
#1778 = CARTESIAN_POINT('',(1.258,2.768,0.));
#1779 = B_SPLINE_CURVE_WITH_KNOTS('',2,(#1780,#1781,#1782),
  .UNSPECIFIED.,.F.,.F.,(3,3),(0.,1.),.PIECEWISE_BEZIER_KNOTS.);
#1780 = CARTESIAN_POINT('',(1.258,2.768,0.));
#1781 = CARTESIAN_POINT('',(1.6855,2.768,0.));
#1782 = CARTESIAN_POINT('',(1.938625,2.54275,0.));
#1783 = ORIENTED_EDGE('',*,*,#1784,.F.);
#1784 = EDGE_CURVE('',#1785,#1777,#1787,.T.);
#1785 = VERTEX_POINT('',#1786);
#1786 = CARTESIAN_POINT('',(0.7395,2.61775,0.));
#1787 = B_SPLINE_CURVE_WITH_KNOTS('',2,(#1788,#1789,#1790),
  .UNSPECIFIED.,.F.,.F.,(3,3),(0.,1.),.PIECEWISE_BEZIER_KNOTS.);
#1788 = CARTESIAN_POINT('',(0.7395,2.61775,0.));
#1789 = CARTESIAN_POINT('',(0.9655,2.768,0.));
#1790 = CARTESIAN_POINT('',(1.258,2.768,0.));
#1791 = ORIENTED_EDGE('',*,*,#1792,.F.);
#1792 = EDGE_CURVE('',#1793,#1785,#1795,.T.);
#1793 = VERTEX_POINT('',#1794);
#1794 = CARTESIAN_POINT('',(0.39175,2.192625,0.));
#1795 = B_SPLINE_CURVE_WITH_KNOTS('',2,(#1796,#1797,#1798),
  .UNSPECIFIED.,.F.,.F.,(3,3),(0.,1.),.PIECEWISE_BEZIER_KNOTS.);
#1796 = CARTESIAN_POINT('',(0.39175,2.192625,0.));
#1797 = CARTESIAN_POINT('',(0.513625,2.467625,0.));
#1798 = CARTESIAN_POINT('',(0.7395,2.61775,0.));
#1799 = ORIENTED_EDGE('',*,*,#1800,.F.);
#1800 = EDGE_CURVE('',#1801,#1793,#1803,.T.);
#1801 = VERTEX_POINT('',#1802);
#1802 = CARTESIAN_POINT('',(0.269875,1.568625,0.));
#1803 = B_SPLINE_CURVE_WITH_KNOTS('',2,(#1804,#1805,#1806),
  .UNSPECIFIED.,.F.,.F.,(3,3),(0.,1.),.PIECEWISE_BEZIER_KNOTS.);
#1804 = CARTESIAN_POINT('',(0.269875,1.568625,0.));
#1805 = CARTESIAN_POINT('',(0.269875,1.91775,0.));
#1806 = CARTESIAN_POINT('',(0.39175,2.192625,0.));
#1807 = ORIENTED_EDGE('',*,*,#1808,.F.);
#1808 = EDGE_CURVE('',#1809,#1801,#1811,.T.);
#1809 = VERTEX_POINT('',#1810);
#1810 = CARTESIAN_POINT('',(0.269875,1.14625,0.));
#1811 = LINE('',#1812,#1813);
#1812 = CARTESIAN_POINT('',(0.269875,1.14625,0.));
#1813 = VECTOR('',#1814,1.);
#1814 = DIRECTION('',(0.,1.,0.));
#1815 = ORIENTED_EDGE('',*,*,#1816,.F.);
#1816 = EDGE_CURVE('',#1817,#1809,#1819,.T.);
#1817 = VERTEX_POINT('',#1818);
#1818 = CARTESIAN_POINT('',(0.3955,0.525875,0.));
#1819 = B_SPLINE_CURVE_WITH_KNOTS('',2,(#1820,#1821,#1822),
  .UNSPECIFIED.,.F.,.F.,(3,3),(0.,1.),.PIECEWISE_BEZIER_KNOTS.);
#1820 = CARTESIAN_POINT('',(0.3955,0.525875,0.));
#1821 = CARTESIAN_POINT('',(0.27175,0.797125,0.));
#1822 = CARTESIAN_POINT('',(0.269875,1.14625,0.));
#1823 = ORIENTED_EDGE('',*,*,#1824,.F.);
#1824 = EDGE_CURVE('',#1825,#1817,#1827,.T.);
#1825 = VERTEX_POINT('',#1826);
#1826 = CARTESIAN_POINT('',(0.74325,0.107375,0.));
#1827 = B_SPLINE_CURVE_WITH_KNOTS('',2,(#1828,#1829,#1830),
  .UNSPECIFIED.,.F.,.F.,(3,3),(0.,1.),.PIECEWISE_BEZIER_KNOTS.);
#1828 = CARTESIAN_POINT('',(0.74325,0.107375,0.));
#1829 = CARTESIAN_POINT('',(0.51925,0.25475,0.));
#1830 = CARTESIAN_POINT('',(0.3955,0.525875,0.));
#1831 = ORIENTED_EDGE('',*,*,#1832,.F.);
#1832 = EDGE_CURVE('',#1833,#1825,#1835,.T.);
#1833 = VERTEX_POINT('',#1834);
#1834 = CARTESIAN_POINT('',(1.258,-4.E-02,0.));
#1835 = B_SPLINE_CURVE_WITH_KNOTS('',2,(#1836,#1837,#1838),
  .UNSPECIFIED.,.F.,.F.,(3,3),(0.,1.),.PIECEWISE_BEZIER_KNOTS.);
#1836 = CARTESIAN_POINT('',(1.258,-4.E-02,0.));
#1837 = CARTESIAN_POINT('',(0.967375,-4.E-02,0.));
#1838 = CARTESIAN_POINT('',(0.74325,0.107375,0.));
#1839 = ORIENTED_EDGE('',*,*,#1840,.F.);
#1840 = EDGE_CURVE('',#1665,#1833,#1841,.T.);
#1841 = B_SPLINE_CURVE_WITH_KNOTS('',2,(#1842,#1843,#1844),
  .UNSPECIFIED.,.F.,.F.,(3,3),(0.,1.),.PIECEWISE_BEZIER_KNOTS.);
#1842 = CARTESIAN_POINT('',(1.9405,0.186125,0.));
#1843 = CARTESIAN_POINT('',(1.68925,-4.E-02,0.));
#1844 = CARTESIAN_POINT('',(1.258,-4.E-02,0.));
#1845 = PLANE('',#1846);
#1846 = AXIS2_PLACEMENT_3D('',#1847,#1848,#1849);
#1847 = CARTESIAN_POINT('',(1.139217451546,1.362506906668,0.));
#1848 = DIRECTION('',(0.,0.,1.));
#1849 = DIRECTION('',(1.,0.,-0.));
#1850 = SHELL_BASED_SURFACE_MODEL('',(#1851));
#1851 = OPEN_SHELL('',(#1852));
#1852 = ADVANCED_FACE('',(#1853,#1959),#2017,.T.);
#1853 = FACE_BOUND('',#1854,.T.);
#1854 = EDGE_LOOP('',(#1855,#1865,#1873,#1881,#1889,#1897,#1905,#1913,
    #1921,#1929,#1937,#1945,#1953));
#1855 = ORIENTED_EDGE('',*,*,#1856,.F.);
#1856 = EDGE_CURVE('',#1857,#1859,#1861,.T.);
#1857 = VERTEX_POINT('',#1858);
#1858 = CARTESIAN_POINT('',(3.9015,1.17075,0.));
#1859 = VERTEX_POINT('',#1860);
#1860 = CARTESIAN_POINT('',(2.954625,1.17075,0.));
#1861 = LINE('',#1862,#1863);
#1862 = CARTESIAN_POINT('',(3.9015,1.17075,0.));
#1863 = VECTOR('',#1864,1.);
#1864 = DIRECTION('',(-1.,0.,0.));
#1865 = ORIENTED_EDGE('',*,*,#1866,.F.);
#1866 = EDGE_CURVE('',#1867,#1857,#1869,.T.);
#1867 = VERTEX_POINT('',#1868);
#1868 = CARTESIAN_POINT('',(4.627125,0.,0.));
#1869 = LINE('',#1870,#1871);
#1870 = CARTESIAN_POINT('',(4.627125,0.,0.));
#1871 = VECTOR('',#1872,1.);
#1872 = DIRECTION('',(-0.526813801104,0.84998071682,0.));
#1873 = ORIENTED_EDGE('',*,*,#1874,.F.);
#1874 = EDGE_CURVE('',#1875,#1867,#1877,.T.);
#1875 = VERTEX_POINT('',#1876);
#1876 = CARTESIAN_POINT('',(4.734,0.,0.));
#1877 = LINE('',#1878,#1879);
#1878 = CARTESIAN_POINT('',(4.734,0.,0.));
#1879 = VECTOR('',#1880,1.);
#1880 = DIRECTION('',(-1.,0.,0.));
#1881 = ORIENTED_EDGE('',*,*,#1882,.F.);
#1882 = EDGE_CURVE('',#1883,#1875,#1885,.T.);
#1883 = VERTEX_POINT('',#1884);
#1884 = CARTESIAN_POINT('',(4.734,2.6375E-02,0.));
#1885 = LINE('',#1886,#1887);
#1886 = CARTESIAN_POINT('',(4.734,2.6375E-02,0.));
#1887 = VECTOR('',#1888,1.);
#1888 = DIRECTION('',(0.,-1.,0.));
#1889 = ORIENTED_EDGE('',*,*,#1890,.F.);
#1890 = EDGE_CURVE('',#1891,#1883,#1893,.T.);
#1891 = VERTEX_POINT('',#1892);
#1892 = CARTESIAN_POINT('',(4.004625,1.2,0.));
#1893 = LINE('',#1894,#1895);
#1894 = CARTESIAN_POINT('',(4.004625,1.2,0.));
#1895 = VECTOR('',#1896,1.);
#1896 = DIRECTION('',(0.527842417425,-0.849342323428,0.));
#1897 = ORIENTED_EDGE('',*,*,#1898,.F.);
#1898 = EDGE_CURVE('',#1899,#1891,#1901,.T.);
#1899 = VERTEX_POINT('',#1900);
#1900 = CARTESIAN_POINT('',(4.446125,1.458375,0.));
#1901 = B_SPLINE_CURVE_WITH_KNOTS('',2,(#1902,#1903,#1904),
  .UNSPECIFIED.,.F.,.F.,(3,3),(0.,1.),.PIECEWISE_BEZIER_KNOTS.);
#1902 = CARTESIAN_POINT('',(4.446125,1.458375,0.));
#1903 = CARTESIAN_POINT('',(4.27275,1.250375,0.));
#1904 = CARTESIAN_POINT('',(4.004625,1.2,0.));
#1905 = ORIENTED_EDGE('',*,*,#1906,.F.);
#1906 = EDGE_CURVE('',#1907,#1899,#1909,.T.);
#1907 = VERTEX_POINT('',#1908);
#1908 = CARTESIAN_POINT('',(4.619625,1.944375,0.));
#1909 = B_SPLINE_CURVE_WITH_KNOTS('',2,(#1910,#1911,#1912),
  .UNSPECIFIED.,.F.,.F.,(3,3),(0.,1.),.PIECEWISE_BEZIER_KNOTS.);
#1910 = CARTESIAN_POINT('',(4.619625,1.944375,0.));
#1911 = CARTESIAN_POINT('',(4.619625,1.666375,0.));
#1912 = CARTESIAN_POINT('',(4.446125,1.458375,0.));
#1913 = ORIENTED_EDGE('',*,*,#1914,.F.);
#1914 = EDGE_CURVE('',#1915,#1907,#1917,.T.);
#1915 = VERTEX_POINT('',#1916);
#1916 = CARTESIAN_POINT('',(4.37675,2.517125,0.));
#1917 = B_SPLINE_CURVE_WITH_KNOTS('',2,(#1918,#1919,#1920),
  .UNSPECIFIED.,.F.,.F.,(3,3),(0.,1.),.PIECEWISE_BEZIER_KNOTS.);
#1918 = CARTESIAN_POINT('',(4.37675,2.517125,0.));
#1919 = CARTESIAN_POINT('',(4.619625,2.306375,0.));
#1920 = CARTESIAN_POINT('',(4.619625,1.944375,0.));
#1921 = ORIENTED_EDGE('',*,*,#1922,.F.);
#1922 = EDGE_CURVE('',#1923,#1915,#1925,.T.);
#1923 = VERTEX_POINT('',#1924);
#1924 = CARTESIAN_POINT('',(3.723375,2.728,0.));
#1925 = B_SPLINE_CURVE_WITH_KNOTS('',2,(#1926,#1927,#1928),
  .UNSPECIFIED.,.F.,.F.,(3,3),(0.,1.),.PIECEWISE_BEZIER_KNOTS.);
#1926 = CARTESIAN_POINT('',(3.723375,2.728,0.));
#1927 = CARTESIAN_POINT('',(4.134,2.728,0.));
#1928 = CARTESIAN_POINT('',(4.37675,2.517125,0.));
#1929 = ORIENTED_EDGE('',*,*,#1930,.F.);
#1930 = EDGE_CURVE('',#1931,#1923,#1933,.T.);
#1931 = VERTEX_POINT('',#1932);
#1932 = CARTESIAN_POINT('',(2.853375,2.728,0.));
#1933 = LINE('',#1934,#1935);
#1934 = CARTESIAN_POINT('',(2.853375,2.728,0.));
#1935 = VECTOR('',#1936,1.);
#1936 = DIRECTION('',(1.,0.,0.));
#1937 = ORIENTED_EDGE('',*,*,#1938,.F.);
#1938 = EDGE_CURVE('',#1939,#1931,#1941,.T.);
#1939 = VERTEX_POINT('',#1940);
#1940 = CARTESIAN_POINT('',(2.853375,0.,0.));
#1941 = LINE('',#1942,#1943);
#1942 = CARTESIAN_POINT('',(2.853375,0.,0.));
#1943 = VECTOR('',#1944,1.);
#1944 = DIRECTION('',(0.,1.,0.));
#1945 = ORIENTED_EDGE('',*,*,#1946,.F.);
#1946 = EDGE_CURVE('',#1947,#1939,#1949,.T.);
#1947 = VERTEX_POINT('',#1948);
#1948 = CARTESIAN_POINT('',(2.954625,0.,0.));
#1949 = LINE('',#1950,#1951);
#1950 = CARTESIAN_POINT('',(2.954625,0.,0.));
#1951 = VECTOR('',#1952,1.);
#1952 = DIRECTION('',(-1.,0.,0.));
#1953 = ORIENTED_EDGE('',*,*,#1954,.F.);
#1954 = EDGE_CURVE('',#1859,#1947,#1955,.T.);
#1955 = LINE('',#1956,#1957);
#1956 = CARTESIAN_POINT('',(2.954625,1.17075,0.));
#1957 = VECTOR('',#1958,1.);
#1958 = DIRECTION('',(0.,-1.,0.));
#1959 = FACE_BOUND('',#1960,.T.);
#1960 = EDGE_LOOP('',(#1961,#1971,#1979,#1987,#1995,#2003,#2011));
#1961 = ORIENTED_EDGE('',*,*,#1962,.F.);
#1962 = EDGE_CURVE('',#1963,#1965,#1967,.T.);
#1963 = VERTEX_POINT('',#1964);
#1964 = CARTESIAN_POINT('',(2.954625,1.272,0.));
#1965 = VERTEX_POINT('',#1966);
#1966 = CARTESIAN_POINT('',(3.81525,1.272,0.));
#1967 = LINE('',#1968,#1969);
#1968 = CARTESIAN_POINT('',(2.954625,1.272,0.));
#1969 = VECTOR('',#1970,1.);
#1970 = DIRECTION('',(1.,0.,0.));
#1971 = ORIENTED_EDGE('',*,*,#1972,.F.);
#1972 = EDGE_CURVE('',#1973,#1963,#1975,.T.);
#1973 = VERTEX_POINT('',#1974);
#1974 = CARTESIAN_POINT('',(2.954625,2.62675,0.));
#1975 = LINE('',#1976,#1977);
#1976 = CARTESIAN_POINT('',(2.954625,2.62675,0.));
#1977 = VECTOR('',#1978,1.);
#1978 = DIRECTION('',(0.,-1.,0.));
#1979 = ORIENTED_EDGE('',*,*,#1980,.F.);
#1980 = EDGE_CURVE('',#1981,#1973,#1983,.T.);
#1981 = VERTEX_POINT('',#1982);
#1982 = CARTESIAN_POINT('',(3.715875,2.62675,0.));
#1983 = LINE('',#1984,#1985);
#1984 = CARTESIAN_POINT('',(3.715875,2.62675,0.));
#1985 = VECTOR('',#1986,1.);
#1986 = DIRECTION('',(-1.,0.,0.));
#1987 = ORIENTED_EDGE('',*,*,#1988,.F.);
#1988 = EDGE_CURVE('',#1989,#1981,#1991,.T.);
#1989 = VERTEX_POINT('',#1990);
#1990 = CARTESIAN_POINT('',(4.303625,2.443625,0.));
#1991 = B_SPLINE_CURVE_WITH_KNOTS('',2,(#1992,#1993,#1994),
  .UNSPECIFIED.,.F.,.F.,(3,3),(0.,1.),.PIECEWISE_BEZIER_KNOTS.);
#1992 = CARTESIAN_POINT('',(4.303625,2.443625,0.));
#1993 = CARTESIAN_POINT('',(4.089,2.62675,0.));
#1994 = CARTESIAN_POINT('',(3.715875,2.62675,0.));
#1995 = ORIENTED_EDGE('',*,*,#1996,.F.);
#1996 = EDGE_CURVE('',#1997,#1989,#1999,.T.);
#1997 = VERTEX_POINT('',#1998);
#1998 = CARTESIAN_POINT('',(4.518375,1.942875,0.));
#1999 = B_SPLINE_CURVE_WITH_KNOTS('',2,(#2000,#2001,#2002),
  .UNSPECIFIED.,.F.,.F.,(3,3),(0.,1.),.PIECEWISE_BEZIER_KNOTS.);
#2000 = CARTESIAN_POINT('',(4.518375,1.942875,0.));
#2001 = CARTESIAN_POINT('',(4.518375,2.2605,0.));
#2002 = CARTESIAN_POINT('',(4.303625,2.443625,0.));
#2003 = ORIENTED_EDGE('',*,*,#2004,.F.);
#2004 = EDGE_CURVE('',#2005,#1997,#2007,.T.);
#2005 = VERTEX_POINT('',#2006);
#2006 = CARTESIAN_POINT('',(4.32425,1.462625,0.));
#2007 = B_SPLINE_CURVE_WITH_KNOTS('',2,(#2008,#2009,#2010),
  .UNSPECIFIED.,.F.,.F.,(3,3),(0.,1.),.PIECEWISE_BEZIER_KNOTS.);
#2008 = CARTESIAN_POINT('',(4.32425,1.462625,0.));
#2009 = CARTESIAN_POINT('',(4.518375,1.65325,0.));
#2010 = CARTESIAN_POINT('',(4.518375,1.942875,0.));
#2011 = ORIENTED_EDGE('',*,*,#2012,.F.);
#2012 = EDGE_CURVE('',#1965,#2005,#2013,.T.);
#2013 = B_SPLINE_CURVE_WITH_KNOTS('',2,(#2014,#2015,#2016),
  .UNSPECIFIED.,.F.,.F.,(3,3),(0.,1.),.PIECEWISE_BEZIER_KNOTS.);
#2014 = CARTESIAN_POINT('',(3.81525,1.272,0.));
#2015 = CARTESIAN_POINT('',(4.13025,1.272,0.));
#2016 = CARTESIAN_POINT('',(4.32425,1.462625,0.));
#2017 = PLANE('',#2018);
#2018 = AXIS2_PLACEMENT_3D('',#2019,#2020,#2021);
#2019 = CARTESIAN_POINT('',(3.646385664442,1.506323026147,0.));
#2020 = DIRECTION('',(0.,0.,1.));
#2021 = DIRECTION('',(1.,0.,-0.));
#2022 = SHELL_BASED_SURFACE_MODEL('',(#2023));
#2023 = OPEN_SHELL('',(#2024));
#2024 = ADVANCED_FACE('',(#2025),#2195,.T.);
#2025 = FACE_BOUND('',#2026,.T.);
#2026 = EDGE_LOOP('',(#2027,#2037,#2045,#2053,#2061,#2069,#2077,#2085,
    #2093,#2101,#2109,#2117,#2125,#2133,#2141,#2149,#2157,#2165,#2173,
    #2181,#2189));
#2027 = ORIENTED_EDGE('',*,*,#2028,.F.);
#2028 = EDGE_CURVE('',#2029,#2031,#2033,.T.);
#2029 = VERTEX_POINT('',#2030);
#2030 = CARTESIAN_POINT('',(6.921,0.,0.));
#2031 = VERTEX_POINT('',#2032);
#2032 = CARTESIAN_POINT('',(5.287875,0.,0.));
#2033 = LINE('',#2034,#2035);
#2034 = CARTESIAN_POINT('',(6.921,0.,0.));
#2035 = VECTOR('',#2036,1.);
#2036 = DIRECTION('',(-1.,0.,0.));
#2037 = ORIENTED_EDGE('',*,*,#2038,.F.);
#2038 = EDGE_CURVE('',#2039,#2029,#2041,.T.);
#2039 = VERTEX_POINT('',#2040);
#2040 = CARTESIAN_POINT('',(6.921,0.10125,0.));
#2041 = LINE('',#2042,#2043);
#2042 = CARTESIAN_POINT('',(6.921,0.10125,0.));
#2043 = VECTOR('',#2044,1.);
#2044 = DIRECTION('',(0.,-1.,0.));
#2045 = ORIENTED_EDGE('',*,*,#2046,.F.);
#2046 = EDGE_CURVE('',#2047,#2039,#2049,.T.);
#2047 = VERTEX_POINT('',#2048);
#2048 = CARTESIAN_POINT('',(5.421,0.10125,0.));
#2049 = LINE('',#2050,#2051);
#2050 = CARTESIAN_POINT('',(5.421,0.10125,0.));
#2051 = VECTOR('',#2052,1.);
#2052 = DIRECTION('',(1.,0.,0.));
#2053 = ORIENTED_EDGE('',*,*,#2054,.F.);
#2054 = EDGE_CURVE('',#2055,#2047,#2057,.T.);
#2055 = VERTEX_POINT('',#2056);
#2056 = CARTESIAN_POINT('',(6.246,1.063375,0.));
#2057 = LINE('',#2058,#2059);
#2058 = CARTESIAN_POINT('',(6.246,1.063375,0.));
#2059 = VECTOR('',#2060,1.);
#2060 = DIRECTION('',(-0.650937561271,-0.759131274107,0.));
#2061 = ORIENTED_EDGE('',*,*,#2062,.F.);
#2062 = EDGE_CURVE('',#2063,#2055,#2065,.T.);
#2063 = VERTEX_POINT('',#2064);
#2064 = CARTESIAN_POINT('',(6.416625,1.2715,0.));
#2065 = LINE('',#2066,#2067);
#2066 = CARTESIAN_POINT('',(6.416625,1.2715,0.));
#2067 = VECTOR('',#2068,1.);
#2068 = DIRECTION('',(-0.633996267235,-0.773336106187,0.));
#2069 = ORIENTED_EDGE('',*,*,#2070,.F.);
#2070 = EDGE_CURVE('',#2071,#2063,#2073,.T.);
#2071 = VERTEX_POINT('',#2072);
#2072 = CARTESIAN_POINT('',(6.77475,2.03475,0.));
#2073 = B_SPLINE_CURVE_WITH_KNOTS('',2,(#2074,#2075,#2076),
  .UNSPECIFIED.,.F.,.F.,(3,3),(0.,1.),.PIECEWISE_BEZIER_KNOTS.);
#2074 = CARTESIAN_POINT('',(6.77475,2.03475,0.));
#2075 = CARTESIAN_POINT('',(6.77475,1.716,0.));
#2076 = CARTESIAN_POINT('',(6.416625,1.2715,0.));
#2077 = ORIENTED_EDGE('',*,*,#2078,.F.);
#2078 = EDGE_CURVE('',#2079,#2071,#2081,.T.);
#2079 = VERTEX_POINT('',#2080);
#2080 = CARTESIAN_POINT('',(6.57225,2.57475,0.));
#2081 = B_SPLINE_CURVE_WITH_KNOTS('',2,(#2082,#2083,#2084),
  .UNSPECIFIED.,.F.,.F.,(3,3),(0.,1.),.PIECEWISE_BEZIER_KNOTS.);
#2082 = CARTESIAN_POINT('',(6.57225,2.57475,0.));
#2083 = CARTESIAN_POINT('',(6.77475,2.381625,0.));
#2084 = CARTESIAN_POINT('',(6.77475,2.03475,0.));
#2085 = ORIENTED_EDGE('',*,*,#2086,.F.);
#2086 = EDGE_CURVE('',#2087,#2079,#2089,.T.);
#2087 = VERTEX_POINT('',#2088);
#2088 = CARTESIAN_POINT('',(6.006,2.768,0.));
#2089 = B_SPLINE_CURVE_WITH_KNOTS('',2,(#2090,#2091,#2092),
  .UNSPECIFIED.,.F.,.F.,(3,3),(0.,1.),.PIECEWISE_BEZIER_KNOTS.);
#2090 = CARTESIAN_POINT('',(6.006,2.768,0.));
#2091 = CARTESIAN_POINT('',(6.36975,2.768,0.));
#2092 = CARTESIAN_POINT('',(6.57225,2.57475,0.));
#2093 = ORIENTED_EDGE('',*,*,#2094,.F.);
#2094 = EDGE_CURVE('',#2095,#2087,#2097,.T.);
#2095 = VERTEX_POINT('',#2096);
#2096 = CARTESIAN_POINT('',(5.602875,2.661125,0.));
#2097 = B_SPLINE_CURVE_WITH_KNOTS('',2,(#2098,#2099,#2100),
  .UNSPECIFIED.,.F.,.F.,(3,3),(0.,1.),.PIECEWISE_BEZIER_KNOTS.);
#2098 = CARTESIAN_POINT('',(5.602875,2.661125,0.));
#2099 = CARTESIAN_POINT('',(5.782875,2.768,0.));
#2100 = CARTESIAN_POINT('',(6.006,2.768,0.));
#2101 = ORIENTED_EDGE('',*,*,#2102,.F.);
#2102 = EDGE_CURVE('',#2103,#2095,#2105,.T.);
#2103 = VERTEX_POINT('',#2104);
#2104 = CARTESIAN_POINT('',(5.321625,2.366625,0.));
#2105 = B_SPLINE_CURVE_WITH_KNOTS('',2,(#2106,#2107,#2108),
  .UNSPECIFIED.,.F.,.F.,(3,3),(0.,1.),.PIECEWISE_BEZIER_KNOTS.);
#2106 = CARTESIAN_POINT('',(5.321625,2.366625,0.));
#2107 = CARTESIAN_POINT('',(5.422875,2.55425,0.));
#2108 = CARTESIAN_POINT('',(5.602875,2.661125,0.));
#2109 = ORIENTED_EDGE('',*,*,#2110,.F.);
#2110 = EDGE_CURVE('',#2111,#2103,#2113,.T.);
#2111 = VERTEX_POINT('',#2112);
#2112 = CARTESIAN_POINT('',(5.220375,1.95975,0.));
#2113 = B_SPLINE_CURVE_WITH_KNOTS('',2,(#2114,#2115,#2116),
  .UNSPECIFIED.,.F.,.F.,(3,3),(0.,1.),.PIECEWISE_BEZIER_KNOTS.);
#2114 = CARTESIAN_POINT('',(5.220375,1.95975,0.));
#2115 = CARTESIAN_POINT('',(5.220375,2.179125,0.));
#2116 = CARTESIAN_POINT('',(5.321625,2.366625,0.));
#2117 = ORIENTED_EDGE('',*,*,#2118,.F.);
#2118 = EDGE_CURVE('',#2119,#2111,#2121,.T.);
#2119 = VERTEX_POINT('',#2120);
#2120 = CARTESIAN_POINT('',(5.321625,1.95975,0.));
#2121 = LINE('',#2122,#2123);
#2122 = CARTESIAN_POINT('',(5.321625,1.95975,0.));
#2123 = VECTOR('',#2124,1.);
#2124 = DIRECTION('',(-1.,0.,0.));
#2125 = ORIENTED_EDGE('',*,*,#2126,.F.);
#2126 = EDGE_CURVE('',#2127,#2119,#2129,.T.);
#2127 = VERTEX_POINT('',#2128);
#2128 = CARTESIAN_POINT('',(5.410625,2.32075,0.));
#2129 = B_SPLINE_CURVE_WITH_KNOTS('',2,(#2130,#2131,#2132),
  .UNSPECIFIED.,.F.,.F.,(3,3),(0.,1.),.PIECEWISE_BEZIER_KNOTS.);
#2130 = CARTESIAN_POINT('',(5.410625,2.32075,0.));
#2131 = CARTESIAN_POINT('',(5.321625,2.1585,0.));
#2132 = CARTESIAN_POINT('',(5.321625,1.95975,0.));
#2133 = ORIENTED_EDGE('',*,*,#2134,.F.);
#2134 = EDGE_CURVE('',#2135,#2127,#2137,.T.);
#2135 = VERTEX_POINT('',#2136);
#2136 = CARTESIAN_POINT('',(5.65725,2.574875,0.));
#2137 = B_SPLINE_CURVE_WITH_KNOTS('',2,(#2138,#2139,#2140),
  .UNSPECIFIED.,.F.,.F.,(3,3),(0.,1.),.PIECEWISE_BEZIER_KNOTS.);
#2138 = CARTESIAN_POINT('',(5.65725,2.574875,0.));
#2139 = CARTESIAN_POINT('',(5.49975,2.483,0.));
#2140 = CARTESIAN_POINT('',(5.410625,2.32075,0.));
#2141 = ORIENTED_EDGE('',*,*,#2142,.F.);
#2142 = EDGE_CURVE('',#2143,#2135,#2145,.T.);
#2143 = VERTEX_POINT('',#2144);
#2144 = CARTESIAN_POINT('',(6.006,2.66675,0.));
#2145 = B_SPLINE_CURVE_WITH_KNOTS('',2,(#2146,#2147,#2148),
  .UNSPECIFIED.,.F.,.F.,(3,3),(0.,1.),.PIECEWISE_BEZIER_KNOTS.);
#2146 = CARTESIAN_POINT('',(6.006,2.66675,0.));
#2147 = CARTESIAN_POINT('',(5.81475,2.66675,0.));
#2148 = CARTESIAN_POINT('',(5.65725,2.574875,0.));
#2149 = ORIENTED_EDGE('',*,*,#2150,.F.);
#2150 = EDGE_CURVE('',#2151,#2143,#2153,.T.);
#2151 = VERTEX_POINT('',#2152);
#2152 = CARTESIAN_POINT('',(6.49725,2.50075,0.));
#2153 = B_SPLINE_CURVE_WITH_KNOTS('',2,(#2154,#2155,#2156),
  .UNSPECIFIED.,.F.,.F.,(3,3),(0.,1.),.PIECEWISE_BEZIER_KNOTS.);
#2154 = CARTESIAN_POINT('',(6.49725,2.50075,0.));
#2155 = CARTESIAN_POINT('',(6.322875,2.66675,0.));
#2156 = CARTESIAN_POINT('',(6.006,2.66675,0.));
#2157 = ORIENTED_EDGE('',*,*,#2158,.F.);
#2158 = EDGE_CURVE('',#2159,#2151,#2161,.T.);
#2159 = VERTEX_POINT('',#2160);
#2160 = CARTESIAN_POINT('',(6.671625,2.03475,0.));
#2161 = B_SPLINE_CURVE_WITH_KNOTS('',2,(#2162,#2163,#2164),
  .UNSPECIFIED.,.F.,.F.,(3,3),(0.,1.),.PIECEWISE_BEZIER_KNOTS.);
#2162 = CARTESIAN_POINT('',(6.671625,2.03475,0.));
#2163 = CARTESIAN_POINT('',(6.671625,2.33475,0.));
#2164 = CARTESIAN_POINT('',(6.49725,2.50075,0.));
#2165 = ORIENTED_EDGE('',*,*,#2166,.F.);
#2166 = EDGE_CURVE('',#2167,#2159,#2169,.T.);
#2167 = VERTEX_POINT('',#2168);
#2168 = CARTESIAN_POINT('',(6.56,1.652125,0.));
#2169 = B_SPLINE_CURVE_WITH_KNOTS('',2,(#2170,#2171,#2172),
  .UNSPECIFIED.,.F.,.F.,(3,3),(0.,1.),.PIECEWISE_BEZIER_KNOTS.);
#2170 = CARTESIAN_POINT('',(6.56,1.652125,0.));
#2171 = CARTESIAN_POINT('',(6.671625,1.860375,0.));
#2172 = CARTESIAN_POINT('',(6.671625,2.03475,0.));
#2173 = ORIENTED_EDGE('',*,*,#2174,.F.);
#2174 = EDGE_CURVE('',#2175,#2167,#2177,.T.);
#2175 = VERTEX_POINT('',#2176);
#2176 = CARTESIAN_POINT('',(6.21975,1.175875,0.));
#2177 = B_SPLINE_CURVE_WITH_KNOTS('',2,(#2178,#2179,#2180),
  .UNSPECIFIED.,.F.,.F.,(3,3),(0.,1.),.PIECEWISE_BEZIER_KNOTS.);
#2178 = CARTESIAN_POINT('',(6.21975,1.175875,0.));
#2179 = CARTESIAN_POINT('',(6.4485,1.444,0.));
#2180 = CARTESIAN_POINT('',(6.56,1.652125,0.));
#2181 = ORIENTED_EDGE('',*,*,#2182,.F.);
#2182 = EDGE_CURVE('',#2183,#2175,#2185,.T.);
#2183 = VERTEX_POINT('',#2184);
#2184 = CARTESIAN_POINT('',(5.287875,0.10125,0.));
#2185 = LINE('',#2186,#2187);
#2186 = CARTESIAN_POINT('',(5.287875,0.10125,0.));
#2187 = VECTOR('',#2188,1.);
#2188 = DIRECTION('',(0.655144635735,0.75550347866,0.));
#2189 = ORIENTED_EDGE('',*,*,#2190,.F.);
#2190 = EDGE_CURVE('',#2031,#2183,#2191,.T.);
#2191 = LINE('',#2192,#2193);
#2192 = CARTESIAN_POINT('',(5.287875,0.,0.));
#2193 = VECTOR('',#2194,1.);
#2194 = DIRECTION('',(0.,1.,0.));
#2195 = PLANE('',#2196);
#2196 = AXIS2_PLACEMENT_3D('',#2197,#2198,#2199);
#2197 = CARTESIAN_POINT('',(6.067701926909,1.292399989198,0.));
#2198 = DIRECTION('',(0.,0.,1.));
#2199 = DIRECTION('',(1.,0.,-0.));
#2200 = SHELL_BASED_SURFACE_MODEL('',(#2201));
#2201 = OPEN_SHELL('',(#2202));
#2202 = ADVANCED_FACE('',(#2203,#2293),#2327,.T.);
#2203 = FACE_BOUND('',#2204,.T.);
#2204 = EDGE_LOOP('',(#2205,#2215,#2223,#2231,#2239,#2247,#2255,#2263,
    #2271,#2279,#2287));
#2205 = ORIENTED_EDGE('',*,*,#2206,.F.);
#2206 = EDGE_CURVE('',#2207,#2209,#2211,.T.);
#2207 = VERTEX_POINT('',#2208);
#2208 = CARTESIAN_POINT('',(8.684125,0.848,0.));
#2209 = VERTEX_POINT('',#2210);
#2210 = CARTESIAN_POINT('',(9.156625,0.848,0.));
#2211 = LINE('',#2212,#2213);
#2212 = CARTESIAN_POINT('',(8.684125,0.848,0.));
#2213 = VECTOR('',#2214,1.);
#2214 = DIRECTION('',(1.,0.,0.));
#2215 = ORIENTED_EDGE('',*,*,#2216,.F.);
#2216 = EDGE_CURVE('',#2217,#2207,#2219,.T.);
#2217 = VERTEX_POINT('',#2218);
#2218 = CARTESIAN_POINT('',(8.684125,2.728,0.));
#2219 = LINE('',#2220,#2221);
#2220 = CARTESIAN_POINT('',(8.684125,2.728,0.));
#2221 = VECTOR('',#2222,1.);
#2222 = DIRECTION('',(0.,-1.,0.));
#2223 = ORIENTED_EDGE('',*,*,#2224,.F.);
#2224 = EDGE_CURVE('',#2225,#2217,#2227,.T.);
#2225 = VERTEX_POINT('',#2226);
#2226 = CARTESIAN_POINT('',(8.56225,2.728,0.));
#2227 = LINE('',#2228,#2229);
#2228 = CARTESIAN_POINT('',(8.56225,2.728,0.));
#2229 = VECTOR('',#2230,1.);
#2230 = DIRECTION('',(1.,0.,0.));
#2231 = ORIENTED_EDGE('',*,*,#2232,.F.);
#2232 = EDGE_CURVE('',#2233,#2225,#2235,.T.);
#2233 = VERTEX_POINT('',#2234);
#2234 = CARTESIAN_POINT('',(7.259125,0.803,0.));
#2235 = LINE('',#2236,#2237);
#2236 = CARTESIAN_POINT('',(7.259125,0.803,0.));
#2237 = VECTOR('',#2238,1.);
#2238 = DIRECTION('',(0.560580594696,0.828099871302,0.));
#2239 = ORIENTED_EDGE('',*,*,#2240,.F.);
#2240 = EDGE_CURVE('',#2241,#2233,#2243,.T.);
#2241 = VERTEX_POINT('',#2242);
#2242 = CARTESIAN_POINT('',(7.259125,0.74675,0.));
#2243 = LINE('',#2244,#2245);
#2244 = CARTESIAN_POINT('',(7.259125,0.74675,0.));
#2245 = VECTOR('',#2246,1.);
#2246 = DIRECTION('',(0.,1.,0.));
#2247 = ORIENTED_EDGE('',*,*,#2248,.F.);
#2248 = EDGE_CURVE('',#2249,#2241,#2251,.T.);
#2249 = VERTEX_POINT('',#2250);
#2250 = CARTESIAN_POINT('',(8.582875,0.74675,0.));
#2251 = LINE('',#2252,#2253);
#2252 = CARTESIAN_POINT('',(8.582875,0.74675,0.));
#2253 = VECTOR('',#2254,1.);
#2254 = DIRECTION('',(-1.,0.,0.));
#2255 = ORIENTED_EDGE('',*,*,#2256,.F.);
#2256 = EDGE_CURVE('',#2257,#2249,#2259,.T.);
#2257 = VERTEX_POINT('',#2258);
#2258 = CARTESIAN_POINT('',(8.582875,0.,0.));
#2259 = LINE('',#2260,#2261);
#2260 = CARTESIAN_POINT('',(8.582875,0.,0.));
#2261 = VECTOR('',#2262,1.);
#2262 = DIRECTION('',(0.,1.,0.));
#2263 = ORIENTED_EDGE('',*,*,#2264,.F.);
#2264 = EDGE_CURVE('',#2265,#2257,#2267,.T.);
#2265 = VERTEX_POINT('',#2266);
#2266 = CARTESIAN_POINT('',(8.684125,0.,0.));
#2267 = LINE('',#2268,#2269);
#2268 = CARTESIAN_POINT('',(8.684125,0.,0.));
#2269 = VECTOR('',#2270,1.);
#2270 = DIRECTION('',(-1.,0.,0.));
#2271 = ORIENTED_EDGE('',*,*,#2272,.F.);
#2272 = EDGE_CURVE('',#2273,#2265,#2275,.T.);
#2273 = VERTEX_POINT('',#2274);
#2274 = CARTESIAN_POINT('',(8.684125,0.74675,0.));
#2275 = LINE('',#2276,#2277);
#2276 = CARTESIAN_POINT('',(8.684125,0.74675,0.));
#2277 = VECTOR('',#2278,1.);
#2278 = DIRECTION('',(0.,-1.,0.));
#2279 = ORIENTED_EDGE('',*,*,#2280,.F.);
#2280 = EDGE_CURVE('',#2281,#2273,#2283,.T.);
#2281 = VERTEX_POINT('',#2282);
#2282 = CARTESIAN_POINT('',(9.156625,0.74675,0.));
#2283 = LINE('',#2284,#2285);
#2284 = CARTESIAN_POINT('',(9.156625,0.74675,0.));
#2285 = VECTOR('',#2286,1.);
#2286 = DIRECTION('',(-1.,0.,0.));
#2287 = ORIENTED_EDGE('',*,*,#2288,.F.);
#2288 = EDGE_CURVE('',#2209,#2281,#2289,.T.);
#2289 = LINE('',#2290,#2291);
#2290 = CARTESIAN_POINT('',(9.156625,0.848,0.));
#2291 = VECTOR('',#2292,1.);
#2292 = DIRECTION('',(0.,-1.,0.));
#2293 = FACE_BOUND('',#2294,.T.);
#2294 = EDGE_LOOP('',(#2295,#2305,#2313,#2321));
#2295 = ORIENTED_EDGE('',*,*,#2296,.F.);
#2296 = EDGE_CURVE('',#2297,#2299,#2301,.T.);
#2297 = VERTEX_POINT('',#2298);
#2298 = CARTESIAN_POINT('',(7.416625,0.848,0.));
#2299 = VERTEX_POINT('',#2300);
#2300 = CARTESIAN_POINT('',(8.582875,0.848,0.));
#2301 = LINE('',#2302,#2303);
#2302 = CARTESIAN_POINT('',(7.416625,0.848,0.));
#2303 = VECTOR('',#2304,1.);
#2304 = DIRECTION('',(1.,0.,0.));
#2305 = ORIENTED_EDGE('',*,*,#2306,.F.);
#2306 = EDGE_CURVE('',#2307,#2297,#2309,.T.);
#2307 = VERTEX_POINT('',#2308);
#2308 = CARTESIAN_POINT('',(8.425375,2.348125,0.));
#2309 = LINE('',#2310,#2311);
#2310 = CARTESIAN_POINT('',(8.425375,2.348125,0.));
#2311 = VECTOR('',#2312,1.);
#2312 = DIRECTION('',(-0.558014830301,-0.829830976262,0.));
#2313 = ORIENTED_EDGE('',*,*,#2314,.F.);
#2314 = EDGE_CURVE('',#2315,#2307,#2317,.T.);
#2315 = VERTEX_POINT('',#2316);
#2316 = CARTESIAN_POINT('',(8.582875,2.60625,0.));
#2317 = LINE('',#2318,#2319);
#2318 = CARTESIAN_POINT('',(8.582875,2.60625,0.));
#2319 = VECTOR('',#2320,1.);
#2320 = DIRECTION('',(-0.520864645629,-0.853639280337,0.));
#2321 = ORIENTED_EDGE('',*,*,#2322,.F.);
#2322 = EDGE_CURVE('',#2299,#2315,#2323,.T.);
#2323 = LINE('',#2324,#2325);
#2324 = CARTESIAN_POINT('',(8.582875,0.848,0.));
#2325 = VECTOR('',#2326,1.);
#2326 = DIRECTION('',(0.,1.,0.));
#2327 = PLANE('',#2328);
#2328 = AXIS2_PLACEMENT_3D('',#2329,#2330,#2331);
#2329 = CARTESIAN_POINT('',(8.301862198903,1.336533409727,0.));
#2330 = DIRECTION('',(0.,0.,1.));
#2331 = DIRECTION('',(1.,0.,-0.));
#2332 = SHELL_BASED_SURFACE_MODEL('',(#2333));
#2333 = OPEN_SHELL('',(#2334));
#2334 = ADVANCED_FACE('',(#2335),#2521,.T.);
#2335 = FACE_BOUND('',#2336,.T.);
#2336 = EDGE_LOOP('',(#2337,#2347,#2355,#2363,#2371,#2379,#2387,#2395,
    #2403,#2411,#2419,#2427,#2435,#2443,#2451,#2459,#2467,#2475,#2483,
    #2491,#2499,#2507,#2515));
#2337 = ORIENTED_EDGE('',*,*,#2338,.F.);
#2338 = EDGE_CURVE('',#2339,#2341,#2343,.T.);
#2339 = VERTEX_POINT('',#2340);
#2340 = CARTESIAN_POINT('',(9.64225,1.42375,0.));
#2341 = VERTEX_POINT('',#2342);
#2342 = CARTESIAN_POINT('',(9.76975,2.728,0.));
#2343 = LINE('',#2344,#2345);
#2344 = CARTESIAN_POINT('',(9.64225,1.42375,0.));
#2345 = VECTOR('',#2346,1.);
#2346 = DIRECTION('',(9.729354452979E-02,0.995255729043,0.));
#2347 = ORIENTED_EDGE('',*,*,#2348,.F.);
#2348 = EDGE_CURVE('',#2349,#2339,#2351,.T.);
#2349 = VERTEX_POINT('',#2350);
#2350 = CARTESIAN_POINT('',(9.719125,1.393625,0.));
#2351 = LINE('',#2352,#2353);
#2352 = CARTESIAN_POINT('',(9.719125,1.393625,0.));
#2353 = VECTOR('',#2354,1.);
#2354 = DIRECTION('',(-0.931063974932,0.36485596416,0.));
#2355 = ORIENTED_EDGE('',*,*,#2356,.F.);
#2356 = EDGE_CURVE('',#2357,#2349,#2359,.T.);
#2357 = VERTEX_POINT('',#2358);
#2358 = CARTESIAN_POINT('',(9.981625,1.55825,0.));
#2359 = B_SPLINE_CURVE_WITH_KNOTS('',2,(#2360,#2361,#2362),
  .UNSPECIFIED.,.F.,.F.,(3,3),(0.,1.),.PIECEWISE_BEZIER_KNOTS.);
#2360 = CARTESIAN_POINT('',(9.981625,1.55825,0.));
#2361 = CARTESIAN_POINT('',(9.835375,1.505875,0.));
#2362 = CARTESIAN_POINT('',(9.719125,1.393625,0.));
#2363 = ORIENTED_EDGE('',*,*,#2364,.F.);
#2364 = EDGE_CURVE('',#2365,#2357,#2367,.T.);
#2365 = VERTEX_POINT('',#2366);
#2366 = CARTESIAN_POINT('',(10.32475,1.61075,0.));
#2367 = B_SPLINE_CURVE_WITH_KNOTS('',2,(#2368,#2369,#2370),
  .UNSPECIFIED.,.F.,.F.,(3,3),(0.,1.),.PIECEWISE_BEZIER_KNOTS.);
#2368 = CARTESIAN_POINT('',(10.32475,1.61075,0.));
#2369 = CARTESIAN_POINT('',(10.127875,1.61075,0.));
#2370 = CARTESIAN_POINT('',(9.981625,1.55825,0.));
#2371 = ORIENTED_EDGE('',*,*,#2372,.F.);
#2372 = EDGE_CURVE('',#2373,#2365,#2375,.T.);
#2373 = VERTEX_POINT('',#2374);
#2374 = CARTESIAN_POINT('',(10.835625,1.40675,0.));
#2375 = B_SPLINE_CURVE_WITH_KNOTS('',2,(#2376,#2377,#2378),
  .UNSPECIFIED.,.F.,.F.,(3,3),(0.,1.),.PIECEWISE_BEZIER_KNOTS.);
#2376 = CARTESIAN_POINT('',(10.835625,1.40675,0.));
#2377 = CARTESIAN_POINT('',(10.645375,1.61075,0.));
#2378 = CARTESIAN_POINT('',(10.32475,1.61075,0.));
#2379 = ORIENTED_EDGE('',*,*,#2380,.F.);
#2380 = EDGE_CURVE('',#2381,#2373,#2383,.T.);
#2381 = VERTEX_POINT('',#2382);
#2382 = CARTESIAN_POINT('',(11.026,0.86225,0.));
#2383 = B_SPLINE_CURVE_WITH_KNOTS('',2,(#2384,#2385,#2386),
  .UNSPECIFIED.,.F.,.F.,(3,3),(0.,1.),.PIECEWISE_BEZIER_KNOTS.);
#2384 = CARTESIAN_POINT('',(11.026,0.86225,0.));
#2385 = CARTESIAN_POINT('',(11.026,1.20275,0.));
#2386 = CARTESIAN_POINT('',(10.835625,1.40675,0.));
#2387 = ORIENTED_EDGE('',*,*,#2388,.F.);
#2388 = EDGE_CURVE('',#2389,#2381,#2391,.T.);
#2389 = VERTEX_POINT('',#2390);
#2390 = CARTESIAN_POINT('',(10.861875,0.26425,0.));
#2391 = B_SPLINE_CURVE_WITH_KNOTS('',2,(#2392,#2393,#2394),
  .UNSPECIFIED.,.F.,.F.,(3,3),(0.,1.),.PIECEWISE_BEZIER_KNOTS.);
#2392 = CARTESIAN_POINT('',(10.861875,0.26425,0.));
#2393 = CARTESIAN_POINT('',(11.026,0.467375,0.));
#2394 = CARTESIAN_POINT('',(11.026,0.86225,0.));
#2395 = ORIENTED_EDGE('',*,*,#2396,.F.);
#2396 = EDGE_CURVE('',#2397,#2389,#2399,.T.);
#2397 = VERTEX_POINT('',#2398);
#2398 = CARTESIAN_POINT('',(10.360375,6.125E-02,0.));
#2399 = B_SPLINE_CURVE_WITH_KNOTS('',2,(#2400,#2401,#2402),
  .UNSPECIFIED.,.F.,.F.,(3,3),(0.,1.),.PIECEWISE_BEZIER_KNOTS.);
#2400 = CARTESIAN_POINT('',(10.360375,6.125E-02,0.));
#2401 = CARTESIAN_POINT('',(10.697875,6.125E-02,0.));
#2402 = CARTESIAN_POINT('',(10.861875,0.26425,0.));
#2403 = ORIENTED_EDGE('',*,*,#2404,.F.);
#2404 = EDGE_CURVE('',#2405,#2397,#2407,.T.);
#2405 = VERTEX_POINT('',#2406);
#2406 = CARTESIAN_POINT('',(9.8635,0.22775,0.));
#2407 = B_SPLINE_CURVE_WITH_KNOTS('',2,(#2408,#2409,#2410),
  .UNSPECIFIED.,.F.,.F.,(3,3),(0.,1.),.PIECEWISE_BEZIER_KNOTS.);
#2408 = CARTESIAN_POINT('',(9.8635,0.22775,0.));
#2409 = CARTESIAN_POINT('',(10.0435,6.125E-02,0.));
#2410 = CARTESIAN_POINT('',(10.360375,6.125E-02,0.));
#2411 = ORIENTED_EDGE('',*,*,#2412,.F.);
#2412 = EDGE_CURVE('',#2413,#2405,#2415,.T.);
#2413 = VERTEX_POINT('',#2414);
#2414 = CARTESIAN_POINT('',(9.6535,0.714375,0.));
#2415 = B_SPLINE_CURVE_WITH_KNOTS('',2,(#2416,#2417,#2418),
  .UNSPECIFIED.,.F.,.F.,(3,3),(0.,1.),.PIECEWISE_BEZIER_KNOTS.);
#2416 = CARTESIAN_POINT('',(9.6535,0.714375,0.));
#2417 = CARTESIAN_POINT('',(9.6835,0.394375,0.));
#2418 = CARTESIAN_POINT('',(9.8635,0.22775,0.));
#2419 = ORIENTED_EDGE('',*,*,#2420,.F.);
#2420 = EDGE_CURVE('',#2421,#2413,#2423,.T.);
#2421 = VERTEX_POINT('',#2422);
#2422 = CARTESIAN_POINT('',(9.550375,0.714375,0.));
#2423 = LINE('',#2424,#2425);
#2424 = CARTESIAN_POINT('',(9.550375,0.714375,0.));
#2425 = VECTOR('',#2426,1.);
#2426 = DIRECTION('',(1.,0.,0.));
#2427 = ORIENTED_EDGE('',*,*,#2428,.F.);
#2428 = EDGE_CURVE('',#2429,#2421,#2431,.T.);
#2429 = VERTEX_POINT('',#2430);
#2430 = CARTESIAN_POINT('',(9.794125,0.16025,0.));
#2431 = B_SPLINE_CURVE_WITH_KNOTS('',2,(#2432,#2433,#2434),
  .UNSPECIFIED.,.F.,.F.,(3,3),(0.,1.),.PIECEWISE_BEZIER_KNOTS.);
#2432 = CARTESIAN_POINT('',(9.794125,0.16025,0.));
#2433 = CARTESIAN_POINT('',(9.5785,0.360625,0.));
#2434 = CARTESIAN_POINT('',(9.550375,0.714375,0.));
#2435 = ORIENTED_EDGE('',*,*,#2436,.F.);
#2436 = EDGE_CURVE('',#2437,#2429,#2439,.T.);
#2437 = VERTEX_POINT('',#2438);
#2438 = CARTESIAN_POINT('',(10.360375,-4.E-02,0.));
#2439 = B_SPLINE_CURVE_WITH_KNOTS('',2,(#2440,#2441,#2442),
  .UNSPECIFIED.,.F.,.F.,(3,3),(0.,1.),.PIECEWISE_BEZIER_KNOTS.);
#2440 = CARTESIAN_POINT('',(10.360375,-4.E-02,0.));
#2441 = CARTESIAN_POINT('',(10.00975,-4.E-02,0.));
#2442 = CARTESIAN_POINT('',(9.794125,0.16025,0.));
#2443 = ORIENTED_EDGE('',*,*,#2444,.F.);
#2444 = EDGE_CURVE('',#2445,#2437,#2447,.T.);
#2445 = VERTEX_POINT('',#2446);
#2446 = CARTESIAN_POINT('',(10.930375,0.191125,0.));
#2447 = B_SPLINE_CURVE_WITH_KNOTS('',2,(#2448,#2449,#2450),
  .UNSPECIFIED.,.F.,.F.,(3,3),(0.,1.),.PIECEWISE_BEZIER_KNOTS.);
#2448 = CARTESIAN_POINT('',(10.930375,0.191125,0.));
#2449 = CARTESIAN_POINT('',(10.731625,-4.E-02,0.));
#2450 = CARTESIAN_POINT('',(10.360375,-4.E-02,0.));
#2451 = ORIENTED_EDGE('',*,*,#2452,.F.);
#2452 = EDGE_CURVE('',#2453,#2445,#2455,.T.);
#2453 = VERTEX_POINT('',#2454);
#2454 = CARTESIAN_POINT('',(11.129125,0.866,0.));
#2455 = B_SPLINE_CURVE_WITH_KNOTS('',2,(#2456,#2457,#2458),
  .UNSPECIFIED.,.F.,.F.,(3,3),(0.,1.),.PIECEWISE_BEZIER_KNOTS.);
#2456 = CARTESIAN_POINT('',(11.129125,0.866,0.));
#2457 = CARTESIAN_POINT('',(11.129125,0.422375,0.));
#2458 = CARTESIAN_POINT('',(10.930375,0.191125,0.));
#2459 = ORIENTED_EDGE('',*,*,#2460,.F.);
#2460 = EDGE_CURVE('',#2461,#2453,#2463,.T.);
#2461 = VERTEX_POINT('',#2462);
#2462 = CARTESIAN_POINT('',(10.90975,1.479875,0.));
#2463 = B_SPLINE_CURVE_WITH_KNOTS('',2,(#2464,#2465,#2466),
  .UNSPECIFIED.,.F.,.F.,(3,3),(0.,1.),.PIECEWISE_BEZIER_KNOTS.);
#2464 = CARTESIAN_POINT('',(10.90975,1.479875,0.));
#2465 = CARTESIAN_POINT('',(11.129125,1.24775,0.));
#2466 = CARTESIAN_POINT('',(11.129125,0.866,0.));
#2467 = ORIENTED_EDGE('',*,*,#2468,.F.);
#2468 = EDGE_CURVE('',#2469,#2461,#2471,.T.);
#2469 = VERTEX_POINT('',#2470);
#2470 = CARTESIAN_POINT('',(10.322875,1.712,0.));
#2471 = B_SPLINE_CURVE_WITH_KNOTS('',2,(#2472,#2473,#2474),
  .UNSPECIFIED.,.F.,.F.,(3,3),(0.,1.),.PIECEWISE_BEZIER_KNOTS.);
#2472 = CARTESIAN_POINT('',(10.322875,1.712,0.));
#2473 = CARTESIAN_POINT('',(10.690375,1.712,0.));
#2474 = CARTESIAN_POINT('',(10.90975,1.479875,0.));
#2475 = ORIENTED_EDGE('',*,*,#2476,.F.);
#2476 = EDGE_CURVE('',#2477,#2469,#2479,.T.);
#2477 = VERTEX_POINT('',#2478);
#2478 = CARTESIAN_POINT('',(10.00875,1.661375,0.));
#2479 = B_SPLINE_CURVE_WITH_KNOTS('',2,(#2480,#2481,#2482),
  .UNSPECIFIED.,.F.,.F.,(3,3),(0.,1.),.PIECEWISE_BEZIER_KNOTS.);
#2480 = CARTESIAN_POINT('',(10.00875,1.661375,0.));
#2481 = CARTESIAN_POINT('',(10.169125,1.712,0.));
#2482 = CARTESIAN_POINT('',(10.322875,1.712,0.));
#2483 = ORIENTED_EDGE('',*,*,#2484,.F.);
#2484 = EDGE_CURVE('',#2485,#2477,#2487,.T.);
#2485 = VERTEX_POINT('',#2486);
#2486 = CARTESIAN_POINT('',(9.751,1.530375,0.));
#2487 = B_SPLINE_CURVE_WITH_KNOTS('',2,(#2488,#2489,#2490),
  .UNSPECIFIED.,.F.,.F.,(3,3),(0.,1.),.PIECEWISE_BEZIER_KNOTS.);
#2488 = CARTESIAN_POINT('',(9.751,1.530375,0.));
#2489 = CARTESIAN_POINT('',(9.8485,1.610875,0.));
#2490 = CARTESIAN_POINT('',(10.00875,1.661375,0.));
#2491 = ORIENTED_EDGE('',*,*,#2492,.F.);
#2492 = EDGE_CURVE('',#2493,#2485,#2495,.T.);
#2493 = VERTEX_POINT('',#2494);
#2494 = CARTESIAN_POINT('',(9.861625,2.628625,0.));
#2495 = LINE('',#2496,#2497);
#2496 = CARTESIAN_POINT('',(9.861625,2.628625,0.));
#2497 = VECTOR('',#2498,1.);
#2498 = DIRECTION('',(-0.100221281332,-0.994965172641,0.));
#2499 = ORIENTED_EDGE('',*,*,#2500,.F.);
#2500 = EDGE_CURVE('',#2501,#2493,#2503,.T.);
#2501 = VERTEX_POINT('',#2502);
#2502 = CARTESIAN_POINT('',(11.101,2.628625,0.));
#2503 = LINE('',#2504,#2505);
#2504 = CARTESIAN_POINT('',(11.101,2.628625,0.));
#2505 = VECTOR('',#2506,1.);
#2506 = DIRECTION('',(-1.,0.,0.));
#2507 = ORIENTED_EDGE('',*,*,#2508,.F.);
#2508 = EDGE_CURVE('',#2509,#2501,#2511,.T.);
#2509 = VERTEX_POINT('',#2510);
#2510 = CARTESIAN_POINT('',(11.101,2.728,0.));
#2511 = LINE('',#2512,#2513);
#2512 = CARTESIAN_POINT('',(11.101,2.728,0.));
#2513 = VECTOR('',#2514,1.);
#2514 = DIRECTION('',(0.,-1.,0.));
#2515 = ORIENTED_EDGE('',*,*,#2516,.F.);
#2516 = EDGE_CURVE('',#2341,#2509,#2517,.T.);
#2517 = LINE('',#2518,#2519);
#2518 = CARTESIAN_POINT('',(9.76975,2.728,0.));
#2519 = VECTOR('',#2520,1.);
#2520 = DIRECTION('',(1.,0.,0.));
#2521 = PLANE('',#2522);
#2522 = AXIS2_PLACEMENT_3D('',#2523,#2524,#2525);
#2523 = CARTESIAN_POINT('',(10.325640190467,1.386334369557,0.));
#2524 = DIRECTION('',(0.,0.,1.));
#2525 = DIRECTION('',(1.,0.,-0.));
#2526 = SHELL_BASED_SURFACE_MODEL('',(#2527));
#2527 = OPEN_SHELL('',(#2528));
#2528 = ADVANCED_FACE('',(#2529,#2611),#2693,.T.);
#2529 = FACE_BOUND('',#2530,.T.);
#2530 = EDGE_LOOP('',(#2531,#2541,#2549,#2557,#2565,#2573,#2581,#2589,
    #2597,#2605));
#2531 = ORIENTED_EDGE('',*,*,#2532,.F.);
#2532 = EDGE_CURVE('',#2533,#2535,#2537,.T.);
#2533 = VERTEX_POINT('',#2534);
#2534 = CARTESIAN_POINT('',(13.1805,1.11175,0.));
#2535 = VERTEX_POINT('',#2536);
#2536 = CARTESIAN_POINT('',(12.96675,0.261,0.));
#2537 = B_SPLINE_CURVE_WITH_KNOTS('',2,(#2538,#2539,#2540),
  .UNSPECIFIED.,.F.,.F.,(3,3),(0.,1.),.PIECEWISE_BEZIER_KNOTS.);
#2538 = CARTESIAN_POINT('',(13.1805,1.11175,0.));
#2539 = CARTESIAN_POINT('',(13.1805,0.562125,0.));
#2540 = CARTESIAN_POINT('',(12.96675,0.261,0.));
#2541 = ORIENTED_EDGE('',*,*,#2542,.F.);
#2542 = EDGE_CURVE('',#2543,#2533,#2545,.T.);
#2543 = VERTEX_POINT('',#2544);
#2544 = CARTESIAN_POINT('',(13.1805,1.606875,0.));
#2545 = LINE('',#2546,#2547);
#2546 = CARTESIAN_POINT('',(13.1805,1.606875,0.));
#2547 = VECTOR('',#2548,1.);
#2548 = DIRECTION('',(0.,-1.,0.));
#2549 = ORIENTED_EDGE('',*,*,#2550,.F.);
#2550 = EDGE_CURVE('',#2551,#2543,#2553,.T.);
#2551 = VERTEX_POINT('',#2552);
#2552 = CARTESIAN_POINT('',(12.96575,2.463125,0.));
#2553 = B_SPLINE_CURVE_WITH_KNOTS('',2,(#2554,#2555,#2556),
  .UNSPECIFIED.,.F.,.F.,(3,3),(0.,1.),.PIECEWISE_BEZIER_KNOTS.);
#2554 = CARTESIAN_POINT('',(12.96575,2.463125,0.));
#2555 = CARTESIAN_POINT('',(13.1805,2.158375,0.));
#2556 = CARTESIAN_POINT('',(13.1805,1.606875,0.));
#2557 = ORIENTED_EDGE('',*,*,#2558,.F.);
#2558 = EDGE_CURVE('',#2559,#2551,#2561,.T.);
#2559 = VERTEX_POINT('',#2560);
#2560 = CARTESIAN_POINT('',(12.363,2.768,0.));
#2561 = B_SPLINE_CURVE_WITH_KNOTS('',2,(#2562,#2563,#2564),
  .UNSPECIFIED.,.F.,.F.,(3,3),(0.,1.),.PIECEWISE_BEZIER_KNOTS.);
#2562 = CARTESIAN_POINT('',(12.363,2.768,0.));
#2563 = CARTESIAN_POINT('',(12.751125,2.768,0.));
#2564 = CARTESIAN_POINT('',(12.96575,2.463125,0.));
#2565 = ORIENTED_EDGE('',*,*,#2566,.F.);
#2566 = EDGE_CURVE('',#2567,#2559,#2569,.T.);
#2567 = VERTEX_POINT('',#2568);
#2568 = CARTESIAN_POINT('',(11.762,2.463125,0.));
#2569 = B_SPLINE_CURVE_WITH_KNOTS('',2,(#2570,#2571,#2572),
  .UNSPECIFIED.,.F.,.F.,(3,3),(0.,1.),.PIECEWISE_BEZIER_KNOTS.);
#2570 = CARTESIAN_POINT('',(11.762,2.463125,0.));
#2571 = CARTESIAN_POINT('',(11.97675,2.768,0.));
#2572 = CARTESIAN_POINT('',(12.363,2.768,0.));
#2573 = ORIENTED_EDGE('',*,*,#2574,.F.);
#2574 = EDGE_CURVE('',#2575,#2567,#2577,.T.);
#2575 = VERTEX_POINT('',#2576);
#2576 = CARTESIAN_POINT('',(11.547375,1.614375,0.));
#2577 = B_SPLINE_CURVE_WITH_KNOTS('',2,(#2578,#2579,#2580),
  .UNSPECIFIED.,.F.,.F.,(3,3),(0.,1.),.PIECEWISE_BEZIER_KNOTS.);
#2578 = CARTESIAN_POINT('',(11.547375,1.614375,0.));
#2579 = CARTESIAN_POINT('',(11.547375,2.158375,0.));
#2580 = CARTESIAN_POINT('',(11.762,2.463125,0.));
#2581 = ORIENTED_EDGE('',*,*,#2582,.F.);
#2582 = EDGE_CURVE('',#2583,#2575,#2585,.T.);
#2583 = VERTEX_POINT('',#2584);
#2584 = CARTESIAN_POINT('',(11.547375,1.11925,0.));
#2585 = LINE('',#2586,#2587);
#2586 = CARTESIAN_POINT('',(11.547375,1.11925,0.));
#2587 = VECTOR('',#2588,1.);
#2588 = DIRECTION('',(0.,1.,0.));
#2589 = ORIENTED_EDGE('',*,*,#2590,.F.);
#2590 = EDGE_CURVE('',#2591,#2583,#2593,.T.);
#2591 = VERTEX_POINT('',#2592);
#2592 = CARTESIAN_POINT('',(11.764875,0.263875,0.));
#2593 = B_SPLINE_CURVE_WITH_KNOTS('',2,(#2594,#2595,#2596),
  .UNSPECIFIED.,.F.,.F.,(3,3),(0.,1.),.PIECEWISE_BEZIER_KNOTS.);
#2594 = CARTESIAN_POINT('',(11.764875,0.263875,0.));
#2595 = CARTESIAN_POINT('',(11.547375,0.56775,0.));
#2596 = CARTESIAN_POINT('',(11.547375,1.11925,0.));
#2597 = ORIENTED_EDGE('',*,*,#2598,.F.);
#2598 = EDGE_CURVE('',#2599,#2591,#2601,.T.);
#2599 = VERTEX_POINT('',#2600);
#2600 = CARTESIAN_POINT('',(12.36675,-4.E-02,0.));
#2601 = B_SPLINE_CURVE_WITH_KNOTS('',2,(#2602,#2603,#2604),
  .UNSPECIFIED.,.F.,.F.,(3,3),(0.,1.),.PIECEWISE_BEZIER_KNOTS.);
#2602 = CARTESIAN_POINT('',(12.36675,-4.E-02,0.));
#2603 = CARTESIAN_POINT('',(11.982375,-4.E-02,0.));
#2604 = CARTESIAN_POINT('',(11.764875,0.263875,0.));
#2605 = ORIENTED_EDGE('',*,*,#2606,.F.);
#2606 = EDGE_CURVE('',#2535,#2599,#2607,.T.);
#2607 = B_SPLINE_CURVE_WITH_KNOTS('',2,(#2608,#2609,#2610),
  .UNSPECIFIED.,.F.,.F.,(3,3),(0.,1.),.PIECEWISE_BEZIER_KNOTS.);
#2608 = CARTESIAN_POINT('',(12.96675,0.261,0.));
#2609 = CARTESIAN_POINT('',(12.753,-4.E-02,0.));
#2610 = CARTESIAN_POINT('',(12.36675,-4.E-02,0.));
#2611 = FACE_BOUND('',#2612,.T.);
#2612 = EDGE_LOOP('',(#2613,#2623,#2631,#2639,#2647,#2655,#2663,#2671,
    #2679,#2687));
#2613 = ORIENTED_EDGE('',*,*,#2614,.F.);
#2614 = EDGE_CURVE('',#2615,#2617,#2619,.T.);
#2615 = VERTEX_POINT('',#2616);
#2616 = CARTESIAN_POINT('',(13.07925,1.614375,0.));
#2617 = VERTEX_POINT('',#2618);
#2618 = CARTESIAN_POINT('',(12.892625,2.389125,0.));
#2619 = B_SPLINE_CURVE_WITH_KNOTS('',2,(#2620,#2621,#2622),
  .UNSPECIFIED.,.F.,.F.,(3,3),(0.,1.),.PIECEWISE_BEZIER_KNOTS.);
#2620 = CARTESIAN_POINT('',(13.07925,1.614375,0.));
#2621 = CARTESIAN_POINT('',(13.07925,2.1115,0.));
#2622 = CARTESIAN_POINT('',(12.892625,2.389125,0.));
#2623 = ORIENTED_EDGE('',*,*,#2624,.F.);
#2624 = EDGE_CURVE('',#2625,#2615,#2627,.T.);
#2625 = VERTEX_POINT('',#2626);
#2626 = CARTESIAN_POINT('',(13.07925,1.124875,0.));
#2627 = LINE('',#2628,#2629);
#2628 = CARTESIAN_POINT('',(13.07925,1.124875,0.));
#2629 = VECTOR('',#2630,1.);
#2630 = DIRECTION('',(0.,1.,0.));
#2631 = ORIENTED_EDGE('',*,*,#2632,.F.);
#2632 = EDGE_CURVE('',#2633,#2625,#2635,.T.);
#2633 = VERTEX_POINT('',#2634);
#2634 = CARTESIAN_POINT('',(12.893625,0.34075,0.));
#2635 = B_SPLINE_CURVE_WITH_KNOTS('',2,(#2636,#2637,#2638),
  .UNSPECIFIED.,.F.,.F.,(3,3),(0.,1.),.PIECEWISE_BEZIER_KNOTS.);
#2636 = CARTESIAN_POINT('',(12.893625,0.34075,0.));
#2637 = CARTESIAN_POINT('',(13.07925,0.62025,0.));
#2638 = CARTESIAN_POINT('',(13.07925,1.124875,0.));
#2639 = ORIENTED_EDGE('',*,*,#2640,.F.);
#2640 = EDGE_CURVE('',#2641,#2633,#2643,.T.);
#2641 = VERTEX_POINT('',#2642);
#2642 = CARTESIAN_POINT('',(12.36675,6.125E-02,0.));
#2643 = B_SPLINE_CURVE_WITH_KNOTS('',2,(#2644,#2645,#2646),
  .UNSPECIFIED.,.F.,.F.,(3,3),(0.,1.),.PIECEWISE_BEZIER_KNOTS.);
#2644 = CARTESIAN_POINT('',(12.36675,6.125E-02,0.));
#2645 = CARTESIAN_POINT('',(12.708,6.125E-02,0.));
#2646 = CARTESIAN_POINT('',(12.893625,0.34075,0.));
#2647 = ORIENTED_EDGE('',*,*,#2648,.F.);
#2648 = EDGE_CURVE('',#2649,#2641,#2651,.T.);
#2649 = VERTEX_POINT('',#2650);
#2650 = CARTESIAN_POINT('',(11.838,0.34075,0.));
#2651 = B_SPLINE_CURVE_WITH_KNOTS('',2,(#2652,#2653,#2654),
  .UNSPECIFIED.,.F.,.F.,(3,3),(0.,1.),.PIECEWISE_BEZIER_KNOTS.);
#2652 = CARTESIAN_POINT('',(11.838,0.34075,0.));
#2653 = CARTESIAN_POINT('',(12.027375,6.125E-02,0.));
#2654 = CARTESIAN_POINT('',(12.36675,6.125E-02,0.));
#2655 = ORIENTED_EDGE('',*,*,#2656,.F.);
#2656 = EDGE_CURVE('',#2657,#2649,#2659,.T.);
#2657 = VERTEX_POINT('',#2658);
#2658 = CARTESIAN_POINT('',(11.648625,1.1155,0.));
#2659 = B_SPLINE_CURVE_WITH_KNOTS('',2,(#2660,#2661,#2662),
  .UNSPECIFIED.,.F.,.F.,(3,3),(0.,1.),.PIECEWISE_BEZIER_KNOTS.);
#2660 = CARTESIAN_POINT('',(11.648625,1.1155,0.));
#2661 = CARTESIAN_POINT('',(11.648625,0.62025,0.));
#2662 = CARTESIAN_POINT('',(11.838,0.34075,0.));
#2663 = ORIENTED_EDGE('',*,*,#2664,.F.);
#2664 = EDGE_CURVE('',#2665,#2657,#2667,.T.);
#2665 = VERTEX_POINT('',#2666);
#2666 = CARTESIAN_POINT('',(11.648625,1.605,0.));
#2667 = LINE('',#2668,#2669);
#2668 = CARTESIAN_POINT('',(11.648625,1.605,0.));
#2669 = VECTOR('',#2670,1.);
#2670 = DIRECTION('',(0.,-1.,0.));
#2671 = ORIENTED_EDGE('',*,*,#2672,.F.);
#2672 = EDGE_CURVE('',#2673,#2665,#2675,.T.);
#2673 = VERTEX_POINT('',#2674);
#2674 = CARTESIAN_POINT('',(11.83325,2.388125,0.));
#2675 = B_SPLINE_CURVE_WITH_KNOTS('',2,(#2676,#2677,#2678),
  .UNSPECIFIED.,.F.,.F.,(3,3),(0.,1.),.PIECEWISE_BEZIER_KNOTS.);
#2676 = CARTESIAN_POINT('',(11.83325,2.388125,0.));
#2677 = CARTESIAN_POINT('',(11.648625,2.109625,0.));
#2678 = CARTESIAN_POINT('',(11.648625,1.605,0.));
#2679 = ORIENTED_EDGE('',*,*,#2680,.F.);
#2680 = EDGE_CURVE('',#2681,#2673,#2683,.T.);
#2681 = VERTEX_POINT('',#2682);
#2682 = CARTESIAN_POINT('',(12.363,2.66675,0.));
#2683 = B_SPLINE_CURVE_WITH_KNOTS('',2,(#2684,#2685,#2686),
  .UNSPECIFIED.,.F.,.F.,(3,3),(0.,1.),.PIECEWISE_BEZIER_KNOTS.);
#2684 = CARTESIAN_POINT('',(12.363,2.66675,0.));
#2685 = CARTESIAN_POINT('',(12.018,2.66675,0.));
#2686 = CARTESIAN_POINT('',(11.83325,2.388125,0.));
#2687 = ORIENTED_EDGE('',*,*,#2688,.F.);
#2688 = EDGE_CURVE('',#2617,#2681,#2689,.T.);
#2689 = B_SPLINE_CURVE_WITH_KNOTS('',2,(#2690,#2691,#2692),
  .UNSPECIFIED.,.F.,.F.,(3,3),(0.,1.),.PIECEWISE_BEZIER_KNOTS.);
#2690 = CARTESIAN_POINT('',(12.892625,2.389125,0.));
#2691 = CARTESIAN_POINT('',(12.706125,2.66675,0.));
#2692 = CARTESIAN_POINT('',(12.363,2.66675,0.));
#2693 = PLANE('',#2694);
#2694 = AXIS2_PLACEMENT_3D('',#2695,#2696,#2697);
#2695 = CARTESIAN_POINT('',(12.364419853416,1.364313268916,0.));
#2696 = DIRECTION('',(0.,0.,1.));
#2697 = DIRECTION('',(1.,0.,-0.));
#2698 = ( GEOMETRIC_REPRESENTATION_CONTEXT(3) 
GLOBAL_UNCERTAINTY_ASSIGNED_CONTEXT((#2702)) 
GLOBAL_UNIT_ASSIGNED_CONTEXT((#2699,#2700,#2701)) REPRESENTATION_CONTEXT
('Context #1','3D Context with UNIT and UNCERTAINTY') );
#2699 = ( LENGTH_UNIT() NAMED_UNIT(*) SI_UNIT(.MILLI.,.METRE.) );
#2700 = ( NAMED_UNIT(*) PLANE_ANGLE_UNIT() SI_UNIT($,.RADIAN.) );
#2701 = ( NAMED_UNIT(*) SI_UNIT($,.STERADIAN.) SOLID_ANGLE_UNIT() );
#2702 = UNCERTAINTY_MEASURE_WITH_UNIT(LENGTH_MEASURE(1.E-07),#2699,
  'distance_accuracy_value','confusion accuracy');
#2703 = CONTEXT_DEPENDENT_SHAPE_REPRESENTATION(#2704,#2706);
#2704 = ( REPRESENTATION_RELATIONSHIP('','',#1655,#10) 
REPRESENTATION_RELATIONSHIP_WITH_TRANSFORMATION(#2705) 
SHAPE_REPRESENTATION_RELATIONSHIP() );
#2705 = ITEM_DEFINED_TRANSFORMATION('','',#11,#23);
#2706 = PRODUCT_DEFINITION_SHAPE('Placement','Placement of an item',
  #2707);
#2707 = NEXT_ASSEMBLY_USAGE_OCCURRENCE('34','ShapeString','',#5,#1650,$
  );
#2708 = PRODUCT_RELATED_PRODUCT_CATEGORY('part',$,(#1652));
#2709 = SHAPE_DEFINITION_REPRESENTATION(#2710,#2716);
#2710 = PRODUCT_DEFINITION_SHAPE('','',#2711);
#2711 = PRODUCT_DEFINITION('design','',#2712,#2715);
#2712 = PRODUCT_DEFINITION_FORMATION('','',#2713);
#2713 = PRODUCT('ShapeString001','ShapeString001','',(#2714));
#2714 = PRODUCT_CONTEXT('',#2,'mechanical');
#2715 = PRODUCT_DEFINITION_CONTEXT('part definition',#2,'design');
#2716 = SHAPE_REPRESENTATION('',(#11,#2717,#2775,#2817,#2891,#3045,#3183
    ,#3225,#3299,#3437,#3663,#3857,#4077,#4119),#4161);
#2717 = SHELL_BASED_SURFACE_MODEL('',(#2718));
#2718 = OPEN_SHELL('',(#2719));
#2719 = ADVANCED_FACE('',(#2720),#2770,.T.);
#2720 = FACE_BOUND('',#2721,.T.);
#2721 = EDGE_LOOP('',(#2722,#2732,#2740,#2748,#2756,#2764));
#2722 = ORIENTED_EDGE('',*,*,#2723,.F.);
#2723 = EDGE_CURVE('',#2724,#2726,#2728,.T.);
#2724 = VERTEX_POINT('',#2725);
#2725 = CARTESIAN_POINT('',(0.319083333333,6.75E-02,0.));
#2726 = VERTEX_POINT('',#2727);
#2727 = CARTESIAN_POINT('',(1.252833333333,6.75E-02,0.));
#2728 = LINE('',#2729,#2730);
#2729 = CARTESIAN_POINT('',(0.319083333333,6.75E-02,0.));
#2730 = VECTOR('',#2731,1.);
#2731 = DIRECTION('',(1.,0.,0.));
#2732 = ORIENTED_EDGE('',*,*,#2733,.F.);
#2733 = EDGE_CURVE('',#2734,#2724,#2736,.T.);
#2734 = VERTEX_POINT('',#2735);
#2735 = CARTESIAN_POINT('',(0.319083333333,1.818666666667,0.));
#2736 = LINE('',#2737,#2738);
#2737 = CARTESIAN_POINT('',(0.319083333333,1.818666666667,0.));
#2738 = VECTOR('',#2739,1.);
#2739 = DIRECTION('',(0.,-1.,-0.));
#2740 = ORIENTED_EDGE('',*,*,#2741,.F.);
#2741 = EDGE_CURVE('',#2742,#2734,#2744,.T.);
#2742 = VERTEX_POINT('',#2743);
#2743 = CARTESIAN_POINT('',(0.250333333333,1.818666666667,0.));
#2744 = LINE('',#2745,#2746);
#2745 = CARTESIAN_POINT('',(0.250333333333,1.818666666667,0.));
#2746 = VECTOR('',#2747,1.);
#2747 = DIRECTION('',(1.,0.,0.));
#2748 = ORIENTED_EDGE('',*,*,#2749,.F.);
#2749 = EDGE_CURVE('',#2750,#2742,#2752,.T.);
#2750 = VERTEX_POINT('',#2751);
#2751 = CARTESIAN_POINT('',(0.250333333333,0.,0.));
#2752 = LINE('',#2753,#2754);
#2753 = CARTESIAN_POINT('',(0.250333333333,0.,0.));
#2754 = VECTOR('',#2755,1.);
#2755 = DIRECTION('',(0.,1.,0.));
#2756 = ORIENTED_EDGE('',*,*,#2757,.F.);
#2757 = EDGE_CURVE('',#2758,#2750,#2760,.T.);
#2758 = VERTEX_POINT('',#2759);
#2759 = CARTESIAN_POINT('',(1.252833333333,0.,0.));
#2760 = LINE('',#2761,#2762);
#2761 = CARTESIAN_POINT('',(1.252833333333,0.,0.));
#2762 = VECTOR('',#2763,1.);
#2763 = DIRECTION('',(-1.,0.,0.));
#2764 = ORIENTED_EDGE('',*,*,#2765,.F.);
#2765 = EDGE_CURVE('',#2726,#2758,#2766,.T.);
#2766 = LINE('',#2767,#2768);
#2767 = CARTESIAN_POINT('',(1.252833333333,6.75E-02,0.));
#2768 = VECTOR('',#2769,1.);
#2769 = DIRECTION('',(0.,-1.,-0.));
#2770 = PLANE('',#2771);
#2771 = AXIS2_PLACEMENT_3D('',#2772,#2773,#2774);
#2772 = CARTESIAN_POINT('',(0.461782682007,0.619532682007,0.));
#2773 = DIRECTION('',(0.,0.,1.));
#2774 = DIRECTION('',(1.,0.,-0.));
#2775 = SHELL_BASED_SURFACE_MODEL('',(#2776));
#2776 = OPEN_SHELL('',(#2777));
#2777 = ADVANCED_FACE('',(#2778),#2812,.T.);
#2778 = FACE_BOUND('',#2779,.T.);
#2779 = EDGE_LOOP('',(#2780,#2790,#2798,#2806));
#2780 = ORIENTED_EDGE('',*,*,#2781,.F.);
#2781 = EDGE_CURVE('',#2782,#2784,#2786,.T.);
#2782 = VERTEX_POINT('',#2783);
#2783 = CARTESIAN_POINT('',(1.621666666667,0.,0.));
#2784 = VERTEX_POINT('',#2785);
#2785 = CARTESIAN_POINT('',(1.554166666667,0.,0.));
#2786 = LINE('',#2787,#2788);
#2787 = CARTESIAN_POINT('',(1.621666666667,0.,0.));
#2788 = VECTOR('',#2789,1.);
#2789 = DIRECTION('',(-1.,0.,0.));
#2790 = ORIENTED_EDGE('',*,*,#2791,.F.);
#2791 = EDGE_CURVE('',#2792,#2782,#2794,.T.);
#2792 = VERTEX_POINT('',#2793);
#2793 = CARTESIAN_POINT('',(1.621666666667,1.354666666667,0.));
#2794 = LINE('',#2795,#2796);
#2795 = CARTESIAN_POINT('',(1.621666666667,1.354666666667,0.));
#2796 = VECTOR('',#2797,1.);
#2797 = DIRECTION('',(0.,-1.,0.));
#2798 = ORIENTED_EDGE('',*,*,#2799,.F.);
#2799 = EDGE_CURVE('',#2800,#2792,#2802,.T.);
#2800 = VERTEX_POINT('',#2801);
#2801 = CARTESIAN_POINT('',(1.554166666667,1.354666666667,0.));
#2802 = LINE('',#2803,#2804);
#2803 = CARTESIAN_POINT('',(1.554166666667,1.354666666667,0.));
#2804 = VECTOR('',#2805,1.);
#2805 = DIRECTION('',(1.,0.,0.));
#2806 = ORIENTED_EDGE('',*,*,#2807,.F.);
#2807 = EDGE_CURVE('',#2784,#2800,#2808,.T.);
#2808 = LINE('',#2809,#2810);
#2809 = CARTESIAN_POINT('',(1.554166666667,0.,0.));
#2810 = VECTOR('',#2811,1.);
#2811 = DIRECTION('',(0.,1.,0.));
#2812 = PLANE('',#2813);
#2813 = AXIS2_PLACEMENT_3D('',#2814,#2815,#2816);
#2814 = CARTESIAN_POINT('',(1.587977497649,0.822695541416,0.));
#2815 = DIRECTION('',(0.,0.,1.));
#2816 = DIRECTION('',(1.,0.,-0.));
#2817 = SHELL_BASED_SURFACE_MODEL('',(#2818));
#2818 = OPEN_SHELL('',(#2819));
#2819 = ADVANCED_FACE('',(#2820),#2886,.T.);
#2820 = FACE_BOUND('',#2821,.T.);
#2821 = EDGE_LOOP('',(#2822,#2832,#2840,#2848,#2856,#2864,#2872,#2880));
#2822 = ORIENTED_EDGE('',*,*,#2823,.F.);
#2823 = EDGE_CURVE('',#2824,#2826,#2828,.T.);
#2824 = VERTEX_POINT('',#2825);
#2825 = CARTESIAN_POINT('',(1.519166666667,1.775416666667,0.));
#2826 = VERTEX_POINT('',#2827);
#2827 = CARTESIAN_POINT('',(1.539166666667,1.82475,0.));
#2828 = B_SPLINE_CURVE_WITH_KNOTS('',2,(#2829,#2830,#2831),
  .UNSPECIFIED.,.F.,.F.,(3,3),(0.,1.),.PIECEWISE_BEZIER_KNOTS.);
#2829 = CARTESIAN_POINT('',(1.519166666667,1.775416666667,0.));
#2830 = CARTESIAN_POINT('',(1.519166666667,1.804166666667,0.));
#2831 = CARTESIAN_POINT('',(1.539166666667,1.82475,0.));
#2832 = ORIENTED_EDGE('',*,*,#2833,.F.);
#2833 = EDGE_CURVE('',#2834,#2824,#2836,.T.);
#2834 = VERTEX_POINT('',#2835);
#2835 = CARTESIAN_POINT('',(1.539166666667,1.726666666667,0.));
#2836 = B_SPLINE_CURVE_WITH_KNOTS('',2,(#2837,#2838,#2839),
  .UNSPECIFIED.,.F.,.F.,(3,3),(0.,1.),.PIECEWISE_BEZIER_KNOTS.);
#2837 = CARTESIAN_POINT('',(1.539166666667,1.726666666667,0.));
#2838 = CARTESIAN_POINT('',(1.519166666667,1.746666666667,0.));
#2839 = CARTESIAN_POINT('',(1.519166666667,1.775416666667,0.));
#2840 = ORIENTED_EDGE('',*,*,#2841,.F.);
#2841 = EDGE_CURVE('',#2842,#2834,#2844,.T.);
#2842 = VERTEX_POINT('',#2843);
#2843 = CARTESIAN_POINT('',(1.587916666667,1.706666666667,0.));
#2844 = B_SPLINE_CURVE_WITH_KNOTS('',2,(#2845,#2846,#2847),
  .UNSPECIFIED.,.F.,.F.,(3,3),(0.,1.),.PIECEWISE_BEZIER_KNOTS.);
#2845 = CARTESIAN_POINT('',(1.587916666667,1.706666666667,0.));
#2846 = CARTESIAN_POINT('',(1.559166666667,1.706666666667,0.));
#2847 = CARTESIAN_POINT('',(1.539166666667,1.726666666667,0.));
#2848 = ORIENTED_EDGE('',*,*,#2849,.F.);
#2849 = EDGE_CURVE('',#2850,#2842,#2852,.T.);
#2850 = VERTEX_POINT('',#2851);
#2851 = CARTESIAN_POINT('',(1.63725,1.726666666667,0.));
#2852 = B_SPLINE_CURVE_WITH_KNOTS('',2,(#2853,#2854,#2855),
  .UNSPECIFIED.,.F.,.F.,(3,3),(0.,1.),.PIECEWISE_BEZIER_KNOTS.);
#2853 = CARTESIAN_POINT('',(1.63725,1.726666666667,0.));
#2854 = CARTESIAN_POINT('',(1.616666666667,1.706666666667,0.));
#2855 = CARTESIAN_POINT('',(1.587916666667,1.706666666667,0.));
#2856 = ORIENTED_EDGE('',*,*,#2857,.F.);
#2857 = EDGE_CURVE('',#2858,#2850,#2860,.T.);
#2858 = VERTEX_POINT('',#2859);
#2859 = CARTESIAN_POINT('',(1.657916666667,1.775416666667,0.));
#2860 = B_SPLINE_CURVE_WITH_KNOTS('',2,(#2861,#2862,#2863),
  .UNSPECIFIED.,.F.,.F.,(3,3),(0.,1.),.PIECEWISE_BEZIER_KNOTS.);
#2861 = CARTESIAN_POINT('',(1.657916666667,1.775416666667,0.));
#2862 = CARTESIAN_POINT('',(1.657916666667,1.746666666667,0.));
#2863 = CARTESIAN_POINT('',(1.63725,1.726666666667,0.));
#2864 = ORIENTED_EDGE('',*,*,#2865,.F.);
#2865 = EDGE_CURVE('',#2866,#2858,#2868,.T.);
#2866 = VERTEX_POINT('',#2867);
#2867 = CARTESIAN_POINT('',(1.63725,1.82475,0.));
#2868 = B_SPLINE_CURVE_WITH_KNOTS('',2,(#2869,#2870,#2871),
  .UNSPECIFIED.,.F.,.F.,(3,3),(0.,1.),.PIECEWISE_BEZIER_KNOTS.);
#2869 = CARTESIAN_POINT('',(1.63725,1.82475,0.));
#2870 = CARTESIAN_POINT('',(1.657916666667,1.804166666667,0.));
#2871 = CARTESIAN_POINT('',(1.657916666667,1.775416666667,0.));
#2872 = ORIENTED_EDGE('',*,*,#2873,.F.);
#2873 = EDGE_CURVE('',#2874,#2866,#2876,.T.);
#2874 = VERTEX_POINT('',#2875);
#2875 = CARTESIAN_POINT('',(1.587916666667,1.845416666667,0.));
#2876 = B_SPLINE_CURVE_WITH_KNOTS('',2,(#2877,#2878,#2879),
  .UNSPECIFIED.,.F.,.F.,(3,3),(0.,1.),.PIECEWISE_BEZIER_KNOTS.);
#2877 = CARTESIAN_POINT('',(1.587916666667,1.845416666667,0.));
#2878 = CARTESIAN_POINT('',(1.616666666667,1.845416666667,0.));
#2879 = CARTESIAN_POINT('',(1.63725,1.82475,0.));
#2880 = ORIENTED_EDGE('',*,*,#2881,.F.);
#2881 = EDGE_CURVE('',#2826,#2874,#2882,.T.);
#2882 = B_SPLINE_CURVE_WITH_KNOTS('',2,(#2883,#2884,#2885),
  .UNSPECIFIED.,.F.,.F.,(3,3),(0.,1.),.PIECEWISE_BEZIER_KNOTS.);
#2883 = CARTESIAN_POINT('',(1.539166666667,1.82475,0.));
#2884 = CARTESIAN_POINT('',(1.559166666667,1.845416666667,0.));
#2885 = CARTESIAN_POINT('',(1.587916666667,1.845416666667,0.));
#2886 = PLANE('',#2887);
#2887 = AXIS2_PLACEMENT_3D('',#2888,#2889,#2890);
#2888 = CARTESIAN_POINT('',(1.587977497649,0.822695541416,0.));
#2889 = DIRECTION('',(0.,0.,1.));
#2890 = DIRECTION('',(1.,0.,-0.));
#2891 = SHELL_BASED_SURFACE_MODEL('',(#2892));
#2892 = OPEN_SHELL('',(#2893));
#2893 = ADVANCED_FACE('',(#2894),#3040,.T.);
#2894 = FACE_BOUND('',#2895,.T.);
#2895 = EDGE_LOOP('',(#2896,#2906,#2914,#2922,#2930,#2938,#2946,#2954,
    #2962,#2970,#2978,#2986,#2994,#3002,#3010,#3018,#3026,#3034));
#2896 = ORIENTED_EDGE('',*,*,#2897,.F.);
#2897 = EDGE_CURVE('',#2898,#2900,#2902,.T.);
#2898 = VERTEX_POINT('',#2899);
#2899 = CARTESIAN_POINT('',(2.21725,1.717333333333,0.));
#2900 = VERTEX_POINT('',#2901);
#2901 = CARTESIAN_POINT('',(2.21725,1.354666666667,0.));
#2902 = LINE('',#2903,#2904);
#2903 = CARTESIAN_POINT('',(2.21725,1.717333333333,0.));
#2904 = VECTOR('',#2905,1.);
#2905 = DIRECTION('',(0.,-1.,0.));
#2906 = ORIENTED_EDGE('',*,*,#2907,.F.);
#2907 = EDGE_CURVE('',#2908,#2898,#2910,.T.);
#2908 = VERTEX_POINT('',#2909);
#2909 = CARTESIAN_POINT('',(2.1485,1.717333333333,0.));
#2910 = LINE('',#2911,#2912);
#2911 = CARTESIAN_POINT('',(2.1485,1.717333333333,0.));
#2912 = VECTOR('',#2913,1.);
#2913 = DIRECTION('',(1.,0.,0.));
#2914 = ORIENTED_EDGE('',*,*,#2915,.F.);
#2915 = EDGE_CURVE('',#2916,#2908,#2918,.T.);
#2916 = VERTEX_POINT('',#2917);
#2917 = CARTESIAN_POINT('',(2.1485,1.354666666667,0.));
#2918 = LINE('',#2919,#2920);
#2919 = CARTESIAN_POINT('',(2.1485,1.354666666667,0.));
#2920 = VECTOR('',#2921,1.);
#2921 = DIRECTION('',(0.,1.,0.));
#2922 = ORIENTED_EDGE('',*,*,#2923,.F.);
#2923 = EDGE_CURVE('',#2924,#2916,#2926,.T.);
#2924 = VERTEX_POINT('',#2925);
#2925 = CARTESIAN_POINT('',(1.8985,1.354666666667,0.));
#2926 = LINE('',#2927,#2928);
#2927 = CARTESIAN_POINT('',(1.8985,1.354666666667,0.));
#2928 = VECTOR('',#2929,1.);
#2929 = DIRECTION('',(1.,0.,0.));
#2930 = ORIENTED_EDGE('',*,*,#2931,.F.);
#2931 = EDGE_CURVE('',#2932,#2924,#2934,.T.);
#2932 = VERTEX_POINT('',#2933);
#2933 = CARTESIAN_POINT('',(1.8985,1.285916666667,0.));
#2934 = LINE('',#2935,#2936);
#2935 = CARTESIAN_POINT('',(1.8985,1.285916666667,0.));
#2936 = VECTOR('',#2937,1.);
#2937 = DIRECTION('',(0.,1.,0.));
#2938 = ORIENTED_EDGE('',*,*,#2939,.F.);
#2939 = EDGE_CURVE('',#2940,#2932,#2942,.T.);
#2940 = VERTEX_POINT('',#2941);
#2941 = CARTESIAN_POINT('',(2.1485,1.285916666667,0.));
#2942 = LINE('',#2943,#2944);
#2943 = CARTESIAN_POINT('',(2.1485,1.285916666667,0.));
#2944 = VECTOR('',#2945,1.);
#2945 = DIRECTION('',(-1.,0.,0.));
#2946 = ORIENTED_EDGE('',*,*,#2947,.F.);
#2947 = EDGE_CURVE('',#2948,#2940,#2950,.T.);
#2948 = VERTEX_POINT('',#2949);
#2949 = CARTESIAN_POINT('',(2.1485,0.314333333333,0.));
#2950 = LINE('',#2951,#2952);
#2951 = CARTESIAN_POINT('',(2.1485,0.314333333333,0.));
#2952 = VECTOR('',#2953,1.);
#2953 = DIRECTION('',(0.,1.,0.));
#2954 = ORIENTED_EDGE('',*,*,#2955,.F.);
#2955 = EDGE_CURVE('',#2956,#2948,#2958,.T.);
#2956 = VERTEX_POINT('',#2957);
#2957 = CARTESIAN_POINT('',(2.2135,5.541666666667E-02,0.));
#2958 = B_SPLINE_CURVE_WITH_KNOTS('',2,(#2959,#2960,#2961),
  .UNSPECIFIED.,.F.,.F.,(3,3),(0.,1.),.PIECEWISE_BEZIER_KNOTS.);
#2959 = CARTESIAN_POINT('',(2.2135,5.541666666667E-02,0.));
#2960 = CARTESIAN_POINT('',(2.14975,0.137583333333,0.));
#2961 = CARTESIAN_POINT('',(2.1485,0.314333333333,0.));
#2962 = ORIENTED_EDGE('',*,*,#2963,.F.);
#2963 = EDGE_CURVE('',#2964,#2956,#2966,.T.);
#2964 = VERTEX_POINT('',#2965);
#2965 = CARTESIAN_POINT('',(2.42475,-2.666666666667E-02,0.));
#2966 = B_SPLINE_CURVE_WITH_KNOTS('',2,(#2967,#2968,#2969),
  .UNSPECIFIED.,.F.,.F.,(3,3),(0.,1.),.PIECEWISE_BEZIER_KNOTS.);
#2967 = CARTESIAN_POINT('',(2.42475,-2.666666666667E-02,0.));
#2968 = CARTESIAN_POINT('',(2.27725,-2.666666666667E-02,0.));
#2969 = CARTESIAN_POINT('',(2.2135,5.541666666667E-02,0.));
#2970 = ORIENTED_EDGE('',*,*,#2971,.F.);
#2971 = EDGE_CURVE('',#2972,#2964,#2974,.T.);
#2972 = VERTEX_POINT('',#2973);
#2973 = CARTESIAN_POINT('',(2.566,-1.166666666667E-02,0.));
#2974 = B_SPLINE_CURVE_WITH_KNOTS('',2,(#2975,#2976,#2977),
  .UNSPECIFIED.,.F.,.F.,(3,3),(0.,1.),.PIECEWISE_BEZIER_KNOTS.);
#2975 = CARTESIAN_POINT('',(2.566,-1.166666666667E-02,0.));
#2976 = CARTESIAN_POINT('',(2.52475,-2.666666666667E-02,0.));
#2977 = CARTESIAN_POINT('',(2.42475,-2.666666666667E-02,0.));
#2978 = ORIENTED_EDGE('',*,*,#2979,.F.);
#2979 = EDGE_CURVE('',#2980,#2972,#2982,.T.);
#2980 = VERTEX_POINT('',#2981);
#2981 = CARTESIAN_POINT('',(2.55475,5.208333333333E-02,0.));
#2982 = LINE('',#2983,#2984);
#2983 = CARTESIAN_POINT('',(2.55475,5.208333333333E-02,0.));
#2984 = VECTOR('',#2985,1.);
#2985 = DIRECTION('',(0.173785333909,-0.984783558818,0.));
#2986 = ORIENTED_EDGE('',*,*,#2987,.F.);
#2987 = EDGE_CURVE('',#2988,#2980,#2990,.T.);
#2988 = VERTEX_POINT('',#2989);
#2989 = CARTESIAN_POINT('',(2.421,4.083333333333E-02,0.));
#2990 = B_SPLINE_CURVE_WITH_KNOTS('',2,(#2991,#2992,#2993),
  .UNSPECIFIED.,.F.,.F.,(3,3),(0.,1.),.PIECEWISE_BEZIER_KNOTS.);
#2991 = CARTESIAN_POINT('',(2.421,4.083333333333E-02,0.));
#2992 = CARTESIAN_POINT('',(2.476,4.083333333333E-02,0.));
#2993 = CARTESIAN_POINT('',(2.55475,5.208333333333E-02,0.));
#2994 = ORIENTED_EDGE('',*,*,#2995,.F.);
#2995 = EDGE_CURVE('',#2996,#2988,#2998,.T.);
#2996 = VERTEX_POINT('',#2997);
#2997 = CARTESIAN_POINT('',(2.264083333333,0.10975,0.));
#2998 = B_SPLINE_CURVE_WITH_KNOTS('',2,(#2999,#3000,#3001),
  .UNSPECIFIED.,.F.,.F.,(3,3),(0.,1.),.PIECEWISE_BEZIER_KNOTS.);
#2999 = CARTESIAN_POINT('',(2.264083333333,0.10975,0.));
#3000 = CARTESIAN_POINT('',(2.311,4.083333333333E-02,0.));
#3001 = CARTESIAN_POINT('',(2.421,4.083333333333E-02,0.));
#3002 = ORIENTED_EDGE('',*,*,#3003,.F.);
#3003 = EDGE_CURVE('',#3004,#2996,#3006,.T.);
#3004 = VERTEX_POINT('',#3005);
#3005 = CARTESIAN_POINT('',(2.21725,0.322916666667,0.));
#3006 = B_SPLINE_CURVE_WITH_KNOTS('',2,(#3007,#3008,#3009),
  .UNSPECIFIED.,.F.,.F.,(3,3),(0.,1.),.PIECEWISE_BEZIER_KNOTS.);
#3007 = CARTESIAN_POINT('',(2.21725,0.322916666667,0.));
#3008 = CARTESIAN_POINT('',(2.21725,0.17875,0.));
#3009 = CARTESIAN_POINT('',(2.264083333333,0.10975,0.));
#3010 = ORIENTED_EDGE('',*,*,#3011,.F.);
#3011 = EDGE_CURVE('',#3012,#3004,#3014,.T.);
#3012 = VERTEX_POINT('',#3013);
#3013 = CARTESIAN_POINT('',(2.21725,1.285916666667,0.));
#3014 = LINE('',#3015,#3016);
#3015 = CARTESIAN_POINT('',(2.21725,1.285916666667,0.));
#3016 = VECTOR('',#3017,1.);
#3017 = DIRECTION('',(0.,-1.,0.));
#3018 = ORIENTED_EDGE('',*,*,#3019,.F.);
#3019 = EDGE_CURVE('',#3020,#3012,#3022,.T.);
#3020 = VERTEX_POINT('',#3021);
#3021 = CARTESIAN_POINT('',(2.52475,1.285916666667,0.));
#3022 = LINE('',#3023,#3024);
#3023 = CARTESIAN_POINT('',(2.52475,1.285916666667,0.));
#3024 = VECTOR('',#3025,1.);
#3025 = DIRECTION('',(-1.,0.,0.));
#3026 = ORIENTED_EDGE('',*,*,#3027,.F.);
#3027 = EDGE_CURVE('',#3028,#3020,#3030,.T.);
#3028 = VERTEX_POINT('',#3029);
#3029 = CARTESIAN_POINT('',(2.52475,1.354666666667,0.));
#3030 = LINE('',#3031,#3032);
#3031 = CARTESIAN_POINT('',(2.52475,1.354666666667,0.));
#3032 = VECTOR('',#3033,1.);
#3033 = DIRECTION('',(0.,-1.,0.));
#3034 = ORIENTED_EDGE('',*,*,#3035,.F.);
#3035 = EDGE_CURVE('',#2900,#3028,#3036,.T.);
#3036 = LINE('',#3037,#3038);
#3037 = CARTESIAN_POINT('',(2.21725,1.354666666667,0.));
#3038 = VECTOR('',#3039,1.);
#3039 = DIRECTION('',(1.,0.,0.));
#3040 = PLANE('',#3041);
#3041 = AXIS2_PLACEMENT_3D('',#3042,#3043,#3044);
#3042 = CARTESIAN_POINT('',(2.224126779914,0.871224004366,0.));
#3043 = DIRECTION('',(0.,0.,1.));
#3044 = DIRECTION('',(1.,0.,-0.));
#3045 = SHELL_BASED_SURFACE_MODEL('',(#3046));
#3046 = OPEN_SHELL('',(#3047));
#3047 = ADVANCED_FACE('',(#3048),#3178,.T.);
#3048 = FACE_BOUND('',#3049,.T.);
#3049 = EDGE_LOOP('',(#3050,#3060,#3068,#3076,#3084,#3092,#3100,#3108,
    #3116,#3124,#3132,#3140,#3148,#3156,#3164,#3172));
#3050 = ORIENTED_EDGE('',*,*,#3051,.F.);
#3051 = EDGE_CURVE('',#3052,#3054,#3056,.T.);
#3052 = VERTEX_POINT('',#3053);
#3053 = CARTESIAN_POINT('',(2.944583333333,1.036333333333,0.));
#3054 = VERTEX_POINT('',#3055);
#3055 = CARTESIAN_POINT('',(3.139583333333,1.284833333333,0.));
#3056 = B_SPLINE_CURVE_WITH_KNOTS('',2,(#3057,#3058,#3059),
  .UNSPECIFIED.,.F.,.F.,(3,3),(0.,1.),.PIECEWISE_BEZIER_KNOTS.);
#3057 = CARTESIAN_POINT('',(2.944583333333,1.036333333333,0.));
#3058 = CARTESIAN_POINT('',(3.010833333333,1.193666666667,0.));
#3059 = CARTESIAN_POINT('',(3.139583333333,1.284833333333,0.));
#3060 = ORIENTED_EDGE('',*,*,#3061,.F.);
#3061 = EDGE_CURVE('',#3062,#3052,#3064,.T.);
#3062 = VERTEX_POINT('',#3063);
#3063 = CARTESIAN_POINT('',(2.944583333333,1.92,0.));
#3064 = LINE('',#3065,#3066);
#3065 = CARTESIAN_POINT('',(2.944583333333,1.92,0.));
#3066 = VECTOR('',#3067,1.);
#3067 = DIRECTION('',(0.,-1.,0.));
#3068 = ORIENTED_EDGE('',*,*,#3069,.F.);
#3069 = EDGE_CURVE('',#3070,#3062,#3072,.T.);
#3070 = VERTEX_POINT('',#3071);
#3071 = CARTESIAN_POINT('',(2.877083333333,1.92,0.));
#3072 = LINE('',#3073,#3074);
#3073 = CARTESIAN_POINT('',(2.877083333333,1.92,0.));
#3074 = VECTOR('',#3075,1.);
#3075 = DIRECTION('',(1.,0.,0.));
#3076 = ORIENTED_EDGE('',*,*,#3077,.F.);
#3077 = EDGE_CURVE('',#3078,#3070,#3080,.T.);
#3078 = VERTEX_POINT('',#3079);
#3079 = CARTESIAN_POINT('',(2.877083333333,0.,0.));
#3080 = LINE('',#3081,#3082);
#3081 = CARTESIAN_POINT('',(2.877083333333,0.,0.));
#3082 = VECTOR('',#3083,1.);
#3083 = DIRECTION('',(0.,1.,0.));
#3084 = ORIENTED_EDGE('',*,*,#3085,.F.);
#3085 = EDGE_CURVE('',#3086,#3078,#3088,.T.);
#3086 = VERTEX_POINT('',#3087);
#3087 = CARTESIAN_POINT('',(2.944583333333,0.,0.));
#3088 = LINE('',#3089,#3090);
#3089 = CARTESIAN_POINT('',(2.944583333333,0.,0.));
#3090 = VECTOR('',#3091,1.);
#3091 = DIRECTION('',(-1.,0.,0.));
#3092 = ORIENTED_EDGE('',*,*,#3093,.F.);
#3093 = EDGE_CURVE('',#3094,#3086,#3096,.T.);
#3094 = VERTEX_POINT('',#3095);
#3095 = CARTESIAN_POINT('',(2.944583333333,0.86525,0.));
#3096 = LINE('',#3097,#3098);
#3097 = CARTESIAN_POINT('',(2.944583333333,0.86525,0.));
#3098 = VECTOR('',#3099,1.);
#3099 = DIRECTION('',(0.,-1.,0.));
#3100 = ORIENTED_EDGE('',*,*,#3101,.F.);
#3101 = EDGE_CURVE('',#3102,#3094,#3104,.T.);
#3102 = VERTEX_POINT('',#3103);
#3103 = CARTESIAN_POINT('',(3.117666666667,1.1855,0.));
#3104 = B_SPLINE_CURVE_WITH_KNOTS('',2,(#3105,#3106,#3107),
  .UNSPECIFIED.,.F.,.F.,(3,3),(0.,1.),.PIECEWISE_BEZIER_KNOTS.);
#3105 = CARTESIAN_POINT('',(3.117666666667,1.1855,0.));
#3106 = CARTESIAN_POINT('',(2.989583333333,1.06125,0.));
#3107 = CARTESIAN_POINT('',(2.944583333333,0.86525,0.));
#3108 = ORIENTED_EDGE('',*,*,#3109,.F.);
#3109 = EDGE_CURVE('',#3110,#3102,#3112,.T.);
#3110 = VERTEX_POINT('',#3111);
#3111 = CARTESIAN_POINT('',(3.420833333333,1.30975,0.));
#3112 = B_SPLINE_CURVE_WITH_KNOTS('',2,(#3113,#3114,#3115),
  .UNSPECIFIED.,.F.,.F.,(3,3),(0.,1.),.PIECEWISE_BEZIER_KNOTS.);
#3113 = CARTESIAN_POINT('',(3.420833333333,1.30975,0.));
#3114 = CARTESIAN_POINT('',(3.245833333333,1.30975,0.));
#3115 = CARTESIAN_POINT('',(3.117666666667,1.1855,0.));
#3116 = ORIENTED_EDGE('',*,*,#3117,.F.);
#3117 = EDGE_CURVE('',#3118,#3110,#3120,.T.);
#3118 = VERTEX_POINT('',#3119);
#3119 = CARTESIAN_POINT('',(3.698333333333,1.2055,0.));
#3120 = B_SPLINE_CURVE_WITH_KNOTS('',2,(#3121,#3122,#3123),
  .UNSPECIFIED.,.F.,.F.,(3,3),(0.,1.),.PIECEWISE_BEZIER_KNOTS.);
#3121 = CARTESIAN_POINT('',(3.698333333333,1.2055,0.));
#3122 = CARTESIAN_POINT('',(3.610833333333,1.30975,0.));
#3123 = CARTESIAN_POINT('',(3.420833333333,1.30975,0.));
#3124 = ORIENTED_EDGE('',*,*,#3125,.F.);
#3125 = EDGE_CURVE('',#3126,#3118,#3128,.T.);
#3126 = VERTEX_POINT('',#3127);
#3127 = CARTESIAN_POINT('',(3.787083333333,0.884,0.));
#3128 = B_SPLINE_CURVE_WITH_KNOTS('',2,(#3129,#3130,#3131),
  .UNSPECIFIED.,.F.,.F.,(3,3),(0.,1.),.PIECEWISE_BEZIER_KNOTS.);
#3129 = CARTESIAN_POINT('',(3.787083333333,0.884,0.));
#3130 = CARTESIAN_POINT('',(3.785833333333,1.10125,0.));
#3131 = CARTESIAN_POINT('',(3.698333333333,1.2055,0.));
#3132 = ORIENTED_EDGE('',*,*,#3133,.F.);
#3133 = EDGE_CURVE('',#3134,#3126,#3136,.T.);
#3134 = VERTEX_POINT('',#3135);
#3135 = CARTESIAN_POINT('',(3.787083333333,0.,0.));
#3136 = LINE('',#3137,#3138);
#3137 = CARTESIAN_POINT('',(3.787083333333,0.,0.));
#3138 = VECTOR('',#3139,1.);
#3139 = DIRECTION('',(0.,1.,0.));
#3140 = ORIENTED_EDGE('',*,*,#3141,.F.);
#3141 = EDGE_CURVE('',#3142,#3134,#3144,.T.);
#3142 = VERTEX_POINT('',#3143);
#3143 = CARTESIAN_POINT('',(3.854583333333,0.,0.));
#3144 = LINE('',#3145,#3146);
#3145 = CARTESIAN_POINT('',(3.854583333333,0.,0.));
#3146 = VECTOR('',#3147,1.);
#3147 = DIRECTION('',(-1.,0.,0.));
#3148 = ORIENTED_EDGE('',*,*,#3149,.F.);
#3149 = EDGE_CURVE('',#3150,#3142,#3152,.T.);
#3150 = VERTEX_POINT('',#3151);
#3151 = CARTESIAN_POINT('',(3.854583333333,0.8815,0.));
#3152 = LINE('',#3153,#3154);
#3153 = CARTESIAN_POINT('',(3.854583333333,0.8815,0.));
#3154 = VECTOR('',#3155,1.);
#3155 = DIRECTION('',(0.,-1.,0.));
#3156 = ORIENTED_EDGE('',*,*,#3157,.F.);
#3157 = EDGE_CURVE('',#3158,#3150,#3160,.T.);
#3158 = VERTEX_POINT('',#3159);
#3159 = CARTESIAN_POINT('',(3.747666666667,1.253,0.));
#3160 = B_SPLINE_CURVE_WITH_KNOTS('',2,(#3161,#3162,#3163),
  .UNSPECIFIED.,.F.,.F.,(3,3),(0.,1.),.PIECEWISE_BEZIER_KNOTS.);
#3161 = CARTESIAN_POINT('',(3.747666666667,1.253,0.));
#3162 = CARTESIAN_POINT('',(3.853333333333,1.13,0.));
#3163 = CARTESIAN_POINT('',(3.854583333333,0.8815,0.));
#3164 = ORIENTED_EDGE('',*,*,#3165,.F.);
#3165 = EDGE_CURVE('',#3166,#3158,#3168,.T.);
#3166 = VERTEX_POINT('',#3167);
#3167 = CARTESIAN_POINT('',(3.424583333333,1.376,0.));
#3168 = B_SPLINE_CURVE_WITH_KNOTS('',2,(#3169,#3170,#3171),
  .UNSPECIFIED.,.F.,.F.,(3,3),(0.,1.),.PIECEWISE_BEZIER_KNOTS.);
#3169 = CARTESIAN_POINT('',(3.424583333333,1.376,0.));
#3170 = CARTESIAN_POINT('',(3.642083333333,1.376,0.));
#3171 = CARTESIAN_POINT('',(3.747666666667,1.253,0.));
#3172 = ORIENTED_EDGE('',*,*,#3173,.F.);
#3173 = EDGE_CURVE('',#3054,#3166,#3174,.T.);
#3174 = B_SPLINE_CURVE_WITH_KNOTS('',2,(#3175,#3176,#3177),
  .UNSPECIFIED.,.F.,.F.,(3,3),(0.,1.),.PIECEWISE_BEZIER_KNOTS.);
#3175 = CARTESIAN_POINT('',(3.139583333333,1.284833333333,0.));
#3176 = CARTESIAN_POINT('',(3.268333333333,1.376,0.));
#3177 = CARTESIAN_POINT('',(3.424583333333,1.376,0.));
#3178 = PLANE('',#3179);
#3179 = AXIS2_PLACEMENT_3D('',#3180,#3181,#3182);
#3180 = CARTESIAN_POINT('',(3.276449044064,0.915929626387,0.));
#3181 = DIRECTION('',(0.,0.,1.));
#3182 = DIRECTION('',(1.,0.,-0.));
#3183 = SHELL_BASED_SURFACE_MODEL('',(#3184));
#3184 = OPEN_SHELL('',(#3185));
#3185 = ADVANCED_FACE('',(#3186),#3220,.T.);
#3186 = FACE_BOUND('',#3187,.T.);
#3187 = EDGE_LOOP('',(#3188,#3198,#3206,#3214));
#3188 = ORIENTED_EDGE('',*,*,#3189,.F.);
#3189 = EDGE_CURVE('',#3190,#3192,#3194,.T.);
#3190 = VERTEX_POINT('',#3191);
#3191 = CARTESIAN_POINT('',(4.363,0.,0.));
#3192 = VERTEX_POINT('',#3193);
#3193 = CARTESIAN_POINT('',(4.2955,0.,0.));
#3194 = LINE('',#3195,#3196);
#3195 = CARTESIAN_POINT('',(4.363,0.,0.));
#3196 = VECTOR('',#3197,1.);
#3197 = DIRECTION('',(-1.,0.,0.));
#3198 = ORIENTED_EDGE('',*,*,#3199,.F.);
#3199 = EDGE_CURVE('',#3200,#3190,#3202,.T.);
#3200 = VERTEX_POINT('',#3201);
#3201 = CARTESIAN_POINT('',(4.363,1.354666666667,0.));
#3202 = LINE('',#3203,#3204);
#3203 = CARTESIAN_POINT('',(4.363,1.354666666667,0.));
#3204 = VECTOR('',#3205,1.);
#3205 = DIRECTION('',(0.,-1.,0.));
#3206 = ORIENTED_EDGE('',*,*,#3207,.F.);
#3207 = EDGE_CURVE('',#3208,#3200,#3210,.T.);
#3208 = VERTEX_POINT('',#3209);
#3209 = CARTESIAN_POINT('',(4.2955,1.354666666667,0.));
#3210 = LINE('',#3211,#3212);
#3211 = CARTESIAN_POINT('',(4.2955,1.354666666667,0.));
#3212 = VECTOR('',#3213,1.);
#3213 = DIRECTION('',(1.,0.,0.));
#3214 = ORIENTED_EDGE('',*,*,#3215,.F.);
#3215 = EDGE_CURVE('',#3192,#3208,#3216,.T.);
#3216 = LINE('',#3217,#3218);
#3217 = CARTESIAN_POINT('',(4.2955,0.,0.));
#3218 = VECTOR('',#3219,1.);
#3219 = DIRECTION('',(0.,1.,0.));
#3220 = PLANE('',#3221);
#3221 = AXIS2_PLACEMENT_3D('',#3222,#3223,#3224);
#3222 = CARTESIAN_POINT('',(4.329310830982,0.822695541416,0.));
#3223 = DIRECTION('',(0.,0.,1.));
#3224 = DIRECTION('',(1.,0.,-0.));
#3225 = SHELL_BASED_SURFACE_MODEL('',(#3226));
#3226 = OPEN_SHELL('',(#3227));
#3227 = ADVANCED_FACE('',(#3228),#3294,.T.);
#3228 = FACE_BOUND('',#3229,.T.);
#3229 = EDGE_LOOP('',(#3230,#3240,#3248,#3256,#3264,#3272,#3280,#3288));
#3230 = ORIENTED_EDGE('',*,*,#3231,.F.);
#3231 = EDGE_CURVE('',#3232,#3234,#3236,.T.);
#3232 = VERTEX_POINT('',#3233);
#3233 = CARTESIAN_POINT('',(4.2605,1.775416666667,0.));
#3234 = VERTEX_POINT('',#3235);
#3235 = CARTESIAN_POINT('',(4.2805,1.82475,0.));
#3236 = B_SPLINE_CURVE_WITH_KNOTS('',2,(#3237,#3238,#3239),
  .UNSPECIFIED.,.F.,.F.,(3,3),(0.,1.),.PIECEWISE_BEZIER_KNOTS.);
#3237 = CARTESIAN_POINT('',(4.2605,1.775416666667,0.));
#3238 = CARTESIAN_POINT('',(4.2605,1.804166666667,0.));
#3239 = CARTESIAN_POINT('',(4.2805,1.82475,0.));
#3240 = ORIENTED_EDGE('',*,*,#3241,.F.);
#3241 = EDGE_CURVE('',#3242,#3232,#3244,.T.);
#3242 = VERTEX_POINT('',#3243);
#3243 = CARTESIAN_POINT('',(4.2805,1.726666666667,0.));
#3244 = B_SPLINE_CURVE_WITH_KNOTS('',2,(#3245,#3246,#3247),
  .UNSPECIFIED.,.F.,.F.,(3,3),(0.,1.),.PIECEWISE_BEZIER_KNOTS.);
#3245 = CARTESIAN_POINT('',(4.2805,1.726666666667,0.));
#3246 = CARTESIAN_POINT('',(4.2605,1.746666666667,0.));
#3247 = CARTESIAN_POINT('',(4.2605,1.775416666667,0.));
#3248 = ORIENTED_EDGE('',*,*,#3249,.F.);
#3249 = EDGE_CURVE('',#3250,#3242,#3252,.T.);
#3250 = VERTEX_POINT('',#3251);
#3251 = CARTESIAN_POINT('',(4.32925,1.706666666667,0.));
#3252 = B_SPLINE_CURVE_WITH_KNOTS('',2,(#3253,#3254,#3255),
  .UNSPECIFIED.,.F.,.F.,(3,3),(0.,1.),.PIECEWISE_BEZIER_KNOTS.);
#3253 = CARTESIAN_POINT('',(4.32925,1.706666666667,0.));
#3254 = CARTESIAN_POINT('',(4.3005,1.706666666667,0.));
#3255 = CARTESIAN_POINT('',(4.2805,1.726666666667,0.));
#3256 = ORIENTED_EDGE('',*,*,#3257,.F.);
#3257 = EDGE_CURVE('',#3258,#3250,#3260,.T.);
#3258 = VERTEX_POINT('',#3259);
#3259 = CARTESIAN_POINT('',(4.378583333333,1.726666666667,0.));
#3260 = B_SPLINE_CURVE_WITH_KNOTS('',2,(#3261,#3262,#3263),
  .UNSPECIFIED.,.F.,.F.,(3,3),(0.,1.),.PIECEWISE_BEZIER_KNOTS.);
#3261 = CARTESIAN_POINT('',(4.378583333333,1.726666666667,0.));
#3262 = CARTESIAN_POINT('',(4.358,1.706666666667,0.));
#3263 = CARTESIAN_POINT('',(4.32925,1.706666666667,0.));
#3264 = ORIENTED_EDGE('',*,*,#3265,.F.);
#3265 = EDGE_CURVE('',#3266,#3258,#3268,.T.);
#3266 = VERTEX_POINT('',#3267);
#3267 = CARTESIAN_POINT('',(4.39925,1.775416666667,0.));
#3268 = B_SPLINE_CURVE_WITH_KNOTS('',2,(#3269,#3270,#3271),
  .UNSPECIFIED.,.F.,.F.,(3,3),(0.,1.),.PIECEWISE_BEZIER_KNOTS.);
#3269 = CARTESIAN_POINT('',(4.39925,1.775416666667,0.));
#3270 = CARTESIAN_POINT('',(4.39925,1.746666666667,0.));
#3271 = CARTESIAN_POINT('',(4.378583333333,1.726666666667,0.));
#3272 = ORIENTED_EDGE('',*,*,#3273,.F.);
#3273 = EDGE_CURVE('',#3274,#3266,#3276,.T.);
#3274 = VERTEX_POINT('',#3275);
#3275 = CARTESIAN_POINT('',(4.378583333333,1.82475,0.));
#3276 = B_SPLINE_CURVE_WITH_KNOTS('',2,(#3277,#3278,#3279),
  .UNSPECIFIED.,.F.,.F.,(3,3),(0.,1.),.PIECEWISE_BEZIER_KNOTS.);
#3277 = CARTESIAN_POINT('',(4.378583333333,1.82475,0.));
#3278 = CARTESIAN_POINT('',(4.39925,1.804166666667,0.));
#3279 = CARTESIAN_POINT('',(4.39925,1.775416666667,0.));
#3280 = ORIENTED_EDGE('',*,*,#3281,.F.);
#3281 = EDGE_CURVE('',#3282,#3274,#3284,.T.);
#3282 = VERTEX_POINT('',#3283);
#3283 = CARTESIAN_POINT('',(4.32925,1.845416666667,0.));
#3284 = B_SPLINE_CURVE_WITH_KNOTS('',2,(#3285,#3286,#3287),
  .UNSPECIFIED.,.F.,.F.,(3,3),(0.,1.),.PIECEWISE_BEZIER_KNOTS.);
#3285 = CARTESIAN_POINT('',(4.32925,1.845416666667,0.));
#3286 = CARTESIAN_POINT('',(4.358,1.845416666667,0.));
#3287 = CARTESIAN_POINT('',(4.378583333333,1.82475,0.));
#3288 = ORIENTED_EDGE('',*,*,#3289,.F.);
#3289 = EDGE_CURVE('',#3234,#3282,#3290,.T.);
#3290 = B_SPLINE_CURVE_WITH_KNOTS('',2,(#3291,#3292,#3293),
  .UNSPECIFIED.,.F.,.F.,(3,3),(0.,1.),.PIECEWISE_BEZIER_KNOTS.);
#3291 = CARTESIAN_POINT('',(4.2805,1.82475,0.));
#3292 = CARTESIAN_POINT('',(4.3005,1.845416666667,0.));
#3293 = CARTESIAN_POINT('',(4.32925,1.845416666667,0.));
#3294 = PLANE('',#3295);
#3295 = AXIS2_PLACEMENT_3D('',#3296,#3297,#3298);
#3296 = CARTESIAN_POINT('',(4.329310830982,0.822695541416,0.));
#3297 = DIRECTION('',(0.,0.,1.));
#3298 = DIRECTION('',(1.,0.,-0.));
#3299 = SHELL_BASED_SURFACE_MODEL('',(#3300));
#3300 = OPEN_SHELL('',(#3301));
#3301 = ADVANCED_FACE('',(#3302),#3432,.T.);
#3302 = FACE_BOUND('',#3303,.T.);
#3303 = EDGE_LOOP('',(#3304,#3314,#3322,#3330,#3338,#3346,#3354,#3362,
    #3370,#3378,#3386,#3394,#3402,#3410,#3418,#3426));
#3304 = ORIENTED_EDGE('',*,*,#3305,.F.);
#3305 = EDGE_CURVE('',#3306,#3308,#3310,.T.);
#3306 = VERTEX_POINT('',#3307);
#3307 = CARTESIAN_POINT('',(5.713916666667,0.,0.));
#3308 = VERTEX_POINT('',#3309);
#3309 = CARTESIAN_POINT('',(5.713916666667,0.219083333333,0.));
#3310 = LINE('',#3311,#3312);
#3311 = CARTESIAN_POINT('',(5.713916666667,0.,0.));
#3312 = VECTOR('',#3313,1.);
#3313 = DIRECTION('',(0.,1.,0.));
#3314 = ORIENTED_EDGE('',*,*,#3315,.F.);
#3315 = EDGE_CURVE('',#3316,#3306,#3318,.T.);
#3316 = VERTEX_POINT('',#3317);
#3317 = CARTESIAN_POINT('',(5.782666666667,0.,0.));
#3318 = LINE('',#3319,#3320);
#3319 = CARTESIAN_POINT('',(5.782666666667,0.,0.));
#3320 = VECTOR('',#3321,1.);
#3321 = DIRECTION('',(-1.,0.,0.));
#3322 = ORIENTED_EDGE('',*,*,#3323,.F.);
#3323 = EDGE_CURVE('',#3324,#3316,#3326,.T.);
#3324 = VERTEX_POINT('',#3325);
#3325 = CARTESIAN_POINT('',(5.782666666667,1.354666666667,0.));
#3326 = LINE('',#3327,#3328);
#3327 = CARTESIAN_POINT('',(5.782666666667,1.354666666667,0.));
#3328 = VECTOR('',#3329,1.);
#3329 = DIRECTION('',(0.,-1.,0.));
#3330 = ORIENTED_EDGE('',*,*,#3331,.F.);
#3331 = EDGE_CURVE('',#3332,#3324,#3334,.T.);
#3332 = VERTEX_POINT('',#3333);
#3333 = CARTESIAN_POINT('',(5.713916666667,1.354666666667,0.));
#3334 = LINE('',#3335,#3336);
#3335 = CARTESIAN_POINT('',(5.713916666667,1.354666666667,0.));
#3336 = VECTOR('',#3337,1.);
#3337 = DIRECTION('',(1.,0.,0.));
#3338 = ORIENTED_EDGE('',*,*,#3339,.F.);
#3339 = EDGE_CURVE('',#3340,#3332,#3342,.T.);
#3340 = VERTEX_POINT('',#3341);
#3341 = CARTESIAN_POINT('',(5.713916666667,0.400666666667,0.));
#3342 = LINE('',#3343,#3344);
#3343 = CARTESIAN_POINT('',(5.713916666667,0.400666666667,0.));
#3344 = VECTOR('',#3345,1.);
#3345 = DIRECTION('',(0.,1.,0.));
#3346 = ORIENTED_EDGE('',*,*,#3347,.F.);
#3347 = EDGE_CURVE('',#3348,#3340,#3350,.T.);
#3348 = VERTEX_POINT('',#3349);
#3349 = CARTESIAN_POINT('',(5.560166666667,0.132333333333,0.));
#3350 = B_SPLINE_CURVE_WITH_KNOTS('',2,(#3351,#3352,#3353),
  .UNSPECIFIED.,.F.,.F.,(3,3),(0.,1.),.PIECEWISE_BEZIER_KNOTS.);
#3351 = CARTESIAN_POINT('',(5.560166666667,0.132333333333,0.));
#3352 = CARTESIAN_POINT('',(5.681416666667,0.223833333333,0.));
#3353 = CARTESIAN_POINT('',(5.713916666667,0.400666666667,0.));
#3354 = ORIENTED_EDGE('',*,*,#3355,.F.);
#3355 = EDGE_CURVE('',#3356,#3348,#3358,.T.);
#3356 = VERTEX_POINT('',#3357);
#3357 = CARTESIAN_POINT('',(5.245166666667,4.083333333333E-02,0.));
#3358 = B_SPLINE_CURVE_WITH_KNOTS('',2,(#3359,#3360,#3361),
  .UNSPECIFIED.,.F.,.F.,(3,3),(0.,1.),.PIECEWISE_BEZIER_KNOTS.);
#3359 = CARTESIAN_POINT('',(5.245166666667,4.083333333333E-02,0.));
#3360 = CARTESIAN_POINT('',(5.438916666667,4.083333333333E-02,0.));
#3361 = CARTESIAN_POINT('',(5.560166666667,0.132333333333,0.));
#3362 = ORIENTED_EDGE('',*,*,#3363,.F.);
#3363 = EDGE_CURVE('',#3364,#3356,#3366,.T.);
#3364 = VERTEX_POINT('',#3365);
#3365 = CARTESIAN_POINT('',(4.967666666667,0.15175,0.));
#3366 = B_SPLINE_CURVE_WITH_KNOTS('',2,(#3367,#3368,#3369),
  .UNSPECIFIED.,.F.,.F.,(3,3),(0.,1.),.PIECEWISE_BEZIER_KNOTS.);
#3367 = CARTESIAN_POINT('',(4.967666666667,0.15175,0.));
#3368 = CARTESIAN_POINT('',(5.062666666667,4.083333333333E-02,0.));
#3369 = CARTESIAN_POINT('',(5.245166666667,4.083333333333E-02,0.));
#3370 = ORIENTED_EDGE('',*,*,#3371,.F.);
#3371 = EDGE_CURVE('',#3372,#3364,#3374,.T.);
#3372 = VERTEX_POINT('',#3373);
#3373 = CARTESIAN_POINT('',(4.870166666667,0.478333333333,0.));
#3374 = B_SPLINE_CURVE_WITH_KNOTS('',2,(#3375,#3376,#3377),
  .UNSPECIFIED.,.F.,.F.,(3,3),(0.,1.),.PIECEWISE_BEZIER_KNOTS.);
#3375 = CARTESIAN_POINT('',(4.870166666667,0.478333333333,0.));
#3376 = CARTESIAN_POINT('',(4.872666666667,0.26275,0.));
#3377 = CARTESIAN_POINT('',(4.967666666667,0.15175,0.));
#3378 = ORIENTED_EDGE('',*,*,#3379,.F.);
#3379 = EDGE_CURVE('',#3380,#3372,#3382,.T.);
#3380 = VERTEX_POINT('',#3381);
#3381 = CARTESIAN_POINT('',(4.870166666667,1.354666666667,0.));
#3382 = LINE('',#3383,#3384);
#3383 = CARTESIAN_POINT('',(4.870166666667,1.354666666667,0.));
#3384 = VECTOR('',#3385,1.);
#3385 = DIRECTION('',(0.,-1.,0.));
#3386 = ORIENTED_EDGE('',*,*,#3387,.F.);
#3387 = EDGE_CURVE('',#3388,#3380,#3390,.T.);
#3388 = VERTEX_POINT('',#3389);
#3389 = CARTESIAN_POINT('',(4.802666666667,1.354666666667,0.));
#3390 = LINE('',#3391,#3392);
#3391 = CARTESIAN_POINT('',(4.802666666667,1.354666666667,0.));
#3392 = VECTOR('',#3393,1.);
#3393 = DIRECTION('',(1.,0.,0.));
#3394 = ORIENTED_EDGE('',*,*,#3395,.F.);
#3395 = EDGE_CURVE('',#3396,#3388,#3398,.T.);
#3396 = VERTEX_POINT('',#3397);
#3397 = CARTESIAN_POINT('',(4.802666666667,0.481,0.));
#3398 = LINE('',#3399,#3400);
#3399 = CARTESIAN_POINT('',(4.802666666667,0.481,0.));
#3400 = VECTOR('',#3401,1.);
#3401 = DIRECTION('',(0.,1.,0.));
#3402 = ORIENTED_EDGE('',*,*,#3403,.F.);
#3403 = EDGE_CURVE('',#3404,#3396,#3406,.T.);
#3404 = VERTEX_POINT('',#3405);
#3405 = CARTESIAN_POINT('',(4.91575,0.103083333333,0.));
#3406 = B_SPLINE_CURVE_WITH_KNOTS('',2,(#3407,#3408,#3409),
  .UNSPECIFIED.,.F.,.F.,(3,3),(0.,1.),.PIECEWISE_BEZIER_KNOTS.);
#3407 = CARTESIAN_POINT('',(4.91575,0.103083333333,0.));
#3408 = CARTESIAN_POINT('',(4.805166666667,0.232833333333,0.));
#3409 = CARTESIAN_POINT('',(4.802666666667,0.481,0.));
#3410 = ORIENTED_EDGE('',*,*,#3411,.F.);
#3411 = EDGE_CURVE('',#3412,#3404,#3414,.T.);
#3412 = VERTEX_POINT('',#3413);
#3413 = CARTESIAN_POINT('',(5.247666666667,-2.666666666667E-02,0.));
#3414 = B_SPLINE_CURVE_WITH_KNOTS('',2,(#3415,#3416,#3417),
  .UNSPECIFIED.,.F.,.F.,(3,3),(0.,1.),.PIECEWISE_BEZIER_KNOTS.);
#3415 = CARTESIAN_POINT('',(5.247666666667,-2.666666666667E-02,0.));
#3416 = CARTESIAN_POINT('',(5.026416666667,-2.666666666667E-02,0.));
#3417 = CARTESIAN_POINT('',(4.91575,0.103083333333,0.));
#3418 = ORIENTED_EDGE('',*,*,#3419,.F.);
#3419 = EDGE_CURVE('',#3420,#3412,#3422,.T.);
#3420 = VERTEX_POINT('',#3421);
#3421 = CARTESIAN_POINT('',(5.538916666667,3.95E-02,0.));
#3422 = B_SPLINE_CURVE_WITH_KNOTS('',2,(#3423,#3424,#3425),
  .UNSPECIFIED.,.F.,.F.,(3,3),(0.,1.),.PIECEWISE_BEZIER_KNOTS.);
#3423 = CARTESIAN_POINT('',(5.538916666667,3.95E-02,0.));
#3424 = CARTESIAN_POINT('',(5.423916666667,-2.666666666667E-02,0.));
#3425 = CARTESIAN_POINT('',(5.247666666667,-2.666666666667E-02,0.));
#3426 = ORIENTED_EDGE('',*,*,#3427,.F.);
#3427 = EDGE_CURVE('',#3308,#3420,#3428,.T.);
#3428 = B_SPLINE_CURVE_WITH_KNOTS('',2,(#3429,#3430,#3431),
  .UNSPECIFIED.,.F.,.F.,(3,3),(0.,1.),.PIECEWISE_BEZIER_KNOTS.);
#3429 = CARTESIAN_POINT('',(5.713916666667,0.219083333333,0.));
#3430 = CARTESIAN_POINT('',(5.653916666667,0.105666666667,0.));
#3431 = CARTESIAN_POINT('',(5.538916666667,3.95E-02,0.));
#3432 = PLANE('',#3433);
#3433 = AXIS2_PLACEMENT_3D('',#3434,#3435,#3436);
#3434 = CARTESIAN_POINT('',(5.321630052389,0.557351059381,0.));
#3435 = DIRECTION('',(0.,0.,1.));
#3436 = DIRECTION('',(1.,0.,-0.));
#3437 = SHELL_BASED_SURFACE_MODEL('',(#3438));
#3438 = OPEN_SHELL('',(#3439));
#3439 = ADVANCED_FACE('',(#3440),#3658,.T.);
#3440 = FACE_BOUND('',#3441,.T.);
#3441 = EDGE_LOOP('',(#3442,#3452,#3460,#3468,#3476,#3484,#3492,#3500,
    #3508,#3516,#3524,#3532,#3540,#3548,#3556,#3564,#3572,#3580,#3588,
    #3596,#3604,#3612,#3620,#3628,#3636,#3644,#3652));
#3442 = ORIENTED_EDGE('',*,*,#3443,.F.);
#3443 = EDGE_CURVE('',#3444,#3446,#3448,.T.);
#3444 = VERTEX_POINT('',#3445);
#3445 = CARTESIAN_POINT('',(7.176333333333,0.,0.));
#3446 = VERTEX_POINT('',#3447);
#3447 = CARTESIAN_POINT('',(7.108833333333,0.,0.));
#3448 = LINE('',#3449,#3450);
#3449 = CARTESIAN_POINT('',(7.176333333333,0.,0.));
#3450 = VECTOR('',#3451,1.);
#3451 = DIRECTION('',(-1.,0.,0.));
#3452 = ORIENTED_EDGE('',*,*,#3453,.F.);
#3453 = EDGE_CURVE('',#3454,#3444,#3456,.T.);
#3454 = VERTEX_POINT('',#3455);
#3455 = CARTESIAN_POINT('',(7.176333333333,0.899,0.));
#3456 = LINE('',#3457,#3458);
#3457 = CARTESIAN_POINT('',(7.176333333333,0.899,0.));
#3458 = VECTOR('',#3459,1.);
#3459 = DIRECTION('',(0.,-1.,0.));
#3460 = ORIENTED_EDGE('',*,*,#3461,.F.);
#3461 = EDGE_CURVE('',#3462,#3454,#3464,.T.);
#3462 = VERTEX_POINT('',#3463);
#3463 = CARTESIAN_POINT('',(7.266333333333,1.11375,0.));
#3464 = B_SPLINE_CURVE_WITH_KNOTS('',2,(#3465,#3466,#3467),
  .UNSPECIFIED.,.F.,.F.,(3,3),(0.,1.),.PIECEWISE_BEZIER_KNOTS.);
#3465 = CARTESIAN_POINT('',(7.266333333333,1.11375,0.));
#3466 = CARTESIAN_POINT('',(7.183833333333,1.002583333333,0.));
#3467 = CARTESIAN_POINT('',(7.176333333333,0.899,0.));
#3468 = ORIENTED_EDGE('',*,*,#3469,.F.);
#3469 = EDGE_CURVE('',#3470,#3462,#3472,.T.);
#3470 = VERTEX_POINT('',#3471);
#3471 = CARTESIAN_POINT('',(7.656333333333,1.30975,0.));
#3472 = B_SPLINE_CURVE_WITH_KNOTS('',2,(#3473,#3474,#3475),
  .UNSPECIFIED.,.F.,.F.,(3,3),(0.,1.),.PIECEWISE_BEZIER_KNOTS.);
#3473 = CARTESIAN_POINT('',(7.656333333333,1.30975,0.));
#3474 = CARTESIAN_POINT('',(7.410083333333,1.306,0.));
#3475 = CARTESIAN_POINT('',(7.266333333333,1.11375,0.));
#3476 = ORIENTED_EDGE('',*,*,#3477,.F.);
#3477 = EDGE_CURVE('',#3478,#3470,#3480,.T.);
#3478 = VERTEX_POINT('',#3479);
#3479 = CARTESIAN_POINT('',(7.936916666667,1.2055,0.));
#3480 = B_SPLINE_CURVE_WITH_KNOTS('',2,(#3481,#3482,#3483),
  .UNSPECIFIED.,.F.,.F.,(3,3),(0.,1.),.PIECEWISE_BEZIER_KNOTS.);
#3481 = CARTESIAN_POINT('',(7.936916666667,1.2055,0.));
#3482 = CARTESIAN_POINT('',(7.847583333333,1.31225,0.));
#3483 = CARTESIAN_POINT('',(7.656333333333,1.30975,0.));
#3484 = ORIENTED_EDGE('',*,*,#3485,.F.);
#3485 = EDGE_CURVE('',#3486,#3478,#3488,.T.);
#3486 = VERTEX_POINT('',#3487);
#3487 = CARTESIAN_POINT('',(8.026333333333,0.8765,0.));
#3488 = B_SPLINE_CURVE_WITH_KNOTS('',2,(#3489,#3490,#3491),
  .UNSPECIFIED.,.F.,.F.,(3,3),(0.,1.),.PIECEWISE_BEZIER_KNOTS.);
#3489 = CARTESIAN_POINT('',(8.026333333333,0.8765,0.));
#3490 = CARTESIAN_POINT('',(8.026333333333,1.09875,0.));
#3491 = CARTESIAN_POINT('',(7.936916666667,1.2055,0.));
#3492 = ORIENTED_EDGE('',*,*,#3493,.F.);
#3493 = EDGE_CURVE('',#3494,#3486,#3496,.T.);
#3494 = VERTEX_POINT('',#3495);
#3495 = CARTESIAN_POINT('',(8.026333333333,0.,0.));
#3496 = LINE('',#3497,#3498);
#3497 = CARTESIAN_POINT('',(8.026333333333,0.,0.));
#3498 = VECTOR('',#3499,1.);
#3499 = DIRECTION('',(0.,1.,0.));
#3500 = ORIENTED_EDGE('',*,*,#3501,.F.);
#3501 = EDGE_CURVE('',#3502,#3494,#3504,.T.);
#3502 = VERTEX_POINT('',#3503);
#3503 = CARTESIAN_POINT('',(8.093833333333,0.,0.));
#3504 = LINE('',#3505,#3506);
#3505 = CARTESIAN_POINT('',(8.093833333333,0.,0.));
#3506 = VECTOR('',#3507,1.);
#3507 = DIRECTION('',(-1.,0.,0.));
#3508 = ORIENTED_EDGE('',*,*,#3509,.F.);
#3509 = EDGE_CURVE('',#3510,#3502,#3512,.T.);
#3510 = VERTEX_POINT('',#3511);
#3511 = CARTESIAN_POINT('',(8.093833333333,0.8815,0.));
#3512 = LINE('',#3513,#3514);
#3513 = CARTESIAN_POINT('',(8.093833333333,0.8815,0.));
#3514 = VECTOR('',#3515,1.);
#3515 = DIRECTION('',(0.,-1.,0.));
#3516 = ORIENTED_EDGE('',*,*,#3517,.F.);
#3517 = EDGE_CURVE('',#3518,#3510,#3520,.T.);
#3518 = VERTEX_POINT('',#3519);
#3519 = CARTESIAN_POINT('',(7.985666666667,1.252333333333,0.));
#3520 = B_SPLINE_CURVE_WITH_KNOTS('',2,(#3521,#3522,#3523),
  .UNSPECIFIED.,.F.,.F.,(3,3),(0.,1.),.PIECEWISE_BEZIER_KNOTS.);
#3521 = CARTESIAN_POINT('',(7.985666666667,1.252333333333,0.));
#3522 = CARTESIAN_POINT('',(8.092583333333,1.12875,0.));
#3523 = CARTESIAN_POINT('',(8.093833333333,0.8815,0.));
#3524 = ORIENTED_EDGE('',*,*,#3525,.F.);
#3525 = EDGE_CURVE('',#3526,#3518,#3528,.T.);
#3526 = VERTEX_POINT('',#3527);
#3527 = CARTESIAN_POINT('',(7.660083333333,1.376,0.));
#3528 = B_SPLINE_CURVE_WITH_KNOTS('',2,(#3529,#3530,#3531),
  .UNSPECIFIED.,.F.,.F.,(3,3),(0.,1.),.PIECEWISE_BEZIER_KNOTS.);
#3529 = CARTESIAN_POINT('',(7.660083333333,1.376,0.));
#3530 = CARTESIAN_POINT('',(7.878833333333,1.376,0.));
#3531 = CARTESIAN_POINT('',(7.985666666667,1.252333333333,0.));
#3532 = ORIENTED_EDGE('',*,*,#3533,.F.);
#3533 = EDGE_CURVE('',#3534,#3526,#3536,.T.);
#3534 = VERTEX_POINT('',#3535);
#3535 = CARTESIAN_POINT('',(7.357583333333,1.289166666667,0.));
#3536 = B_SPLINE_CURVE_WITH_KNOTS('',2,(#3537,#3538,#3539),
  .UNSPECIFIED.,.F.,.F.,(3,3),(0.,1.),.PIECEWISE_BEZIER_KNOTS.);
#3537 = CARTESIAN_POINT('',(7.357583333333,1.289166666667,0.));
#3538 = CARTESIAN_POINT('',(7.492583333333,1.376,0.));
#3539 = CARTESIAN_POINT('',(7.660083333333,1.376,0.));
#3540 = ORIENTED_EDGE('',*,*,#3541,.F.);
#3541 = EDGE_CURVE('',#3542,#3534,#3544,.T.);
#3542 = VERTEX_POINT('',#3543);
#3543 = CARTESIAN_POINT('',(7.162583333333,1.056333333333,0.));
#3544 = B_SPLINE_CURVE_WITH_KNOTS('',2,(#3545,#3546,#3547),
  .UNSPECIFIED.,.F.,.F.,(3,3),(0.,1.),.PIECEWISE_BEZIER_KNOTS.);
#3545 = CARTESIAN_POINT('',(7.162583333333,1.056333333333,0.));
#3546 = CARTESIAN_POINT('',(7.222583333333,1.202416666667,0.));
#3547 = CARTESIAN_POINT('',(7.357583333333,1.289166666667,0.));
#3548 = ORIENTED_EDGE('',*,*,#3549,.F.);
#3549 = EDGE_CURVE('',#3550,#3542,#3552,.T.);
#3550 = VERTEX_POINT('',#3551);
#3551 = CARTESIAN_POINT('',(7.020666666667,1.301083333333,0.));
#3552 = B_SPLINE_CURVE_WITH_KNOTS('',2,(#3553,#3554,#3555),
  .UNSPECIFIED.,.F.,.F.,(3,3),(0.,1.),.PIECEWISE_BEZIER_KNOTS.);
#3553 = CARTESIAN_POINT('',(7.020666666667,1.301083333333,0.));
#3554 = CARTESIAN_POINT('',(7.128833333333,1.226166666667,0.));
#3555 = CARTESIAN_POINT('',(7.162583333333,1.056333333333,0.));
#3556 = ORIENTED_EDGE('',*,*,#3557,.F.);
#3557 = EDGE_CURVE('',#3558,#3550,#3560,.T.);
#3558 = VERTEX_POINT('',#3559);
#3559 = CARTESIAN_POINT('',(6.742583333333,1.376,0.));
#3560 = B_SPLINE_CURVE_WITH_KNOTS('',2,(#3561,#3562,#3563),
  .UNSPECIFIED.,.F.,.F.,(3,3),(0.,1.),.PIECEWISE_BEZIER_KNOTS.);
#3561 = CARTESIAN_POINT('',(6.742583333333,1.376,0.));
#3562 = CARTESIAN_POINT('',(6.912583333333,1.376,0.));
#3563 = CARTESIAN_POINT('',(7.020666666667,1.301083333333,0.));
#3564 = ORIENTED_EDGE('',*,*,#3565,.F.);
#3565 = EDGE_CURVE('',#3566,#3558,#3568,.T.);
#3566 = VERTEX_POINT('',#3567);
#3567 = CARTESIAN_POINT('',(6.460083333333,1.286083333333,0.));
#3568 = B_SPLINE_CURVE_WITH_KNOTS('',2,(#3569,#3570,#3571),
  .UNSPECIFIED.,.F.,.F.,(3,3),(0.,1.),.PIECEWISE_BEZIER_KNOTS.);
#3569 = CARTESIAN_POINT('',(6.460083333333,1.286083333333,0.));
#3570 = CARTESIAN_POINT('',(6.587583333333,1.376,0.));
#3571 = CARTESIAN_POINT('',(6.742583333333,1.376,0.));
#3572 = ORIENTED_EDGE('',*,*,#3573,.F.);
#3573 = EDGE_CURVE('',#3574,#3566,#3576,.T.);
#3574 = VERTEX_POINT('',#3575);
#3575 = CARTESIAN_POINT('',(6.263833333333,1.031416666667,0.));
#3576 = B_SPLINE_CURVE_WITH_KNOTS('',2,(#3577,#3578,#3579),
  .UNSPECIFIED.,.F.,.F.,(3,3),(0.,1.),.PIECEWISE_BEZIER_KNOTS.);
#3577 = CARTESIAN_POINT('',(6.263833333333,1.031416666667,0.));
#3578 = CARTESIAN_POINT('',(6.332583333333,1.19625,0.));
#3579 = CARTESIAN_POINT('',(6.460083333333,1.286083333333,0.));
#3580 = ORIENTED_EDGE('',*,*,#3581,.F.);
#3581 = EDGE_CURVE('',#3582,#3574,#3584,.T.);
#3582 = VERTEX_POINT('',#3583);
#3583 = CARTESIAN_POINT('',(6.263833333333,1.354666666667,0.));
#3584 = LINE('',#3585,#3586);
#3585 = CARTESIAN_POINT('',(6.263833333333,1.354666666667,0.));
#3586 = VECTOR('',#3587,1.);
#3587 = DIRECTION('',(0.,-1.,0.));
#3588 = ORIENTED_EDGE('',*,*,#3589,.F.);
#3589 = EDGE_CURVE('',#3590,#3582,#3592,.T.);
#3590 = VERTEX_POINT('',#3591);
#3591 = CARTESIAN_POINT('',(6.195083333333,1.354666666667,0.));
#3592 = LINE('',#3593,#3594);
#3593 = CARTESIAN_POINT('',(6.195083333333,1.354666666667,0.));
#3594 = VECTOR('',#3595,1.);
#3595 = DIRECTION('',(1.,0.,0.));
#3596 = ORIENTED_EDGE('',*,*,#3597,.F.);
#3597 = EDGE_CURVE('',#3598,#3590,#3600,.T.);
#3598 = VERTEX_POINT('',#3599);
#3599 = CARTESIAN_POINT('',(6.195083333333,0.,0.));
#3600 = LINE('',#3601,#3602);
#3601 = CARTESIAN_POINT('',(6.195083333333,0.,0.));
#3602 = VECTOR('',#3603,1.);
#3603 = DIRECTION('',(0.,1.,0.));
#3604 = ORIENTED_EDGE('',*,*,#3605,.F.);
#3605 = EDGE_CURVE('',#3606,#3598,#3608,.T.);
#3606 = VERTEX_POINT('',#3607);
#3607 = CARTESIAN_POINT('',(6.263833333333,0.,0.));
#3608 = LINE('',#3609,#3610);
#3609 = CARTESIAN_POINT('',(6.263833333333,0.,0.));
#3610 = VECTOR('',#3611,1.);
#3611 = DIRECTION('',(-1.,0.,0.));
#3612 = ORIENTED_EDGE('',*,*,#3613,.F.);
#3613 = EDGE_CURVE('',#3614,#3606,#3616,.T.);
#3614 = VERTEX_POINT('',#3615);
#3615 = CARTESIAN_POINT('',(6.263833333333,0.854,0.));
#3616 = LINE('',#3617,#3618);
#3617 = CARTESIAN_POINT('',(6.263833333333,0.854,0.));
#3618 = VECTOR('',#3619,1.);
#3619 = DIRECTION('',(0.,-1.,0.));
#3620 = ORIENTED_EDGE('',*,*,#3621,.F.);
#3621 = EDGE_CURVE('',#3622,#3614,#3624,.T.);
#3622 = VERTEX_POINT('',#3623);
#3623 = CARTESIAN_POINT('',(6.375083333333,1.11375,0.));
#3624 = B_SPLINE_CURVE_WITH_KNOTS('',2,(#3625,#3626,#3627),
  .UNSPECIFIED.,.F.,.F.,(3,3),(0.,1.),.PIECEWISE_BEZIER_KNOTS.);
#3625 = CARTESIAN_POINT('',(6.375083333333,1.11375,0.));
#3626 = CARTESIAN_POINT('',(6.291333333333,0.996333333333,0.));
#3627 = CARTESIAN_POINT('',(6.263833333333,0.854,0.));
#3628 = ORIENTED_EDGE('',*,*,#3629,.F.);
#3629 = EDGE_CURVE('',#3630,#3622,#3632,.T.);
#3630 = VERTEX_POINT('',#3631);
#3631 = CARTESIAN_POINT('',(6.738833333333,1.30975,0.));
#3632 = B_SPLINE_CURVE_WITH_KNOTS('',2,(#3633,#3634,#3635),
  .UNSPECIFIED.,.F.,.F.,(3,3),(0.,1.),.PIECEWISE_BEZIER_KNOTS.);
#3633 = CARTESIAN_POINT('',(6.738833333333,1.30975,0.));
#3634 = CARTESIAN_POINT('',(6.516333333333,1.30975,0.));
#3635 = CARTESIAN_POINT('',(6.375083333333,1.11375,0.));
#3636 = ORIENTED_EDGE('',*,*,#3637,.F.);
#3637 = EDGE_CURVE('',#3638,#3630,#3640,.T.);
#3638 = VERTEX_POINT('',#3639);
#3639 = CARTESIAN_POINT('',(7.019416666667,1.2105,0.));
#3640 = B_SPLINE_CURVE_WITH_KNOTS('',2,(#3641,#3642,#3643),
  .UNSPECIFIED.,.F.,.F.,(3,3),(0.,1.),.PIECEWISE_BEZIER_KNOTS.);
#3641 = CARTESIAN_POINT('',(7.019416666667,1.2105,0.));
#3642 = CARTESIAN_POINT('',(6.931333333333,1.30975,0.));
#3643 = CARTESIAN_POINT('',(6.738833333333,1.30975,0.));
#3644 = ORIENTED_EDGE('',*,*,#3645,.F.);
#3645 = EDGE_CURVE('',#3646,#3638,#3648,.T.);
#3646 = VERTEX_POINT('',#3647);
#3647 = CARTESIAN_POINT('',(7.108833333333,0.90775,0.));
#3648 = B_SPLINE_CURVE_WITH_KNOTS('',2,(#3649,#3650,#3651),
  .UNSPECIFIED.,.F.,.F.,(3,3),(0.,1.),.PIECEWISE_BEZIER_KNOTS.);
#3649 = CARTESIAN_POINT('',(7.108833333333,0.90775,0.));
#3650 = CARTESIAN_POINT('',(7.107583333333,1.11125,0.));
#3651 = CARTESIAN_POINT('',(7.019416666667,1.2105,0.));
#3652 = ORIENTED_EDGE('',*,*,#3653,.F.);
#3653 = EDGE_CURVE('',#3446,#3646,#3654,.T.);
#3654 = LINE('',#3655,#3656);
#3655 = CARTESIAN_POINT('',(7.108833333333,0.,0.));
#3656 = VECTOR('',#3657,1.);
#3657 = DIRECTION('',(0.,1.,0.));
#3658 = PLANE('',#3659);
#3659 = AXIS2_PLACEMENT_3D('',#3660,#3661,#3662);
#3660 = CARTESIAN_POINT('',(7.102954369268,0.829010147909,0.));
#3661 = DIRECTION('',(0.,0.,1.));
#3662 = DIRECTION('',(1.,0.,-0.));
#3663 = SHELL_BASED_SURFACE_MODEL('',(#3664));
#3664 = OPEN_SHELL('',(#3665));
#3665 = ADVANCED_FACE('',(#3666),#3852,.T.);
#3666 = FACE_BOUND('',#3667,.T.);
#3667 = EDGE_LOOP('',(#3668,#3678,#3686,#3694,#3702,#3710,#3718,#3726,
    #3734,#3742,#3750,#3758,#3766,#3774,#3782,#3790,#3798,#3806,#3814,
    #3822,#3830,#3838,#3846));
#3668 = ORIENTED_EDGE('',*,*,#3669,.F.);
#3669 = EDGE_CURVE('',#3670,#3672,#3674,.T.);
#3670 = VERTEX_POINT('',#3671);
#3671 = CARTESIAN_POINT('',(10.38875,0.556416666667,0.));
#3672 = VERTEX_POINT('',#3673);
#3673 = CARTESIAN_POINT('',(10.195,0.124083333333,0.));
#3674 = B_SPLINE_CURVE_WITH_KNOTS('',2,(#3675,#3676,#3677),
  .UNSPECIFIED.,.F.,.F.,(3,3),(0.,1.),.PIECEWISE_BEZIER_KNOTS.);
#3675 = CARTESIAN_POINT('',(10.38875,0.556416666667,0.));
#3676 = CARTESIAN_POINT('',(10.3625,0.274916666667,0.));
#3677 = CARTESIAN_POINT('',(10.195,0.124083333333,0.));
#3678 = ORIENTED_EDGE('',*,*,#3679,.F.);
#3679 = EDGE_CURVE('',#3680,#3670,#3682,.T.);
#3680 = VERTEX_POINT('',#3681);
#3681 = CARTESIAN_POINT('',(10.32125,0.556416666667,0.));
#3682 = LINE('',#3683,#3684);
#3683 = CARTESIAN_POINT('',(10.32125,0.556416666667,0.));
#3684 = VECTOR('',#3685,1.);
#3685 = DIRECTION('',(1.,0.,0.));
#3686 = ORIENTED_EDGE('',*,*,#3687,.F.);
#3687 = EDGE_CURVE('',#3688,#3680,#3690,.T.);
#3688 = VERTEX_POINT('',#3689);
#3689 = CARTESIAN_POINT('',(10.148083333333,0.169666666667,0.));
#3690 = B_SPLINE_CURVE_WITH_KNOTS('',2,(#3691,#3692,#3693),
  .UNSPECIFIED.,.F.,.F.,(3,3),(0.,1.),.PIECEWISE_BEZIER_KNOTS.);
#3691 = CARTESIAN_POINT('',(10.148083333333,0.169666666667,0.));
#3692 = CARTESIAN_POINT('',(10.295,0.298583333333,0.));
#3693 = CARTESIAN_POINT('',(10.32125,0.556416666667,0.));
#3694 = ORIENTED_EDGE('',*,*,#3695,.F.);
#3695 = EDGE_CURVE('',#3696,#3688,#3698,.T.);
#3696 = VERTEX_POINT('',#3697);
#3697 = CARTESIAN_POINT('',(9.74,4.083333333333E-02,0.));
#3698 = B_SPLINE_CURVE_WITH_KNOTS('',2,(#3699,#3700,#3701),
  .UNSPECIFIED.,.F.,.F.,(3,3),(0.,1.),.PIECEWISE_BEZIER_KNOTS.);
#3699 = CARTESIAN_POINT('',(9.74,4.083333333333E-02,0.));
#3700 = CARTESIAN_POINT('',(10.00125,4.083333333333E-02,0.));
#3701 = CARTESIAN_POINT('',(10.148083333333,0.169666666667,0.));
#3702 = ORIENTED_EDGE('',*,*,#3703,.F.);
#3703 = EDGE_CURVE('',#3704,#3696,#3706,.T.);
#3704 = VERTEX_POINT('',#3705);
#3705 = CARTESIAN_POINT('',(9.429333333333,0.133416666667,0.));
#3706 = B_SPLINE_CURVE_WITH_KNOTS('',2,(#3707,#3708,#3709),
  .UNSPECIFIED.,.F.,.F.,(3,3),(0.,1.),.PIECEWISE_BEZIER_KNOTS.);
#3707 = CARTESIAN_POINT('',(9.429333333333,0.133416666667,0.));
#3708 = CARTESIAN_POINT('',(9.565,4.083333333333E-02,0.));
#3709 = CARTESIAN_POINT('',(9.74,4.083333333333E-02,0.));
#3710 = ORIENTED_EDGE('',*,*,#3711,.F.);
#3711 = EDGE_CURVE('',#3712,#3704,#3714,.T.);
#3712 = VERTEX_POINT('',#3713);
#3713 = CARTESIAN_POINT('',(9.22125,0.391833333333,0.));
#3714 = B_SPLINE_CURVE_WITH_KNOTS('',2,(#3715,#3716,#3717),
  .UNSPECIFIED.,.F.,.F.,(3,3),(0.,1.),.PIECEWISE_BEZIER_KNOTS.);
#3715 = CARTESIAN_POINT('',(9.22125,0.391833333333,0.));
#3716 = CARTESIAN_POINT('',(9.29375,0.226083333333,0.));
#3717 = CARTESIAN_POINT('',(9.429333333333,0.133416666667,0.));
#3718 = ORIENTED_EDGE('',*,*,#3719,.F.);
#3719 = EDGE_CURVE('',#3720,#3712,#3722,.T.);
#3720 = VERTEX_POINT('',#3721);
#3721 = CARTESIAN_POINT('',(9.14875,0.772916666667,0.));
#3722 = B_SPLINE_CURVE_WITH_KNOTS('',2,(#3723,#3724,#3725),
  .UNSPECIFIED.,.F.,.F.,(3,3),(0.,1.),.PIECEWISE_BEZIER_KNOTS.);
#3723 = CARTESIAN_POINT('',(9.14875,0.772916666667,0.));
#3724 = CARTESIAN_POINT('',(9.14875,0.557666666667,0.));
#3725 = CARTESIAN_POINT('',(9.22125,0.391833333333,0.));
#3726 = ORIENTED_EDGE('',*,*,#3727,.F.);
#3727 = EDGE_CURVE('',#3728,#3720,#3730,.T.);
#3728 = VERTEX_POINT('',#3729);
#3729 = CARTESIAN_POINT('',(9.14875,1.04075,0.));
#3730 = LINE('',#3731,#3732);
#3731 = CARTESIAN_POINT('',(9.14875,1.04075,0.));
#3732 = VECTOR('',#3733,1.);
#3733 = DIRECTION('',(0.,-1.,0.));
#3734 = ORIENTED_EDGE('',*,*,#3735,.F.);
#3735 = EDGE_CURVE('',#3736,#3728,#3738,.T.);
#3736 = VERTEX_POINT('',#3737);
#3737 = CARTESIAN_POINT('',(9.311833333333,1.577583333333,0.));
#3738 = B_SPLINE_CURVE_WITH_KNOTS('',2,(#3739,#3740,#3741),
  .UNSPECIFIED.,.F.,.F.,(3,3),(0.,1.),.PIECEWISE_BEZIER_KNOTS.);
#3739 = CARTESIAN_POINT('',(9.311833333333,1.577583333333,0.));
#3740 = CARTESIAN_POINT('',(9.14875,1.377333333333,0.));
#3741 = CARTESIAN_POINT('',(9.14875,1.04075,0.));
#3742 = ORIENTED_EDGE('',*,*,#3743,.F.);
#3743 = EDGE_CURVE('',#3744,#3736,#3746,.T.);
#3744 = VERTEX_POINT('',#3745);
#3745 = CARTESIAN_POINT('',(9.74,1.777833333333,0.));
#3746 = B_SPLINE_CURVE_WITH_KNOTS('',2,(#3747,#3748,#3749),
  .UNSPECIFIED.,.F.,.F.,(3,3),(0.,1.),.PIECEWISE_BEZIER_KNOTS.);
#3747 = CARTESIAN_POINT('',(9.74,1.777833333333,0.));
#3748 = CARTESIAN_POINT('',(9.475,1.777833333333,0.));
#3749 = CARTESIAN_POINT('',(9.311833333333,1.577583333333,0.));
#3750 = ORIENTED_EDGE('',*,*,#3751,.F.);
#3751 = EDGE_CURVE('',#3752,#3744,#3754,.T.);
#3752 = VERTEX_POINT('',#3753);
#3753 = CARTESIAN_POINT('',(10.14625,1.647,0.));
#3754 = B_SPLINE_CURVE_WITH_KNOTS('',2,(#3755,#3756,#3757),
  .UNSPECIFIED.,.F.,.F.,(3,3),(0.,1.),.PIECEWISE_BEZIER_KNOTS.);
#3755 = CARTESIAN_POINT('',(10.14625,1.647,0.));
#3756 = CARTESIAN_POINT('',(10.,1.777833333333,0.));
#3757 = CARTESIAN_POINT('',(9.74,1.777833333333,0.));
#3758 = ORIENTED_EDGE('',*,*,#3759,.F.);
#3759 = EDGE_CURVE('',#3760,#3752,#3762,.T.);
#3760 = VERTEX_POINT('',#3761);
#3761 = CARTESIAN_POINT('',(10.32125,1.26475,0.));
#3762 = B_SPLINE_CURVE_WITH_KNOTS('',2,(#3763,#3764,#3765),
  .UNSPECIFIED.,.F.,.F.,(3,3),(0.,1.),.PIECEWISE_BEZIER_KNOTS.);
#3763 = CARTESIAN_POINT('',(10.32125,1.26475,0.));
#3764 = CARTESIAN_POINT('',(10.2925,1.51625,0.));
#3765 = CARTESIAN_POINT('',(10.14625,1.647,0.));
#3766 = ORIENTED_EDGE('',*,*,#3767,.F.);
#3767 = EDGE_CURVE('',#3768,#3760,#3770,.T.);
#3768 = VERTEX_POINT('',#3769);
#3769 = CARTESIAN_POINT('',(10.38875,1.26475,0.));
#3770 = LINE('',#3771,#3772);
#3771 = CARTESIAN_POINT('',(10.38875,1.26475,0.));
#3772 = VECTOR('',#3773,1.);
#3773 = DIRECTION('',(-1.,0.,0.));
#3774 = ORIENTED_EDGE('',*,*,#3775,.F.);
#3775 = EDGE_CURVE('',#3776,#3768,#3778,.T.);
#3776 = VERTEX_POINT('',#3777);
#3777 = CARTESIAN_POINT('',(10.19375,1.695166666667,0.));
#3778 = B_SPLINE_CURVE_WITH_KNOTS('',2,(#3779,#3780,#3781),
  .UNSPECIFIED.,.F.,.F.,(3,3),(0.,1.),.PIECEWISE_BEZIER_KNOTS.);
#3779 = CARTESIAN_POINT('',(10.19375,1.695166666667,0.));
#3780 = CARTESIAN_POINT('',(10.3625,1.545,0.));
#3781 = CARTESIAN_POINT('',(10.38875,1.26475,0.));
#3782 = ORIENTED_EDGE('',*,*,#3783,.F.);
#3783 = EDGE_CURVE('',#3784,#3776,#3786,.T.);
#3784 = VERTEX_POINT('',#3785);
#3785 = CARTESIAN_POINT('',(9.74,1.845333333333,0.));
#3786 = B_SPLINE_CURVE_WITH_KNOTS('',2,(#3787,#3788,#3789),
  .UNSPECIFIED.,.F.,.F.,(3,3),(0.,1.),.PIECEWISE_BEZIER_KNOTS.);
#3787 = CARTESIAN_POINT('',(9.74,1.845333333333,0.));
#3788 = CARTESIAN_POINT('',(10.025,1.845333333333,0.));
#3789 = CARTESIAN_POINT('',(10.19375,1.695166666667,0.));
#3790 = ORIENTED_EDGE('',*,*,#3791,.F.);
#3791 = EDGE_CURVE('',#3792,#3784,#3794,.T.);
#3792 = VERTEX_POINT('',#3793);
#3793 = CARTESIAN_POINT('',(9.394333333333,1.745166666667,0.));
#3794 = B_SPLINE_CURVE_WITH_KNOTS('',2,(#3795,#3796,#3797),
  .UNSPECIFIED.,.F.,.F.,(3,3),(0.,1.),.PIECEWISE_BEZIER_KNOTS.);
#3795 = CARTESIAN_POINT('',(9.394333333333,1.745166666667,0.));
#3796 = CARTESIAN_POINT('',(9.545,1.845333333333,0.));
#3797 = CARTESIAN_POINT('',(9.74,1.845333333333,0.));
#3798 = ORIENTED_EDGE('',*,*,#3799,.F.);
#3799 = EDGE_CURVE('',#3800,#3792,#3802,.T.);
#3800 = VERTEX_POINT('',#3801);
#3801 = CARTESIAN_POINT('',(9.1625,1.46175,0.));
#3802 = B_SPLINE_CURVE_WITH_KNOTS('',2,(#3803,#3804,#3805),
  .UNSPECIFIED.,.F.,.F.,(3,3),(0.,1.),.PIECEWISE_BEZIER_KNOTS.);
#3803 = CARTESIAN_POINT('',(9.1625,1.46175,0.));
#3804 = CARTESIAN_POINT('',(9.24375,1.645083333333,0.));
#3805 = CARTESIAN_POINT('',(9.394333333333,1.745166666667,0.));
#3806 = ORIENTED_EDGE('',*,*,#3807,.F.);
#3807 = EDGE_CURVE('',#3808,#3800,#3810,.T.);
#3808 = VERTEX_POINT('',#3809);
#3809 = CARTESIAN_POINT('',(9.08125,1.04575,0.));
#3810 = B_SPLINE_CURVE_WITH_KNOTS('',2,(#3811,#3812,#3813),
  .UNSPECIFIED.,.F.,.F.,(3,3),(0.,1.),.PIECEWISE_BEZIER_KNOTS.);
#3811 = CARTESIAN_POINT('',(9.08125,1.04575,0.));
#3812 = CARTESIAN_POINT('',(9.08125,1.2785,0.));
#3813 = CARTESIAN_POINT('',(9.1625,1.46175,0.));
#3814 = ORIENTED_EDGE('',*,*,#3815,.F.);
#3815 = EDGE_CURVE('',#3816,#3808,#3818,.T.);
#3816 = VERTEX_POINT('',#3817);
#3817 = CARTESIAN_POINT('',(9.08125,0.764166666667,0.));
#3818 = LINE('',#3819,#3820);
#3819 = CARTESIAN_POINT('',(9.08125,0.764166666667,0.));
#3820 = VECTOR('',#3821,1.);
#3821 = DIRECTION('',(0.,1.,0.));
#3822 = ORIENTED_EDGE('',*,*,#3823,.F.);
#3823 = EDGE_CURVE('',#3824,#3816,#3826,.T.);
#3824 = VERTEX_POINT('',#3825);
#3825 = CARTESIAN_POINT('',(9.165,0.350583333333,0.));
#3826 = B_SPLINE_CURVE_WITH_KNOTS('',2,(#3827,#3828,#3829),
  .UNSPECIFIED.,.F.,.F.,(3,3),(0.,1.),.PIECEWISE_BEZIER_KNOTS.);
#3827 = CARTESIAN_POINT('',(9.165,0.350583333333,0.));
#3828 = CARTESIAN_POINT('',(9.0825,0.531416666667,0.));
#3829 = CARTESIAN_POINT('',(9.08125,0.764166666667,0.));
#3830 = ORIENTED_EDGE('',*,*,#3831,.F.);
#3831 = EDGE_CURVE('',#3832,#3824,#3834,.T.);
#3832 = VERTEX_POINT('',#3833);
#3833 = CARTESIAN_POINT('',(9.396833333333,7.158333333333E-02,0.));
#3834 = B_SPLINE_CURVE_WITH_KNOTS('',2,(#3835,#3836,#3837),
  .UNSPECIFIED.,.F.,.F.,(3,3),(0.,1.),.PIECEWISE_BEZIER_KNOTS.);
#3835 = CARTESIAN_POINT('',(9.396833333333,7.158333333333E-02,0.));
#3836 = CARTESIAN_POINT('',(9.2475,0.169833333333,0.));
#3837 = CARTESIAN_POINT('',(9.165,0.350583333333,0.));
#3838 = ORIENTED_EDGE('',*,*,#3839,.F.);
#3839 = EDGE_CURVE('',#3840,#3832,#3842,.T.);
#3840 = VERTEX_POINT('',#3841);
#3841 = CARTESIAN_POINT('',(9.74,-2.666666666667E-02,0.));
#3842 = B_SPLINE_CURVE_WITH_KNOTS('',2,(#3843,#3844,#3845),
  .UNSPECIFIED.,.F.,.F.,(3,3),(0.,1.),.PIECEWISE_BEZIER_KNOTS.);
#3843 = CARTESIAN_POINT('',(9.74,-2.666666666667E-02,0.));
#3844 = CARTESIAN_POINT('',(9.54625,-2.666666666667E-02,0.));
#3845 = CARTESIAN_POINT('',(9.396833333333,7.158333333333E-02,0.));
#3846 = ORIENTED_EDGE('',*,*,#3847,.F.);
#3847 = EDGE_CURVE('',#3672,#3840,#3848,.T.);
#3848 = B_SPLINE_CURVE_WITH_KNOTS('',2,(#3849,#3850,#3851),
  .UNSPECIFIED.,.F.,.F.,(3,3),(0.,1.),.PIECEWISE_BEZIER_KNOTS.);
#3849 = CARTESIAN_POINT('',(10.195,0.124083333333,0.));
#3850 = CARTESIAN_POINT('',(10.0275,-2.666666666667E-02,0.));
#3851 = CARTESIAN_POINT('',(9.74,-2.666666666667E-02,0.));
#3852 = PLANE('',#3853);
#3853 = AXIS2_PLACEMENT_3D('',#3854,#3855,#3856);
#3854 = CARTESIAN_POINT('',(9.660811634364,0.908337937779,0.));
#3855 = DIRECTION('',(0.,0.,1.));
#3856 = DIRECTION('',(1.,0.,-0.));
#3857 = SHELL_BASED_SURFACE_MODEL('',(#3858));
#3858 = OPEN_SHELL('',(#3859));
#3859 = ADVANCED_FACE('',(#3860,#4014),#4072,.T.);
#3860 = FACE_BOUND('',#3861,.T.);
#3861 = EDGE_LOOP('',(#3862,#3872,#3880,#3888,#3896,#3904,#3912,#3920,
    #3928,#3936,#3944,#3952,#3960,#3968,#3976,#3984,#3992,#4000,#4008));
#3862 = ORIENTED_EDGE('',*,*,#3863,.F.);
#3863 = EDGE_CURVE('',#3864,#3866,#3868,.T.);
#3864 = VERTEX_POINT('',#3865);
#3865 = CARTESIAN_POINT('',(11.261583333333,-2.666666666667E-02,0.));
#3866 = VERTEX_POINT('',#3867);
#3867 = CARTESIAN_POINT('',(10.960916666667,6.141666666667E-02,0.));
#3868 = B_SPLINE_CURVE_WITH_KNOTS('',2,(#3869,#3870,#3871),
  .UNSPECIFIED.,.F.,.F.,(3,3),(0.,1.),.PIECEWISE_BEZIER_KNOTS.);
#3869 = CARTESIAN_POINT('',(11.261583333333,-2.666666666667E-02,0.));
#3870 = CARTESIAN_POINT('',(11.097833333333,-2.666666666667E-02,0.));
#3871 = CARTESIAN_POINT('',(10.960916666667,6.141666666667E-02,0.));
#3872 = ORIENTED_EDGE('',*,*,#3873,.F.);
#3873 = EDGE_CURVE('',#3874,#3864,#3876,.T.);
#3874 = VERTEX_POINT('',#3875);
#3875 = CARTESIAN_POINT('',(11.710333333333,0.192083333333,0.));
#3876 = B_SPLINE_CURVE_WITH_KNOTS('',2,(#3877,#3878,#3879),
  .UNSPECIFIED.,.F.,.F.,(3,3),(0.,1.),.PIECEWISE_BEZIER_KNOTS.);
#3877 = CARTESIAN_POINT('',(11.710333333333,0.192083333333,0.));
#3878 = CARTESIAN_POINT('',(11.559083333333,-2.666666666667E-02,0.));
#3879 = CARTESIAN_POINT('',(11.261583333333,-2.666666666667E-02,0.));
#3880 = ORIENTED_EDGE('',*,*,#3881,.F.);
#3881 = EDGE_CURVE('',#3882,#3874,#3884,.T.);
#3882 = VERTEX_POINT('',#3883);
#3883 = CARTESIAN_POINT('',(11.662833333333,0.225833333333,0.));
#3884 = LINE('',#3885,#3886);
#3885 = CARTESIAN_POINT('',(11.662833333333,0.225833333333,0.));
#3886 = VECTOR('',#3887,1.);
#3887 = DIRECTION('',(0.815180408266,-0.579207132189,0.));
#3888 = ORIENTED_EDGE('',*,*,#3889,.F.);
#3889 = EDGE_CURVE('',#3890,#3882,#3892,.T.);
#3890 = VERTEX_POINT('',#3891);
#3891 = CARTESIAN_POINT('',(11.493416666667,8.516666666667E-02,0.));
#3892 = B_SPLINE_CURVE_WITH_KNOTS('',2,(#3893,#3894,#3895),
  .UNSPECIFIED.,.F.,.F.,(3,3),(0.,1.),.PIECEWISE_BEZIER_KNOTS.);
#3893 = CARTESIAN_POINT('',(11.493416666667,8.516666666667E-02,0.));
#3894 = CARTESIAN_POINT('',(11.589083333333,0.130833333333,0.));
#3895 = CARTESIAN_POINT('',(11.662833333333,0.225833333333,0.));
#3896 = ORIENTED_EDGE('',*,*,#3897,.F.);
#3897 = EDGE_CURVE('',#3898,#3890,#3900,.T.);
#3898 = VERTEX_POINT('',#3899);
#3899 = CARTESIAN_POINT('',(11.261583333333,3.958333333333E-02,0.));
#3900 = B_SPLINE_CURVE_WITH_KNOTS('',2,(#3901,#3902,#3903),
  .UNSPECIFIED.,.F.,.F.,(3,3),(0.,1.),.PIECEWISE_BEZIER_KNOTS.);
#3901 = CARTESIAN_POINT('',(11.261583333333,3.958333333333E-02,0.));
#3902 = CARTESIAN_POINT('',(11.397833333333,3.958333333333E-02,0.));
#3903 = CARTESIAN_POINT('',(11.493416666667,8.516666666667E-02,0.));
#3904 = ORIENTED_EDGE('',*,*,#3905,.F.);
#3905 = EDGE_CURVE('',#3906,#3898,#3908,.T.);
#3906 = VERTEX_POINT('',#3907);
#3907 = CARTESIAN_POINT('',(10.997166666667,0.119833333333,0.));
#3908 = B_SPLINE_CURVE_WITH_KNOTS('',2,(#3909,#3910,#3911),
  .UNSPECIFIED.,.F.,.F.,(3,3),(0.,1.),.PIECEWISE_BEZIER_KNOTS.);
#3909 = CARTESIAN_POINT('',(10.997166666667,0.119833333333,0.));
#3910 = CARTESIAN_POINT('',(11.119083333333,3.958333333333E-02,0.));
#3911 = CARTESIAN_POINT('',(11.261583333333,3.958333333333E-02,0.));
#3912 = ORIENTED_EDGE('',*,*,#3913,.F.);
#3913 = EDGE_CURVE('',#3914,#3906,#3916,.T.);
#3914 = VERTEX_POINT('',#3915);
#3915 = CARTESIAN_POINT('',(10.805916666667,0.341166666667,0.));
#3916 = B_SPLINE_CURVE_WITH_KNOTS('',2,(#3917,#3918,#3919),
  .UNSPECIFIED.,.F.,.F.,(3,3),(0.,1.),.PIECEWISE_BEZIER_KNOTS.);
#3917 = CARTESIAN_POINT('',(10.805916666667,0.341166666667,0.));
#3918 = CARTESIAN_POINT('',(10.875333333333,0.200083333333,0.));
#3919 = CARTESIAN_POINT('',(10.997166666667,0.119833333333,0.));
#3920 = ORIENTED_EDGE('',*,*,#3921,.F.);
#3921 = EDGE_CURVE('',#3922,#3914,#3924,.T.);
#3922 = VERTEX_POINT('',#3923);
#3923 = CARTESIAN_POINT('',(10.736583333333,0.647833333333,0.));
#3924 = B_SPLINE_CURVE_WITH_KNOTS('',2,(#3925,#3926,#3927),
  .UNSPECIFIED.,.F.,.F.,(3,3),(0.,1.),.PIECEWISE_BEZIER_KNOTS.);
#3925 = CARTESIAN_POINT('',(10.736583333333,0.647833333333,0.));
#3926 = CARTESIAN_POINT('',(10.736583333333,0.482333333333,0.));
#3927 = CARTESIAN_POINT('',(10.805916666667,0.341166666667,0.));
#3928 = ORIENTED_EDGE('',*,*,#3929,.F.);
#3929 = EDGE_CURVE('',#3930,#3922,#3932,.T.);
#3930 = VERTEX_POINT('',#3931);
#3931 = CARTESIAN_POINT('',(10.736583333333,0.721833333333,0.));
#3932 = LINE('',#3933,#3934);
#3933 = CARTESIAN_POINT('',(10.736583333333,0.721833333333,0.));
#3934 = VECTOR('',#3935,1.);
#3935 = DIRECTION('',(0.,-1.,0.));
#3936 = ORIENTED_EDGE('',*,*,#3937,.F.);
#3937 = EDGE_CURVE('',#3938,#3930,#3940,.T.);
#3938 = VERTEX_POINT('',#3939);
#3939 = CARTESIAN_POINT('',(11.750333333333,0.721833333333,0.));
#3940 = LINE('',#3941,#3942);
#3941 = CARTESIAN_POINT('',(11.750333333333,0.721833333333,0.));
#3942 = VECTOR('',#3943,1.);
#3943 = DIRECTION('',(-1.,0.,0.));
#3944 = ORIENTED_EDGE('',*,*,#3945,.F.);
#3945 = EDGE_CURVE('',#3946,#3938,#3948,.T.);
#3946 = VERTEX_POINT('',#3947);
#3947 = CARTESIAN_POINT('',(11.750333333333,0.792833333333,0.));
#3948 = LINE('',#3949,#3950);
#3949 = CARTESIAN_POINT('',(11.750333333333,0.792833333333,0.));
#3950 = VECTOR('',#3951,1.);
#3951 = DIRECTION('',(0.,-1.,0.));
#3952 = ORIENTED_EDGE('',*,*,#3953,.F.);
#3953 = EDGE_CURVE('',#3954,#3946,#3956,.T.);
#3954 = VERTEX_POINT('',#3955);
#3955 = CARTESIAN_POINT('',(11.606583333333,1.21525,0.));
#3956 = B_SPLINE_CURVE_WITH_KNOTS('',2,(#3957,#3958,#3959),
  .UNSPECIFIED.,.F.,.F.,(3,3),(0.,1.),.PIECEWISE_BEZIER_KNOTS.);
#3957 = CARTESIAN_POINT('',(11.606583333333,1.21525,0.));
#3958 = CARTESIAN_POINT('',(11.750333333333,1.0545,0.));
#3959 = CARTESIAN_POINT('',(11.750333333333,0.792833333333,0.));
#3960 = ORIENTED_EDGE('',*,*,#3961,.F.);
#3961 = EDGE_CURVE('',#3962,#3954,#3964,.T.);
#3962 = VERTEX_POINT('',#3963);
#3963 = CARTESIAN_POINT('',(11.236583333333,1.376,0.));
#3964 = B_SPLINE_CURVE_WITH_KNOTS('',2,(#3965,#3966,#3967),
  .UNSPECIFIED.,.F.,.F.,(3,3),(0.,1.),.PIECEWISE_BEZIER_KNOTS.);
#3965 = CARTESIAN_POINT('',(11.236583333333,1.376,0.));
#3966 = CARTESIAN_POINT('',(11.462833333333,1.376,0.));
#3967 = CARTESIAN_POINT('',(11.606583333333,1.21525,0.));
#3968 = ORIENTED_EDGE('',*,*,#3969,.F.);
#3969 = EDGE_CURVE('',#3970,#3962,#3972,.T.);
#3970 = VERTEX_POINT('',#3971);
#3971 = CARTESIAN_POINT('',(10.950333333333,1.2885,0.));
#3972 = B_SPLINE_CURVE_WITH_KNOTS('',2,(#3973,#3974,#3975),
  .UNSPECIFIED.,.F.,.F.,(3,3),(0.,1.),.PIECEWISE_BEZIER_KNOTS.);
#3973 = CARTESIAN_POINT('',(10.950333333333,1.2885,0.));
#3974 = CARTESIAN_POINT('',(11.081583333333,1.376,0.));
#3975 = CARTESIAN_POINT('',(11.236583333333,1.376,0.));
#3976 = ORIENTED_EDGE('',*,*,#3977,.F.);
#3977 = EDGE_CURVE('',#3978,#3970,#3980,.T.);
#3978 = VERTEX_POINT('',#3979);
#3979 = CARTESIAN_POINT('',(10.744083333333,1.044666666667,0.));
#3980 = B_SPLINE_CURVE_WITH_KNOTS('',2,(#3981,#3982,#3983),
  .UNSPECIFIED.,.F.,.F.,(3,3),(0.,1.),.PIECEWISE_BEZIER_KNOTS.);
#3981 = CARTESIAN_POINT('',(10.744083333333,1.044666666667,0.));
#3982 = CARTESIAN_POINT('',(10.819083333333,1.201,0.));
#3983 = CARTESIAN_POINT('',(10.950333333333,1.2885,0.));
#3984 = ORIENTED_EDGE('',*,*,#3985,.F.);
#3985 = EDGE_CURVE('',#3986,#3978,#3988,.T.);
#3986 = VERTEX_POINT('',#3987);
#3987 = CARTESIAN_POINT('',(10.669083333333,0.700916666667,0.));
#3988 = B_SPLINE_CURVE_WITH_KNOTS('',2,(#3989,#3990,#3991),
  .UNSPECIFIED.,.F.,.F.,(3,3),(0.,1.),.PIECEWISE_BEZIER_KNOTS.);
#3989 = CARTESIAN_POINT('',(10.669083333333,0.700916666667,0.));
#3990 = CARTESIAN_POINT('',(10.669083333333,0.888416666667,0.));
#3991 = CARTESIAN_POINT('',(10.744083333333,1.044666666667,0.));
#3992 = ORIENTED_EDGE('',*,*,#3993,.F.);
#3993 = EDGE_CURVE('',#3994,#3986,#3996,.T.);
#3994 = VERTEX_POINT('',#3995);
#3995 = CARTESIAN_POINT('',(10.669083333333,0.644666666667,0.));
#3996 = LINE('',#3997,#3998);
#3997 = CARTESIAN_POINT('',(10.669083333333,0.644666666667,0.));
#3998 = VECTOR('',#3999,1.);
#3999 = DIRECTION('',(0.,1.,0.));
#4000 = ORIENTED_EDGE('',*,*,#4001,.F.);
#4001 = EDGE_CURVE('',#4002,#3994,#4004,.T.);
#4002 = VERTEX_POINT('',#4003);
#4003 = CARTESIAN_POINT('',(10.746583333333,0.303333333333,0.));
#4004 = B_SPLINE_CURVE_WITH_KNOTS('',2,(#4005,#4006,#4007),
  .UNSPECIFIED.,.F.,.F.,(3,3),(0.,1.),.PIECEWISE_BEZIER_KNOTS.);
#4005 = CARTESIAN_POINT('',(10.746583333333,0.303333333333,0.));
#4006 = CARTESIAN_POINT('',(10.669083333333,0.457166666667,0.));
#4007 = CARTESIAN_POINT('',(10.669083333333,0.644666666667,0.));
#4008 = ORIENTED_EDGE('',*,*,#4009,.F.);
#4009 = EDGE_CURVE('',#3866,#4002,#4010,.T.);
#4010 = B_SPLINE_CURVE_WITH_KNOTS('',2,(#4011,#4012,#4013),
  .UNSPECIFIED.,.F.,.F.,(3,3),(0.,1.),.PIECEWISE_BEZIER_KNOTS.);
#4011 = CARTESIAN_POINT('',(10.960916666667,6.141666666667E-02,0.));
#4012 = CARTESIAN_POINT('',(10.824083333333,0.149583333333,0.));
#4013 = CARTESIAN_POINT('',(10.746583333333,0.303333333333,0.));
#4014 = FACE_BOUND('',#4015,.T.);
#4015 = EDGE_LOOP('',(#4016,#4026,#4034,#4042,#4050,#4058,#4066));
#4016 = ORIENTED_EDGE('',*,*,#4017,.F.);
#4017 = EDGE_CURVE('',#4018,#4020,#4022,.T.);
#4018 = VERTEX_POINT('',#4019);
#4019 = CARTESIAN_POINT('',(11.236583333333,1.3085,0.));
#4020 = VERTEX_POINT('',#4021);
#4021 = CARTESIAN_POINT('',(10.901583333333,1.162166666667,0.));
#4022 = B_SPLINE_CURVE_WITH_KNOTS('',2,(#4023,#4024,#4025),
  .UNSPECIFIED.,.F.,.F.,(3,3),(0.,1.),.PIECEWISE_BEZIER_KNOTS.);
#4023 = CARTESIAN_POINT('',(11.236583333333,1.3085,0.));
#4024 = CARTESIAN_POINT('',(11.039083333333,1.3085,0.));
#4025 = CARTESIAN_POINT('',(10.901583333333,1.162166666667,0.));
#4026 = ORIENTED_EDGE('',*,*,#4027,.F.);
#4027 = EDGE_CURVE('',#4028,#4018,#4030,.T.);
#4028 = VERTEX_POINT('',#4029);
#4029 = CARTESIAN_POINT('',(11.464666666667,1.243083333333,0.));
#4030 = B_SPLINE_CURVE_WITH_KNOTS('',2,(#4031,#4032,#4033),
  .UNSPECIFIED.,.F.,.F.,(3,3),(0.,1.),.PIECEWISE_BEZIER_KNOTS.);
#4031 = CARTESIAN_POINT('',(11.464666666667,1.243083333333,0.));
#4032 = CARTESIAN_POINT('',(11.362833333333,1.3085,0.));
#4033 = CARTESIAN_POINT('',(11.236583333333,1.3085,0.));
#4034 = ORIENTED_EDGE('',*,*,#4035,.F.);
#4035 = EDGE_CURVE('',#4036,#4028,#4038,.T.);
#4036 = VERTEX_POINT('',#4037);
#4037 = CARTESIAN_POINT('',(11.624666666667,1.060083333333,0.));
#4038 = B_SPLINE_CURVE_WITH_KNOTS('',2,(#4039,#4040,#4041),
  .UNSPECIFIED.,.F.,.F.,(3,3),(0.,1.),.PIECEWISE_BEZIER_KNOTS.);
#4039 = CARTESIAN_POINT('',(11.624666666667,1.060083333333,0.));
#4040 = CARTESIAN_POINT('',(11.566583333333,1.17775,0.));
#4041 = CARTESIAN_POINT('',(11.464666666667,1.243083333333,0.));
#4042 = ORIENTED_EDGE('',*,*,#4043,.F.);
#4043 = EDGE_CURVE('',#4044,#4036,#4046,.T.);
#4044 = VERTEX_POINT('',#4045);
#4045 = CARTESIAN_POINT('',(11.682833333333,0.8055,0.));
#4046 = B_SPLINE_CURVE_WITH_KNOTS('',2,(#4047,#4048,#4049),
  .UNSPECIFIED.,.F.,.F.,(3,3),(0.,1.),.PIECEWISE_BEZIER_KNOTS.);
#4047 = CARTESIAN_POINT('',(11.682833333333,0.8055,0.));
#4048 = CARTESIAN_POINT('',(11.682833333333,0.9425,0.));
#4049 = CARTESIAN_POINT('',(11.624666666667,1.060083333333,0.));
#4050 = ORIENTED_EDGE('',*,*,#4051,.F.);
#4051 = EDGE_CURVE('',#4052,#4044,#4054,.T.);
#4052 = VERTEX_POINT('',#4053);
#4053 = CARTESIAN_POINT('',(11.682833333333,0.789333333333,0.));
#4054 = LINE('',#4055,#4056);
#4055 = CARTESIAN_POINT('',(11.682833333333,0.789333333333,0.));
#4056 = VECTOR('',#4057,1.);
#4057 = DIRECTION('',(0.,1.,0.));
#4058 = ORIENTED_EDGE('',*,*,#4059,.F.);
#4059 = EDGE_CURVE('',#4060,#4052,#4062,.T.);
#4060 = VERTEX_POINT('',#4061);
#4061 = CARTESIAN_POINT('',(10.740333333333,0.789333333333,0.));
#4062 = LINE('',#4063,#4064);
#4063 = CARTESIAN_POINT('',(10.740333333333,0.789333333333,0.));
#4064 = VECTOR('',#4065,1.);
#4065 = DIRECTION('',(1.,0.,0.));
#4066 = ORIENTED_EDGE('',*,*,#4067,.F.);
#4067 = EDGE_CURVE('',#4020,#4060,#4068,.T.);
#4068 = B_SPLINE_CURVE_WITH_KNOTS('',2,(#4069,#4070,#4071),
  .UNSPECIFIED.,.F.,.F.,(3,3),(0.,1.),.PIECEWISE_BEZIER_KNOTS.);
#4069 = CARTESIAN_POINT('',(10.901583333333,1.162166666667,0.));
#4070 = CARTESIAN_POINT('',(10.764083333333,1.015916666667,0.));
#4071 = CARTESIAN_POINT('',(10.740333333333,0.789333333333,0.));
#4072 = PLANE('',#4073);
#4073 = AXIS2_PLACEMENT_3D('',#4074,#4075,#4076);
#4074 = CARTESIAN_POINT('',(11.17647165488,0.707219137362,0.));
#4075 = DIRECTION('',(0.,0.,1.));
#4076 = DIRECTION('',(1.,0.,-0.));
#4077 = SHELL_BASED_SURFACE_MODEL('',(#4078));
#4078 = OPEN_SHELL('',(#4079));
#4079 = ADVANCED_FACE('',(#4080),#4114,.T.);
#4080 = FACE_BOUND('',#4081,.T.);
#4081 = EDGE_LOOP('',(#4082,#4092,#4100,#4108));
#4082 = ORIENTED_EDGE('',*,*,#4083,.F.);
#4083 = EDGE_CURVE('',#4084,#4086,#4088,.T.);
#4084 = VERTEX_POINT('',#4085);
#4085 = CARTESIAN_POINT('',(12.149666666667,0.,0.));
#4086 = VERTEX_POINT('',#4087);
#4087 = CARTESIAN_POINT('',(12.082166666667,0.,0.));
#4088 = LINE('',#4089,#4090);
#4089 = CARTESIAN_POINT('',(12.149666666667,0.,0.));
#4090 = VECTOR('',#4091,1.);
#4091 = DIRECTION('',(-1.,0.,0.));
#4092 = ORIENTED_EDGE('',*,*,#4093,.F.);
#4093 = EDGE_CURVE('',#4094,#4084,#4096,.T.);
#4094 = VERTEX_POINT('',#4095);
#4095 = CARTESIAN_POINT('',(12.149666666667,1.92,0.));
#4096 = LINE('',#4097,#4098);
#4097 = CARTESIAN_POINT('',(12.149666666667,1.92,0.));
#4098 = VECTOR('',#4099,1.);
#4099 = DIRECTION('',(0.,-1.,0.));
#4100 = ORIENTED_EDGE('',*,*,#4101,.F.);
#4101 = EDGE_CURVE('',#4102,#4094,#4104,.T.);
#4102 = VERTEX_POINT('',#4103);
#4103 = CARTESIAN_POINT('',(12.082166666667,1.92,0.));
#4104 = LINE('',#4105,#4106);
#4105 = CARTESIAN_POINT('',(12.082166666667,1.92,0.));
#4106 = VECTOR('',#4107,1.);
#4107 = DIRECTION('',(1.,0.,0.));
#4108 = ORIENTED_EDGE('',*,*,#4109,.F.);
#4109 = EDGE_CURVE('',#4086,#4102,#4110,.T.);
#4110 = LINE('',#4111,#4112);
#4111 = CARTESIAN_POINT('',(12.082166666667,0.,0.));
#4112 = VECTOR('',#4113,1.);
#4113 = DIRECTION('',(0.,1.,0.));
#4114 = PLANE('',#4115);
#4115 = AXIS2_PLACEMENT_3D('',#4116,#4117,#4118);
#4116 = CARTESIAN_POINT('',(12.115916666667,0.96,0.));
#4117 = DIRECTION('',(0.,0.,1.));
#4118 = DIRECTION('',(1.,0.,-0.));
#4119 = SHELL_BASED_SURFACE_MODEL('',(#4120));
#4120 = OPEN_SHELL('',(#4121));
#4121 = ADVANCED_FACE('',(#4122),#4156,.T.);
#4122 = FACE_BOUND('',#4123,.T.);
#4123 = EDGE_LOOP('',(#4124,#4134,#4142,#4150));
#4124 = ORIENTED_EDGE('',*,*,#4125,.F.);
#4125 = EDGE_CURVE('',#4126,#4128,#4130,.T.);
#4126 = VERTEX_POINT('',#4127);
#4127 = CARTESIAN_POINT('',(12.677666666667,0.,0.));
#4128 = VERTEX_POINT('',#4129);
#4129 = CARTESIAN_POINT('',(12.610166666667,0.,0.));
#4130 = LINE('',#4131,#4132);
#4131 = CARTESIAN_POINT('',(12.677666666667,0.,0.));
#4132 = VECTOR('',#4133,1.);
#4133 = DIRECTION('',(-1.,0.,0.));
#4134 = ORIENTED_EDGE('',*,*,#4135,.F.);
#4135 = EDGE_CURVE('',#4136,#4126,#4138,.T.);
#4136 = VERTEX_POINT('',#4137);
#4137 = CARTESIAN_POINT('',(12.677666666667,1.92,0.));
#4138 = LINE('',#4139,#4140);
#4139 = CARTESIAN_POINT('',(12.677666666667,1.92,0.));
#4140 = VECTOR('',#4141,1.);
#4141 = DIRECTION('',(0.,-1.,0.));
#4142 = ORIENTED_EDGE('',*,*,#4143,.F.);
#4143 = EDGE_CURVE('',#4144,#4136,#4146,.T.);
#4144 = VERTEX_POINT('',#4145);
#4145 = CARTESIAN_POINT('',(12.610166666667,1.92,0.));
#4146 = LINE('',#4147,#4148);
#4147 = CARTESIAN_POINT('',(12.610166666667,1.92,0.));
#4148 = VECTOR('',#4149,1.);
#4149 = DIRECTION('',(1.,0.,0.));
#4150 = ORIENTED_EDGE('',*,*,#4151,.F.);
#4151 = EDGE_CURVE('',#4128,#4144,#4152,.T.);
#4152 = LINE('',#4153,#4154);
#4153 = CARTESIAN_POINT('',(12.610166666667,0.,0.));
#4154 = VECTOR('',#4155,1.);
#4155 = DIRECTION('',(0.,1.,0.));
#4156 = PLANE('',#4157);
#4157 = AXIS2_PLACEMENT_3D('',#4158,#4159,#4160);
#4158 = CARTESIAN_POINT('',(12.643916666667,0.96,0.));
#4159 = DIRECTION('',(0.,0.,1.));
#4160 = DIRECTION('',(1.,0.,-0.));
#4161 = ( GEOMETRIC_REPRESENTATION_CONTEXT(3) 
GLOBAL_UNCERTAINTY_ASSIGNED_CONTEXT((#4165)) 
GLOBAL_UNIT_ASSIGNED_CONTEXT((#4162,#4163,#4164)) REPRESENTATION_CONTEXT
('Context #1','3D Context with UNIT and UNCERTAINTY') );
#4162 = ( LENGTH_UNIT() NAMED_UNIT(*) SI_UNIT(.MILLI.,.METRE.) );
#4163 = ( NAMED_UNIT(*) PLANE_ANGLE_UNIT() SI_UNIT($,.RADIAN.) );
#4164 = ( NAMED_UNIT(*) SI_UNIT($,.STERADIAN.) SOLID_ANGLE_UNIT() );
#4165 = UNCERTAINTY_MEASURE_WITH_UNIT(LENGTH_MEASURE(1.E-07),#4162,
  'distance_accuracy_value','confusion accuracy');
#4166 = CONTEXT_DEPENDENT_SHAPE_REPRESENTATION(#4167,#4169);
#4167 = ( REPRESENTATION_RELATIONSHIP('','',#2716,#10) 
REPRESENTATION_RELATIONSHIP_WITH_TRANSFORMATION(#4168) 
SHAPE_REPRESENTATION_RELATIONSHIP() );
#4168 = ITEM_DEFINED_TRANSFORMATION('','',#11,#27);
#4169 = PRODUCT_DEFINITION_SHAPE('Placement','Placement of an item',
  #4170);
#4170 = NEXT_ASSEMBLY_USAGE_OCCURRENCE('35','ShapeString001','',#5,#2711
  ,$);
#4171 = PRODUCT_RELATED_PRODUCT_CATEGORY('part',$,(#2713));
#4172 = SHAPE_DEFINITION_REPRESENTATION(#4173,#4179);
#4173 = PRODUCT_DEFINITION_SHAPE('','',#4174);
#4174 = PRODUCT_DEFINITION('design','',#4175,#4178);
#4175 = PRODUCT_DEFINITION_FORMATION('','',#4176);
#4176 = PRODUCT('ShapeString002','ShapeString002','',(#4177));
#4177 = PRODUCT_CONTEXT('',#2,'mechanical');
#4178 = PRODUCT_DEFINITION_CONTEXT('part definition',#2,'design');
#4179 = MANIFOLD_SURFACE_SHAPE_REPRESENTATION('',(#11,#4180),#4286);
#4180 = SHELL_BASED_SURFACE_MODEL('',(#4181));
#4181 = OPEN_SHELL('',(#4182));
#4182 = ADVANCED_FACE('',(#4183),#4281,.T.);
#4183 = FACE_BOUND('',#4184,.T.);
#4184 = EDGE_LOOP('',(#4185,#4195,#4203,#4211,#4219,#4227,#4235,#4243,
    #4251,#4259,#4267,#4275));
#4185 = ORIENTED_EDGE('',*,*,#4186,.F.);
#4186 = EDGE_CURVE('',#4187,#4189,#4191,.T.);
#4187 = VERTEX_POINT('',#4188);
#4188 = CARTESIAN_POINT('',(4.912083333333,2.2,0.));
#4189 = VERTEX_POINT('',#4190);
#4190 = CARTESIAN_POINT('',(6.415208333333,2.2,0.));
#4191 = LINE('',#4192,#4193);
#4192 = CARTESIAN_POINT('',(4.912083333333,2.2,0.));
#4193 = VECTOR('',#4194,1.);
#4194 = DIRECTION('',(1.,0.,0.));
#4195 = ORIENTED_EDGE('',*,*,#4196,.F.);
#4196 = EDGE_CURVE('',#4197,#4187,#4199,.T.);
#4197 = VERTEX_POINT('',#4198);
#4198 = CARTESIAN_POINT('',(4.912083333333,3.775,0.));
#4199 = LINE('',#4200,#4201);
#4200 = CARTESIAN_POINT('',(4.912083333333,3.775,0.));
#4201 = VECTOR('',#4202,1.);
#4202 = DIRECTION('',(0.,-1.,0.));
#4203 = ORIENTED_EDGE('',*,*,#4204,.F.);
#4204 = EDGE_CURVE('',#4205,#4197,#4207,.T.);
#4205 = VERTEX_POINT('',#4206);
#4206 = CARTESIAN_POINT('',(4.740208333333,3.775,0.));
#4207 = LINE('',#4208,#4209);
#4208 = CARTESIAN_POINT('',(4.740208333333,3.775,0.));
#4209 = VECTOR('',#4210,1.);
#4210 = DIRECTION('',(1.,0.,0.));
#4211 = ORIENTED_EDGE('',*,*,#4212,.F.);
#4212 = EDGE_CURVE('',#4213,#4205,#4215,.T.);
#4213 = VERTEX_POINT('',#4214);
#4214 = CARTESIAN_POINT('',(4.740208333333,2.2,0.));
#4215 = LINE('',#4216,#4217);
#4216 = CARTESIAN_POINT('',(4.740208333333,2.2,0.));
#4217 = VECTOR('',#4218,1.);
#4218 = DIRECTION('',(0.,1.,0.));
#4219 = ORIENTED_EDGE('',*,*,#4220,.F.);
#4220 = EDGE_CURVE('',#4221,#4213,#4223,.T.);
#4221 = VERTEX_POINT('',#4222);
#4222 = CARTESIAN_POINT('',(3.296458333333,2.2,0.));
#4223 = LINE('',#4224,#4225);
#4224 = CARTESIAN_POINT('',(3.296458333333,2.2,0.));
#4225 = VECTOR('',#4226,1.);
#4226 = DIRECTION('',(1.,0.,0.));
#4227 = ORIENTED_EDGE('',*,*,#4228,.F.);
#4228 = EDGE_CURVE('',#4229,#4221,#4231,.T.);
#4229 = VERTEX_POINT('',#4230);
#4230 = CARTESIAN_POINT('',(3.296458333333,2.034375,0.));
#4231 = LINE('',#4232,#4233);
#4232 = CARTESIAN_POINT('',(3.296458333333,2.034375,0.));
#4233 = VECTOR('',#4234,1.);
#4234 = DIRECTION('',(0.,1.,0.));
#4235 = ORIENTED_EDGE('',*,*,#4236,.F.);
#4236 = EDGE_CURVE('',#4237,#4229,#4239,.T.);
#4237 = VERTEX_POINT('',#4238);
#4238 = CARTESIAN_POINT('',(4.740208333333,2.034375,0.));
#4239 = LINE('',#4240,#4241);
#4240 = CARTESIAN_POINT('',(4.740208333333,2.034375,0.));
#4241 = VECTOR('',#4242,1.);
#4242 = DIRECTION('',(-1.,0.,0.));
#4243 = ORIENTED_EDGE('',*,*,#4244,.F.);
#4244 = EDGE_CURVE('',#4245,#4237,#4247,.T.);
#4245 = VERTEX_POINT('',#4246);
#4246 = CARTESIAN_POINT('',(4.740208333333,0.4625,0.));
#4247 = LINE('',#4248,#4249);
#4248 = CARTESIAN_POINT('',(4.740208333333,0.4625,0.));
#4249 = VECTOR('',#4250,1.);
#4250 = DIRECTION('',(0.,1.,0.));
#4251 = ORIENTED_EDGE('',*,*,#4252,.F.);
#4252 = EDGE_CURVE('',#4253,#4245,#4255,.T.);
#4253 = VERTEX_POINT('',#4254);
#4254 = CARTESIAN_POINT('',(4.912083333333,0.4625,0.));
#4255 = LINE('',#4256,#4257);
#4256 = CARTESIAN_POINT('',(4.912083333333,0.4625,0.));
#4257 = VECTOR('',#4258,1.);
#4258 = DIRECTION('',(-1.,0.,0.));
#4259 = ORIENTED_EDGE('',*,*,#4260,.F.);
#4260 = EDGE_CURVE('',#4261,#4253,#4263,.T.);
#4261 = VERTEX_POINT('',#4262);
#4262 = CARTESIAN_POINT('',(4.912083333333,2.034375,0.));
#4263 = LINE('',#4264,#4265);
#4264 = CARTESIAN_POINT('',(4.912083333333,2.034375,0.));
#4265 = VECTOR('',#4266,1.);
#4266 = DIRECTION('',(0.,-1.,0.));
#4267 = ORIENTED_EDGE('',*,*,#4268,.F.);
#4268 = EDGE_CURVE('',#4269,#4261,#4271,.T.);
#4269 = VERTEX_POINT('',#4270);
#4270 = CARTESIAN_POINT('',(6.415208333333,2.034375,0.));
#4271 = LINE('',#4272,#4273);
#4272 = CARTESIAN_POINT('',(6.415208333333,2.034375,0.));
#4273 = VECTOR('',#4274,1.);
#4274 = DIRECTION('',(-1.,0.,0.));
#4275 = ORIENTED_EDGE('',*,*,#4276,.F.);
#4276 = EDGE_CURVE('',#4189,#4269,#4277,.T.);
#4277 = LINE('',#4278,#4279);
#4278 = CARTESIAN_POINT('',(6.415208333333,2.2,0.));
#4279 = VECTOR('',#4280,1.);
#4280 = DIRECTION('',(0.,-1.,0.));
#4281 = PLANE('',#4282);
#4282 = AXIS2_PLACEMENT_3D('',#4283,#4284,#4285);
#4283 = CARTESIAN_POINT('',(4.84130694242,2.118034043975,0.));
#4284 = DIRECTION('',(0.,0.,1.));
#4285 = DIRECTION('',(1.,0.,-0.));
#4286 = ( GEOMETRIC_REPRESENTATION_CONTEXT(3) 
GLOBAL_UNCERTAINTY_ASSIGNED_CONTEXT((#4290)) 
GLOBAL_UNIT_ASSIGNED_CONTEXT((#4287,#4288,#4289)) REPRESENTATION_CONTEXT
('Context #1','3D Context with UNIT and UNCERTAINTY') );
#4287 = ( LENGTH_UNIT() NAMED_UNIT(*) SI_UNIT(.MILLI.,.METRE.) );
#4288 = ( NAMED_UNIT(*) PLANE_ANGLE_UNIT() SI_UNIT($,.RADIAN.) );
#4289 = ( NAMED_UNIT(*) SI_UNIT($,.STERADIAN.) SOLID_ANGLE_UNIT() );
#4290 = UNCERTAINTY_MEASURE_WITH_UNIT(LENGTH_MEASURE(1.E-07),#4287,
  'distance_accuracy_value','confusion accuracy');
#4291 = CONTEXT_DEPENDENT_SHAPE_REPRESENTATION(#4292,#4294);
#4292 = ( REPRESENTATION_RELATIONSHIP('','',#4179,#10) 
REPRESENTATION_RELATIONSHIP_WITH_TRANSFORMATION(#4293) 
SHAPE_REPRESENTATION_RELATIONSHIP() );
#4293 = ITEM_DEFINED_TRANSFORMATION('','',#11,#31);
#4294 = PRODUCT_DEFINITION_SHAPE('Placement','Placement of an item',
  #4295);
#4295 = NEXT_ASSEMBLY_USAGE_OCCURRENCE('36','ShapeString002','',#5,#4174
  ,$);
#4296 = PRODUCT_RELATED_PRODUCT_CATEGORY('part',$,(#4176));
#4297 = SHAPE_DEFINITION_REPRESENTATION(#4298,#4304);
#4298 = PRODUCT_DEFINITION_SHAPE('','',#4299);
#4299 = PRODUCT_DEFINITION('design','',#4300,#4303);
#4300 = PRODUCT_DEFINITION_FORMATION('','',#4301);
#4301 = PRODUCT('ShapeString003','ShapeString003','',(#4302));
#4302 = PRODUCT_CONTEXT('',#2,'mechanical');
#4303 = PRODUCT_DEFINITION_CONTEXT('part definition',#2,'design');
#4304 = SHAPE_REPRESENTATION('',(#11,#4305,#4563),#4645);
#4305 = SHELL_BASED_SURFACE_MODEL('',(#4306));
#4306 = OPEN_SHELL('',(#4307));
#4307 = ADVANCED_FACE('',(#4308),#4558,.T.);
#4308 = FACE_BOUND('',#4309,.T.);
#4309 = EDGE_LOOP('',(#4310,#4320,#4328,#4336,#4344,#4352,#4360,#4368,
    #4376,#4384,#4392,#4400,#4408,#4416,#4424,#4432,#4440,#4448,#4456,
    #4464,#4472,#4480,#4488,#4496,#4504,#4512,#4520,#4528,#4536,#4544,
    #4552));
#4310 = ORIENTED_EDGE('',*,*,#4311,.F.);
#4311 = EDGE_CURVE('',#4312,#4314,#4316,.T.);
#4312 = VERTEX_POINT('',#4313);
#4313 = CARTESIAN_POINT('',(1.044,1.930666666667,0.));
#4314 = VERTEX_POINT('',#4315);
#4315 = CARTESIAN_POINT('',(1.349,1.930666666667,0.));
#4316 = LINE('',#4317,#4318);
#4317 = CARTESIAN_POINT('',(1.044,1.930666666667,0.));
#4318 = VECTOR('',#4319,1.);
#4319 = DIRECTION('',(1.,0.,0.));
#4320 = ORIENTED_EDGE('',*,*,#4321,.F.);
#4321 = EDGE_CURVE('',#4322,#4312,#4324,.T.);
#4322 = VERTEX_POINT('',#4323);
#4323 = CARTESIAN_POINT('',(1.044,1.790666666667,0.));
#4324 = LINE('',#4325,#4326);
#4325 = CARTESIAN_POINT('',(1.044,1.790666666667,0.));
#4326 = VECTOR('',#4327,1.);
#4327 = DIRECTION('',(0.,1.,0.));
#4328 = ORIENTED_EDGE('',*,*,#4329,.F.);
#4329 = EDGE_CURVE('',#4330,#4322,#4332,.T.);
#4330 = VERTEX_POINT('',#4331);
#4331 = CARTESIAN_POINT('',(1.329,1.790666666667,0.));
#4332 = LINE('',#4333,#4334);
#4333 = CARTESIAN_POINT('',(1.329,1.790666666667,0.));
#4334 = VECTOR('',#4335,1.);
#4335 = DIRECTION('',(-1.,0.,0.));
#4336 = ORIENTED_EDGE('',*,*,#4337,.F.);
#4337 = EDGE_CURVE('',#4338,#4330,#4340,.T.);
#4338 = VERTEX_POINT('',#4339);
#4339 = CARTESIAN_POINT('',(2.115166666667,1.5745,0.));
#4340 = B_SPLINE_CURVE_WITH_KNOTS('',2,(#4341,#4342,#4343),
  .UNSPECIFIED.,.F.,.F.,(3,3),(0.,1.),.PIECEWISE_BEZIER_KNOTS.);
#4341 = CARTESIAN_POINT('',(2.115166666667,1.5745,0.));
#4342 = CARTESIAN_POINT('',(1.8465,1.788166666667,0.));
#4343 = CARTESIAN_POINT('',(1.329,1.790666666667,0.));
#4344 = ORIENTED_EDGE('',*,*,#4345,.F.);
#4345 = EDGE_CURVE('',#4346,#4338,#4348,.T.);
#4346 = VERTEX_POINT('',#4347);
#4347 = CARTESIAN_POINT('',(2.384,0.956333333333,0.));
#4348 = B_SPLINE_CURVE_WITH_KNOTS('',2,(#4349,#4350,#4351),
  .UNSPECIFIED.,.F.,.F.,(3,3),(0.,1.),.PIECEWISE_BEZIER_KNOTS.);
#4349 = CARTESIAN_POINT('',(2.384,0.956333333333,0.));
#4350 = CARTESIAN_POINT('',(2.384,1.360833333333,0.));
#4351 = CARTESIAN_POINT('',(2.115166666667,1.5745,0.));
#4352 = ORIENTED_EDGE('',*,*,#4353,.F.);
#4353 = EDGE_CURVE('',#4354,#4346,#4356,.T.);
#4354 = VERTEX_POINT('',#4355);
#4355 = CARTESIAN_POINT('',(2.132666666667,0.314166666667,0.));
#4356 = B_SPLINE_CURVE_WITH_KNOTS('',2,(#4357,#4358,#4359),
  .UNSPECIFIED.,.F.,.F.,(3,3),(0.,1.),.PIECEWISE_BEZIER_KNOTS.);
#4357 = CARTESIAN_POINT('',(2.132666666667,0.314166666667,0.));
#4358 = CARTESIAN_POINT('',(2.384,0.546666666667,0.));
#4359 = CARTESIAN_POINT('',(2.384,0.956333333333,0.));
#4360 = ORIENTED_EDGE('',*,*,#4361,.F.);
#4361 = EDGE_CURVE('',#4362,#4354,#4364,.T.);
#4362 = VERTEX_POINT('',#4363);
#4363 = CARTESIAN_POINT('',(1.434,8.166666666667E-02,0.));
#4364 = B_SPLINE_CURVE_WITH_KNOTS('',2,(#4365,#4366,#4367),
  .UNSPECIFIED.,.F.,.F.,(3,3),(0.,1.),.PIECEWISE_BEZIER_KNOTS.);
#4365 = CARTESIAN_POINT('',(1.434,8.166666666667E-02,0.));
#4366 = CARTESIAN_POINT('',(1.8815,8.166666666667E-02,0.));
#4367 = CARTESIAN_POINT('',(2.132666666667,0.314166666667,0.));
#4368 = ORIENTED_EDGE('',*,*,#4369,.F.);
#4369 = EDGE_CURVE('',#4370,#4362,#4372,.T.);
#4370 = VERTEX_POINT('',#4371);
#4371 = CARTESIAN_POINT('',(0.689,0.346666666667,0.));
#4372 = B_SPLINE_CURVE_WITH_KNOTS('',2,(#4373,#4374,#4375),
  .UNSPECIFIED.,.F.,.F.,(3,3),(0.,1.),.PIECEWISE_BEZIER_KNOTS.);
#4373 = CARTESIAN_POINT('',(0.689,0.346666666667,0.));
#4374 = CARTESIAN_POINT('',(0.984,8.166666666667E-02,0.));
#4375 = CARTESIAN_POINT('',(1.434,8.166666666667E-02,0.));
#4376 = ORIENTED_EDGE('',*,*,#4377,.F.);
#4377 = EDGE_CURVE('',#4378,#4370,#4380,.T.);
#4378 = VERTEX_POINT('',#4379);
#4379 = CARTESIAN_POINT('',(0.394,1.014,0.));
#4380 = B_SPLINE_CURVE_WITH_KNOTS('',2,(#4381,#4382,#4383),
  .UNSPECIFIED.,.F.,.F.,(3,3),(0.,1.),.PIECEWISE_BEZIER_KNOTS.);
#4381 = CARTESIAN_POINT('',(0.394,1.014,0.));
#4382 = CARTESIAN_POINT('',(0.394,0.611833333333,0.));
#4383 = CARTESIAN_POINT('',(0.689,0.346666666667,0.));
#4384 = ORIENTED_EDGE('',*,*,#4385,.F.);
#4385 = EDGE_CURVE('',#4386,#4378,#4388,.T.);
#4386 = VERTEX_POINT('',#4387);
#4387 = CARTESIAN_POINT('',(0.259,1.014,0.));
#4388 = LINE('',#4389,#4390);
#4389 = CARTESIAN_POINT('',(0.259,1.014,0.));
#4390 = VECTOR('',#4391,1.);
#4391 = DIRECTION('',(1.,0.,0.));
#4392 = ORIENTED_EDGE('',*,*,#4393,.F.);
#4393 = EDGE_CURVE('',#4394,#4386,#4396,.T.);
#4394 = VERTEX_POINT('',#4395);
#4395 = CARTESIAN_POINT('',(0.4015,0.469,0.));
#4396 = B_SPLINE_CURVE_WITH_KNOTS('',2,(#4397,#4398,#4399),
  .UNSPECIFIED.,.F.,.F.,(3,3),(0.,1.),.PIECEWISE_BEZIER_KNOTS.);
#4397 = CARTESIAN_POINT('',(0.4015,0.469,0.));
#4398 = CARTESIAN_POINT('',(0.259,0.705166666667,0.));
#4399 = CARTESIAN_POINT('',(0.259,1.014,0.));
#4400 = ORIENTED_EDGE('',*,*,#4401,.F.);
#4401 = EDGE_CURVE('',#4402,#4394,#4404,.T.);
#4402 = VERTEX_POINT('',#4403);
#4403 = CARTESIAN_POINT('',(0.824,8.983333333333E-02,0.));
#4404 = B_SPLINE_CURVE_WITH_KNOTS('',2,(#4405,#4406,#4407),
  .UNSPECIFIED.,.F.,.F.,(3,3),(0.,1.),.PIECEWISE_BEZIER_KNOTS.);
#4405 = CARTESIAN_POINT('',(0.824,8.983333333333E-02,0.));
#4406 = CARTESIAN_POINT('',(0.544,0.233,0.));
#4407 = CARTESIAN_POINT('',(0.4015,0.469,0.));
#4408 = ORIENTED_EDGE('',*,*,#4409,.F.);
#4409 = EDGE_CURVE('',#4410,#4402,#4412,.T.);
#4410 = VERTEX_POINT('',#4411);
#4411 = CARTESIAN_POINT('',(1.434,-5.333333333333E-02,0.));
#4412 = B_SPLINE_CURVE_WITH_KNOTS('',2,(#4413,#4414,#4415),
  .UNSPECIFIED.,.F.,.F.,(3,3),(0.,1.),.PIECEWISE_BEZIER_KNOTS.);
#4413 = CARTESIAN_POINT('',(1.434,-5.333333333333E-02,0.));
#4414 = CARTESIAN_POINT('',(1.104,-5.333333333333E-02,0.));
#4415 = CARTESIAN_POINT('',(0.824,8.983333333333E-02,0.));
#4416 = ORIENTED_EDGE('',*,*,#4417,.F.);
#4417 = EDGE_CURVE('',#4418,#4410,#4420,.T.);
#4418 = VERTEX_POINT('',#4419);
#4419 = CARTESIAN_POINT('',(2.2215,0.223,0.));
#4420 = B_SPLINE_CURVE_WITH_KNOTS('',2,(#4421,#4422,#4423),
  .UNSPECIFIED.,.F.,.F.,(3,3),(0.,1.),.PIECEWISE_BEZIER_KNOTS.);
#4421 = CARTESIAN_POINT('',(2.2215,0.223,0.));
#4422 = CARTESIAN_POINT('',(1.924,-5.333333333333E-02,0.));
#4423 = CARTESIAN_POINT('',(1.434,-5.333333333333E-02,0.));
#4424 = ORIENTED_EDGE('',*,*,#4425,.F.);
#4425 = EDGE_CURVE('',#4426,#4418,#4428,.T.);
#4426 = VERTEX_POINT('',#4427);
#4427 = CARTESIAN_POINT('',(2.519,0.9665,0.));
#4428 = B_SPLINE_CURVE_WITH_KNOTS('',2,(#4429,#4430,#4431),
  .UNSPECIFIED.,.F.,.F.,(3,3),(0.,1.),.PIECEWISE_BEZIER_KNOTS.);
#4429 = CARTESIAN_POINT('',(2.519,0.9665,0.));
#4430 = CARTESIAN_POINT('',(2.519,0.499333333333,0.));
#4431 = CARTESIAN_POINT('',(2.2215,0.223,0.));
#4432 = ORIENTED_EDGE('',*,*,#4433,.F.);
#4433 = EDGE_CURVE('',#4434,#4426,#4436,.T.);
#4434 = VERTEX_POINT('',#4435);
#4435 = CARTESIAN_POINT('',(2.317666666667,1.556666666667,0.));
#4436 = B_SPLINE_CURVE_WITH_KNOTS('',2,(#4437,#4438,#4439),
  .UNSPECIFIED.,.F.,.F.,(3,3),(0.,1.),.PIECEWISE_BEZIER_KNOTS.);
#4437 = CARTESIAN_POINT('',(2.317666666667,1.556666666667,0.));
#4438 = CARTESIAN_POINT('',(2.519,1.328166666667,0.));
#4439 = CARTESIAN_POINT('',(2.519,0.9665,0.));
#4440 = ORIENTED_EDGE('',*,*,#4441,.F.);
#4441 = EDGE_CURVE('',#4442,#4434,#4444,.T.);
#4442 = VERTEX_POINT('',#4443);
#4443 = CARTESIAN_POINT('',(1.759,1.868166666667,0.));
#4444 = B_SPLINE_CURVE_WITH_KNOTS('',2,(#4445,#4446,#4447),
  .UNSPECIFIED.,.F.,.F.,(3,3),(0.,1.),.PIECEWISE_BEZIER_KNOTS.);
#4445 = CARTESIAN_POINT('',(1.759,1.868166666667,0.));
#4446 = CARTESIAN_POINT('',(2.1165,1.785333333333,0.));
#4447 = CARTESIAN_POINT('',(2.317666666667,1.556666666667,0.));
#4448 = ORIENTED_EDGE('',*,*,#4449,.F.);
#4449 = EDGE_CURVE('',#4450,#4442,#4452,.T.);
#4450 = VERTEX_POINT('',#4451);
#4451 = CARTESIAN_POINT('',(2.255166666667,2.189666666667,0.));
#4452 = B_SPLINE_CURVE_WITH_KNOTS('',2,(#4453,#4454,#4455),
  .UNSPECIFIED.,.F.,.F.,(3,3),(0.,1.),.PIECEWISE_BEZIER_KNOTS.);
#4453 = CARTESIAN_POINT('',(2.255166666667,2.189666666667,0.));
#4454 = CARTESIAN_POINT('',(2.0715,1.962833333333,0.));
#4455 = CARTESIAN_POINT('',(1.759,1.868166666667,0.));
#4456 = ORIENTED_EDGE('',*,*,#4457,.F.);
#4457 = EDGE_CURVE('',#4458,#4450,#4460,.T.);
#4458 = VERTEX_POINT('',#4459);
#4459 = CARTESIAN_POINT('',(2.439,2.705833333333,0.));
#4460 = B_SPLINE_CURVE_WITH_KNOTS('',2,(#4461,#4462,#4463),
  .UNSPECIFIED.,.F.,.F.,(3,3),(0.,1.),.PIECEWISE_BEZIER_KNOTS.);
#4461 = CARTESIAN_POINT('',(2.439,2.705833333333,0.));
#4462 = CARTESIAN_POINT('',(2.439,2.416666666667,0.));
#4463 = CARTESIAN_POINT('',(2.255166666667,2.189666666667,0.));
#4464 = ORIENTED_EDGE('',*,*,#4465,.F.);
#4465 = EDGE_CURVE('',#4466,#4458,#4468,.T.);
#4466 = VERTEX_POINT('',#4467);
#4467 = CARTESIAN_POINT('',(2.1615,3.425166666667,0.));
#4468 = B_SPLINE_CURVE_WITH_KNOTS('',2,(#4469,#4470,#4471),
  .UNSPECIFIED.,.F.,.F.,(3,3),(0.,1.),.PIECEWISE_BEZIER_KNOTS.);
#4469 = CARTESIAN_POINT('',(2.1615,3.425166666667,0.));
#4470 = CARTESIAN_POINT('',(2.439,3.159666666667,0.));
#4471 = CARTESIAN_POINT('',(2.439,2.705833333333,0.));
#4472 = ORIENTED_EDGE('',*,*,#4473,.F.);
#4473 = EDGE_CURVE('',#4474,#4466,#4476,.T.);
#4474 = VERTEX_POINT('',#4475);
#4475 = CARTESIAN_POINT('',(1.4115,3.690666666667,0.));
#4476 = B_SPLINE_CURVE_WITH_KNOTS('',2,(#4477,#4478,#4479),
  .UNSPECIFIED.,.F.,.F.,(3,3),(0.,1.),.PIECEWISE_BEZIER_KNOTS.);
#4477 = CARTESIAN_POINT('',(1.4115,3.690666666667,0.));
#4478 = CARTESIAN_POINT('',(1.884,3.690666666667,0.));
#4479 = CARTESIAN_POINT('',(2.1615,3.425166666667,0.));
#4480 = ORIENTED_EDGE('',*,*,#4481,.F.);
#4481 = EDGE_CURVE('',#4482,#4474,#4484,.T.);
#4482 = VERTEX_POINT('',#4483);
#4483 = CARTESIAN_POINT('',(0.864,3.5635,0.));
#4484 = B_SPLINE_CURVE_WITH_KNOTS('',2,(#4485,#4486,#4487),
  .UNSPECIFIED.,.F.,.F.,(3,3),(0.,1.),.PIECEWISE_BEZIER_KNOTS.);
#4485 = CARTESIAN_POINT('',(0.864,3.5635,0.));
#4486 = CARTESIAN_POINT('',(1.1115,3.690666666667,0.));
#4487 = CARTESIAN_POINT('',(1.4115,3.690666666667,0.));
#4488 = ORIENTED_EDGE('',*,*,#4489,.F.);
#4489 = EDGE_CURVE('',#4490,#4482,#4492,.T.);
#4490 = VERTEX_POINT('',#4491);
#4491 = CARTESIAN_POINT('',(0.4765,3.206833333333,0.));
#4492 = B_SPLINE_CURVE_WITH_KNOTS('',2,(#4493,#4494,#4495),
  .UNSPECIFIED.,.F.,.F.,(3,3),(0.,1.),.PIECEWISE_BEZIER_KNOTS.);
#4493 = CARTESIAN_POINT('',(0.4765,3.206833333333,0.));
#4494 = CARTESIAN_POINT('',(0.6165,3.436333333333,0.));
#4495 = CARTESIAN_POINT('',(0.864,3.5635,0.));
#4496 = ORIENTED_EDGE('',*,*,#4497,.F.);
#4497 = EDGE_CURVE('',#4498,#4490,#4500,.T.);
#4498 = VERTEX_POINT('',#4499);
#4499 = CARTESIAN_POINT('',(0.3365,2.688333333333,0.));
#4500 = B_SPLINE_CURVE_WITH_KNOTS('',2,(#4501,#4502,#4503),
  .UNSPECIFIED.,.F.,.F.,(3,3),(0.,1.),.PIECEWISE_BEZIER_KNOTS.);
#4501 = CARTESIAN_POINT('',(0.3365,2.688333333333,0.));
#4502 = CARTESIAN_POINT('',(0.3365,2.9775,0.));
#4503 = CARTESIAN_POINT('',(0.4765,3.206833333333,0.));
#4504 = ORIENTED_EDGE('',*,*,#4505,.F.);
#4505 = EDGE_CURVE('',#4506,#4498,#4508,.T.);
#4506 = VERTEX_POINT('',#4507);
#4507 = CARTESIAN_POINT('',(0.4715,2.688333333333,0.));
#4508 = LINE('',#4509,#4510);
#4509 = CARTESIAN_POINT('',(0.4715,2.688333333333,0.));
#4510 = VECTOR('',#4511,1.);
#4511 = DIRECTION('',(-1.,0.,0.));
#4512 = ORIENTED_EDGE('',*,*,#4513,.F.);
#4513 = EDGE_CURVE('',#4514,#4506,#4516,.T.);
#4514 = VERTEX_POINT('',#4515);
#4515 = CARTESIAN_POINT('',(0.7365,3.316333333333,0.));
#4516 = B_SPLINE_CURVE_WITH_KNOTS('',2,(#4517,#4518,#4519),
  .UNSPECIFIED.,.F.,.F.,(3,3),(0.,1.),.PIECEWISE_BEZIER_KNOTS.);
#4517 = CARTESIAN_POINT('',(0.7365,3.316333333333,0.));
#4518 = CARTESIAN_POINT('',(0.4715,3.077166666667,0.));
#4519 = CARTESIAN_POINT('',(0.4715,2.688333333333,0.));
#4520 = ORIENTED_EDGE('',*,*,#4521,.F.);
#4521 = EDGE_CURVE('',#4522,#4514,#4524,.T.);
#4522 = VERTEX_POINT('',#4523);
#4523 = CARTESIAN_POINT('',(1.4115,3.555666666667,0.));
#4524 = B_SPLINE_CURVE_WITH_KNOTS('',2,(#4525,#4526,#4527),
  .UNSPECIFIED.,.F.,.F.,(3,3),(0.,1.),.PIECEWISE_BEZIER_KNOTS.);
#4525 = CARTESIAN_POINT('',(1.4115,3.555666666667,0.));
#4526 = CARTESIAN_POINT('',(1.0015,3.555666666667,0.));
#4527 = CARTESIAN_POINT('',(0.7365,3.316333333333,0.));
#4528 = ORIENTED_EDGE('',*,*,#4529,.F.);
#4529 = EDGE_CURVE('',#4530,#4522,#4532,.T.);
#4530 = VERTEX_POINT('',#4531);
#4531 = CARTESIAN_POINT('',(2.067666666667,3.328833333333,0.));
#4532 = B_SPLINE_CURVE_WITH_KNOTS('',2,(#4533,#4534,#4535),
  .UNSPECIFIED.,.F.,.F.,(3,3),(0.,1.),.PIECEWISE_BEZIER_KNOTS.);
#4533 = CARTESIAN_POINT('',(2.067666666667,3.328833333333,0.));
#4534 = CARTESIAN_POINT('',(1.8315,3.555666666667,0.));
#4535 = CARTESIAN_POINT('',(1.4115,3.555666666667,0.));
#4536 = ORIENTED_EDGE('',*,*,#4537,.F.);
#4537 = EDGE_CURVE('',#4538,#4530,#4540,.T.);
#4538 = VERTEX_POINT('',#4539);
#4539 = CARTESIAN_POINT('',(2.304,2.715833333333,0.));
#4540 = B_SPLINE_CURVE_WITH_KNOTS('',2,(#4541,#4542,#4543),
  .UNSPECIFIED.,.F.,.F.,(3,3),(0.,1.),.PIECEWISE_BEZIER_KNOTS.);
#4541 = CARTESIAN_POINT('',(2.304,2.715833333333,0.));
#4542 = CARTESIAN_POINT('',(2.304,3.102,0.));
#4543 = CARTESIAN_POINT('',(2.067666666667,3.328833333333,0.));
#4544 = ORIENTED_EDGE('',*,*,#4545,.F.);
#4545 = EDGE_CURVE('',#4546,#4538,#4548,.T.);
#4546 = VERTEX_POINT('',#4547);
#4547 = CARTESIAN_POINT('',(2.040166666667,2.1575,0.));
#4548 = B_SPLINE_CURVE_WITH_KNOTS('',2,(#4549,#4550,#4551),
  .UNSPECIFIED.,.F.,.F.,(3,3),(0.,1.),.PIECEWISE_BEZIER_KNOTS.);
#4549 = CARTESIAN_POINT('',(2.040166666667,2.1575,0.));
#4550 = CARTESIAN_POINT('',(2.304,2.376833333333,0.));
#4551 = CARTESIAN_POINT('',(2.304,2.715833333333,0.));
#4552 = ORIENTED_EDGE('',*,*,#4553,.F.);
#4553 = EDGE_CURVE('',#4314,#4546,#4554,.T.);
#4554 = B_SPLINE_CURVE_WITH_KNOTS('',2,(#4555,#4556,#4557),
  .UNSPECIFIED.,.F.,.F.,(3,3),(0.,1.),.PIECEWISE_BEZIER_KNOTS.);
#4555 = CARTESIAN_POINT('',(1.349,1.930666666667,0.));
#4556 = CARTESIAN_POINT('',(1.7765,1.938166666667,0.));
#4557 = CARTESIAN_POINT('',(2.040166666667,2.1575,0.));
#4558 = PLANE('',#4559);
#4559 = AXIS2_PLACEMENT_3D('',#4560,#4561,#4562);
#4560 = CARTESIAN_POINT('',(1.561159990855,1.801356079475,0.));
#4561 = DIRECTION('',(0.,0.,1.));
#4562 = DIRECTION('',(1.,0.,-0.));
#4563 = SHELL_BASED_SURFACE_MODEL('',(#4564));
#4564 = OPEN_SHELL('',(#4565));
#4565 = ADVANCED_FACE('',(#4566),#4640,.T.);
#4566 = FACE_BOUND('',#4567,.T.);
#4567 = EDGE_LOOP('',(#4568,#4578,#4586,#4594,#4602,#4610,#4618,#4626,
    #4634));
#4568 = ORIENTED_EDGE('',*,*,#4569,.F.);
#4569 = EDGE_CURVE('',#4570,#4572,#4574,.T.);
#4570 = VERTEX_POINT('',#4571);
#4571 = CARTESIAN_POINT('',(4.264833333333,0.354666666667,0.));
#4572 = VERTEX_POINT('',#4573);
#4573 = CARTESIAN_POINT('',(4.337333333333,0.134833333333,0.));
#4574 = LINE('',#4575,#4576);
#4575 = CARTESIAN_POINT('',(4.264833333333,0.354666666667,0.));
#4576 = VECTOR('',#4577,1.);
#4577 = DIRECTION('',(0.313202138802,-0.949686485241,0.));
#4578 = ORIENTED_EDGE('',*,*,#4579,.F.);
#4579 = EDGE_CURVE('',#4580,#4570,#4582,.T.);
#4580 = VERTEX_POINT('',#4581);
#4581 = CARTESIAN_POINT('',(3.042333333333,3.637333333333,0.));
#4582 = LINE('',#4583,#4584);
#4583 = CARTESIAN_POINT('',(3.042333333333,3.637333333333,0.));
#4584 = VECTOR('',#4585,1.);
#4585 = DIRECTION('',(0.348995148007,-0.937124531035,0.));
#4586 = ORIENTED_EDGE('',*,*,#4587,.F.);
#4587 = EDGE_CURVE('',#4588,#4580,#4590,.T.);
#4588 = VERTEX_POINT('',#4589);
#4589 = CARTESIAN_POINT('',(2.894833333333,3.637333333333,0.));
#4590 = LINE('',#4591,#4592);
#4591 = CARTESIAN_POINT('',(2.894833333333,3.637333333333,0.));
#4592 = VECTOR('',#4593,1.);
#4593 = DIRECTION('',(1.,0.,0.));
#4594 = ORIENTED_EDGE('',*,*,#4595,.F.);
#4595 = EDGE_CURVE('',#4596,#4588,#4598,.T.);
#4596 = VERTEX_POINT('',#4597);
#4597 = CARTESIAN_POINT('',(4.254833333333,0.,0.));
#4598 = LINE('',#4599,#4600);
#4599 = CARTESIAN_POINT('',(4.254833333333,0.,0.));
#4600 = VECTOR('',#4601,1.);
#4601 = DIRECTION('',(-0.350220212461,0.936667391759,0.));
#4602 = ORIENTED_EDGE('',*,*,#4603,.F.);
#4603 = EDGE_CURVE('',#4604,#4596,#4606,.T.);
#4604 = VERTEX_POINT('',#4605);
#4605 = CARTESIAN_POINT('',(4.419833333333,0.,0.));
#4606 = LINE('',#4607,#4608);
#4607 = CARTESIAN_POINT('',(4.419833333333,0.,0.));
#4608 = VECTOR('',#4609,1.);
#4609 = DIRECTION('',(-1.,0.,0.));
#4610 = ORIENTED_EDGE('',*,*,#4611,.F.);
#4611 = EDGE_CURVE('',#4612,#4604,#4614,.T.);
#4612 = VERTEX_POINT('',#4613);
#4613 = CARTESIAN_POINT('',(5.779833333333,3.637333333333,0.));
#4614 = LINE('',#4615,#4616);
#4615 = CARTESIAN_POINT('',(5.779833333333,3.637333333333,0.));
#4616 = VECTOR('',#4617,1.);
#4617 = DIRECTION('',(-0.350220212461,-0.936667391759,0.));
#4618 = ORIENTED_EDGE('',*,*,#4619,.F.);
#4619 = EDGE_CURVE('',#4620,#4612,#4622,.T.);
#4620 = VERTEX_POINT('',#4621);
#4621 = CARTESIAN_POINT('',(5.632333333333,3.637333333333,0.));
#4622 = LINE('',#4623,#4624);
#4623 = CARTESIAN_POINT('',(5.632333333333,3.637333333333,0.));
#4624 = VECTOR('',#4625,1.);
#4625 = DIRECTION('',(1.,0.,0.));
#4626 = ORIENTED_EDGE('',*,*,#4627,.F.);
#4627 = EDGE_CURVE('',#4628,#4620,#4630,.T.);
#4628 = VERTEX_POINT('',#4629);
#4629 = CARTESIAN_POINT('',(4.409833333333,0.354666666667,0.));
#4630 = LINE('',#4631,#4632);
#4631 = CARTESIAN_POINT('',(4.409833333333,0.354666666667,0.));
#4632 = VECTOR('',#4633,1.);
#4633 = DIRECTION('',(0.348995148007,0.937124531035,0.));
#4634 = ORIENTED_EDGE('',*,*,#4635,.F.);
#4635 = EDGE_CURVE('',#4572,#4628,#4636,.T.);
#4636 = LINE('',#4637,#4638);
#4637 = CARTESIAN_POINT('',(4.337333333333,0.134833333333,0.));
#4638 = VECTOR('',#4639,1.);
#4639 = DIRECTION('',(0.313202138802,0.949686485241,0.));
#4640 = PLANE('',#4641);
#4641 = AXIS2_PLACEMENT_3D('',#4642,#4643,#4644);
#4642 = CARTESIAN_POINT('',(4.337333333333,1.866460078253,0.));
#4643 = DIRECTION('',(0.,0.,1.));
#4644 = DIRECTION('',(1.,0.,-0.));
#4645 = ( GEOMETRIC_REPRESENTATION_CONTEXT(3) 
GLOBAL_UNCERTAINTY_ASSIGNED_CONTEXT((#4649)) 
GLOBAL_UNIT_ASSIGNED_CONTEXT((#4646,#4647,#4648)) REPRESENTATION_CONTEXT
('Context #1','3D Context with UNIT and UNCERTAINTY') );
#4646 = ( LENGTH_UNIT() NAMED_UNIT(*) SI_UNIT(.MILLI.,.METRE.) );
#4647 = ( NAMED_UNIT(*) PLANE_ANGLE_UNIT() SI_UNIT($,.RADIAN.) );
#4648 = ( NAMED_UNIT(*) SI_UNIT($,.STERADIAN.) SOLID_ANGLE_UNIT() );
#4649 = UNCERTAINTY_MEASURE_WITH_UNIT(LENGTH_MEASURE(1.E-07),#4646,
  'distance_accuracy_value','confusion accuracy');
#4650 = CONTEXT_DEPENDENT_SHAPE_REPRESENTATION(#4651,#4653);
#4651 = ( REPRESENTATION_RELATIONSHIP('','',#4304,#10) 
REPRESENTATION_RELATIONSHIP_WITH_TRANSFORMATION(#4652) 
SHAPE_REPRESENTATION_RELATIONSHIP() );
#4652 = ITEM_DEFINED_TRANSFORMATION('','',#11,#35);
#4653 = PRODUCT_DEFINITION_SHAPE('Placement','Placement of an item',
  #4654);
#4654 = NEXT_ASSEMBLY_USAGE_OCCURRENCE('37','ShapeString003','',#5,#4299
  ,$);
#4655 = PRODUCT_RELATED_PRODUCT_CATEGORY('part',$,(#4301));
#4656 = SHAPE_DEFINITION_REPRESENTATION(#4657,#4663);
#4657 = PRODUCT_DEFINITION_SHAPE('','',#4658);
#4658 = PRODUCT_DEFINITION('design','',#4659,#4662);
#4659 = PRODUCT_DEFINITION_FORMATION('','',#4660);
#4660 = PRODUCT('Cuerpo002','Cuerpo002','',(#4661));
#4661 = PRODUCT_CONTEXT('',#2,'mechanical');
#4662 = PRODUCT_DEFINITION_CONTEXT('part definition',#2,'design');
#4663 = ADVANCED_BREP_SHAPE_REPRESENTATION('',(#11,#4664),#5928);
#4664 = MANIFOLD_SOLID_BREP('',#4665);
#4665 = CLOSED_SHELL('',(#4666,#4706,#4780,#4804,#4996,#5038,#5062,#5102
    ,#5119,#5136,#5148,#5227,#5251,#5276,#5325,#5350,#5374,#5399,#5448,
    #5473,#5497,#5522,#5571,#5596,#5620,#5645,#5694,#5719,#5736,#5753,
    #5787,#5810,#5821,#5832,#5849,#5866,#5880,#5897,#5914));
#4666 = ADVANCED_FACE('',(#4667),#4701,.T.);
#4667 = FACE_BOUND('',#4668,.T.);
#4668 = EDGE_LOOP('',(#4669,#4679,#4687,#4695));
#4669 = ORIENTED_EDGE('',*,*,#4670,.F.);
#4670 = EDGE_CURVE('',#4671,#4673,#4675,.T.);
#4671 = VERTEX_POINT('',#4672);
#4672 = CARTESIAN_POINT('',(15.88,1.,1.));
#4673 = VERTEX_POINT('',#4674);
#4674 = CARTESIAN_POINT('',(15.88,4.,1.));
#4675 = LINE('',#4676,#4677);
#4676 = CARTESIAN_POINT('',(15.88,-6.347665927891,1.));
#4677 = VECTOR('',#4678,1.);
#4678 = DIRECTION('',(0.,1.,2.22044604925E-16));
#4679 = ORIENTED_EDGE('',*,*,#4680,.T.);
#4680 = EDGE_CURVE('',#4671,#4681,#4683,.T.);
#4681 = VERTEX_POINT('',#4682);
#4682 = CARTESIAN_POINT('',(15.88,1.,7.9));
#4683 = LINE('',#4684,#4685);
#4684 = CARTESIAN_POINT('',(15.88,1.,0.));
#4685 = VECTOR('',#4686,1.);
#4686 = DIRECTION('',(0.,0.,1.));
#4687 = ORIENTED_EDGE('',*,*,#4688,.T.);
#4688 = EDGE_CURVE('',#4681,#4689,#4691,.T.);
#4689 = VERTEX_POINT('',#4690);
#4690 = CARTESIAN_POINT('',(15.88,4.,7.9));
#4691 = LINE('',#4692,#4693);
#4692 = CARTESIAN_POINT('',(15.88,1.,7.9));
#4693 = VECTOR('',#4694,1.);
#4694 = DIRECTION('',(0.,1.,0.));
#4695 = ORIENTED_EDGE('',*,*,#4696,.F.);
#4696 = EDGE_CURVE('',#4673,#4689,#4697,.T.);
#4697 = LINE('',#4698,#4699);
#4698 = CARTESIAN_POINT('',(15.88,4.,0.));
#4699 = VECTOR('',#4700,1.);
#4700 = DIRECTION('',(0.,0.,1.));
#4701 = PLANE('',#4702);
#4702 = AXIS2_PLACEMENT_3D('',#4703,#4704,#4705);
#4703 = CARTESIAN_POINT('',(15.88,1.,0.));
#4704 = DIRECTION('',(-1.,0.,0.));
#4705 = DIRECTION('',(0.,1.,0.));
#4706 = ADVANCED_FACE('',(#4707,#4764),#4775,.F.);
#4707 = FACE_BOUND('',#4708,.F.);
#4708 = EDGE_LOOP('',(#4709,#4719,#4727,#4735,#4743,#4751,#4757,#4758));
#4709 = ORIENTED_EDGE('',*,*,#4710,.F.);
#4710 = EDGE_CURVE('',#4711,#4713,#4715,.T.);
#4711 = VERTEX_POINT('',#4712);
#4712 = CARTESIAN_POINT('',(15.38,-1.,1.));
#4713 = VERTEX_POINT('',#4714);
#4714 = CARTESIAN_POINT('',(15.38,1.,1.));
#4715 = LINE('',#4716,#4717);
#4716 = CARTESIAN_POINT('',(15.38,-13.69533185578,1.));
#4717 = VECTOR('',#4718,1.);
#4718 = DIRECTION('',(0.,1.,2.22044604925E-16));
#4719 = ORIENTED_EDGE('',*,*,#4720,.F.);
#4720 = EDGE_CURVE('',#4721,#4711,#4723,.T.);
#4721 = VERTEX_POINT('',#4722);
#4722 = CARTESIAN_POINT('',(15.88,-1.,1.));
#4723 = LINE('',#4724,#4725);
#4724 = CARTESIAN_POINT('',(16.23,-1.,1.));
#4725 = VECTOR('',#4726,1.);
#4726 = DIRECTION('',(-1.,0.,0.));
#4727 = ORIENTED_EDGE('',*,*,#4728,.F.);
#4728 = EDGE_CURVE('',#4729,#4721,#4731,.T.);
#4729 = VERTEX_POINT('',#4730);
#4730 = CARTESIAN_POINT('',(15.88,-4.,1.));
#4731 = LINE('',#4732,#4733);
#4732 = CARTESIAN_POINT('',(15.88,-8.847665927891,1.));
#4733 = VECTOR('',#4734,1.);
#4734 = DIRECTION('',(0.,1.,2.22044604925E-16));
#4735 = ORIENTED_EDGE('',*,*,#4736,.F.);
#4736 = EDGE_CURVE('',#4737,#4729,#4739,.T.);
#4737 = VERTEX_POINT('',#4738);
#4738 = CARTESIAN_POINT('',(16.48,-4.,1.));
#4739 = LINE('',#4740,#4741);
#4740 = CARTESIAN_POINT('',(16.53,-4.,1.));
#4741 = VECTOR('',#4742,1.);
#4742 = DIRECTION('',(-1.,0.,0.));
#4743 = ORIENTED_EDGE('',*,*,#4744,.F.);
#4744 = EDGE_CURVE('',#4745,#4737,#4747,.T.);
#4745 = VERTEX_POINT('',#4746);
#4746 = CARTESIAN_POINT('',(16.48,4.,1.));
#4747 = LINE('',#4748,#4749);
#4748 = CARTESIAN_POINT('',(16.48,-4.847665927891,1.));
#4749 = VECTOR('',#4750,1.);
#4750 = DIRECTION('',(0.,-1.,-2.22044604925E-16));
#4751 = ORIENTED_EDGE('',*,*,#4752,.F.);
#4752 = EDGE_CURVE('',#4673,#4745,#4753,.T.);
#4753 = LINE('',#4754,#4755);
#4754 = CARTESIAN_POINT('',(16.23,4.,1.));
#4755 = VECTOR('',#4756,1.);
#4756 = DIRECTION('',(1.,0.,0.));
#4757 = ORIENTED_EDGE('',*,*,#4670,.F.);
#4758 = ORIENTED_EDGE('',*,*,#4759,.T.);
#4759 = EDGE_CURVE('',#4671,#4713,#4760,.T.);
#4760 = LINE('',#4761,#4762);
#4761 = CARTESIAN_POINT('',(16.23,1.,1.));
#4762 = VECTOR('',#4763,1.);
#4763 = DIRECTION('',(-1.,0.,0.));
#4764 = FACE_BOUND('',#4765,.F.);
#4765 = EDGE_LOOP('',(#4766));
#4766 = ORIENTED_EDGE('',*,*,#4767,.T.);
#4767 = EDGE_CURVE('',#4768,#4768,#4770,.T.);
#4768 = VERTEX_POINT('',#4769);
#4769 = CARTESIAN_POINT('',(16.44,0.,1.));
#4770 = CIRCLE('',#4771,0.5);
#4771 = AXIS2_PLACEMENT_3D('',#4772,#4773,#4774);
#4772 = CARTESIAN_POINT('',(15.94,0.,1.));
#4773 = DIRECTION('',(0.,0.,-1.));
#4774 = DIRECTION('',(1.,0.,0.));
#4775 = PLANE('',#4776);
#4776 = AXIS2_PLACEMENT_3D('',#4777,#4778,#4779);
#4777 = CARTESIAN_POINT('',(16.58,-13.69533185578,1.));
#4778 = DIRECTION('',(0.,-2.22044604925E-16,1.));
#4779 = DIRECTION('',(-1.,0.,0.));
#4780 = ADVANCED_FACE('',(#4781),#4799,.T.);
#4781 = FACE_BOUND('',#4782,.T.);
#4782 = EDGE_LOOP('',(#4783,#4784,#4785,#4793));
#4783 = ORIENTED_EDGE('',*,*,#4752,.F.);
#4784 = ORIENTED_EDGE('',*,*,#4696,.T.);
#4785 = ORIENTED_EDGE('',*,*,#4786,.T.);
#4786 = EDGE_CURVE('',#4689,#4787,#4789,.T.);
#4787 = VERTEX_POINT('',#4788);
#4788 = CARTESIAN_POINT('',(16.48,4.,7.9));
#4789 = LINE('',#4790,#4791);
#4790 = CARTESIAN_POINT('',(15.88,4.,7.9));
#4791 = VECTOR('',#4792,1.);
#4792 = DIRECTION('',(1.,0.,0.));
#4793 = ORIENTED_EDGE('',*,*,#4794,.F.);
#4794 = EDGE_CURVE('',#4745,#4787,#4795,.T.);
#4795 = LINE('',#4796,#4797);
#4796 = CARTESIAN_POINT('',(16.48,4.,0.));
#4797 = VECTOR('',#4798,1.);
#4798 = DIRECTION('',(0.,0.,1.));
#4799 = PLANE('',#4800);
#4800 = AXIS2_PLACEMENT_3D('',#4801,#4802,#4803);
#4801 = CARTESIAN_POINT('',(15.88,4.,0.));
#4802 = DIRECTION('',(0.,1.,0.));
#4803 = DIRECTION('',(1.,0.,0.));
#4804 = ADVANCED_FACE('',(#4805),#4991,.T.);
#4805 = FACE_BOUND('',#4806,.F.);
#4806 = EDGE_LOOP('',(#4807,#4808,#4809,#4817,#4825,#4833,#4841,#4849,
    #4858,#4866,#4875,#4883,#4892,#4900,#4909,#4917,#4926,#4934,#4943,
    #4951,#4960,#4968,#4977,#4985));
#4807 = ORIENTED_EDGE('',*,*,#4688,.T.);
#4808 = ORIENTED_EDGE('',*,*,#4786,.T.);
#4809 = ORIENTED_EDGE('',*,*,#4810,.T.);
#4810 = EDGE_CURVE('',#4787,#4811,#4813,.T.);
#4811 = VERTEX_POINT('',#4812);
#4812 = CARTESIAN_POINT('',(16.48,-4.,7.9));
#4813 = LINE('',#4814,#4815);
#4814 = CARTESIAN_POINT('',(16.48,4.,7.9));
#4815 = VECTOR('',#4816,1.);
#4816 = DIRECTION('',(0.,-1.,0.));
#4817 = ORIENTED_EDGE('',*,*,#4818,.T.);
#4818 = EDGE_CURVE('',#4811,#4819,#4821,.T.);
#4819 = VERTEX_POINT('',#4820);
#4820 = CARTESIAN_POINT('',(15.88,-4.,7.9));
#4821 = LINE('',#4822,#4823);
#4822 = CARTESIAN_POINT('',(16.48,-4.,7.9));
#4823 = VECTOR('',#4824,1.);
#4824 = DIRECTION('',(-1.,0.,0.));
#4825 = ORIENTED_EDGE('',*,*,#4826,.T.);
#4826 = EDGE_CURVE('',#4819,#4827,#4829,.T.);
#4827 = VERTEX_POINT('',#4828);
#4828 = CARTESIAN_POINT('',(15.88,-1.,7.9));
#4829 = LINE('',#4830,#4831);
#4830 = CARTESIAN_POINT('',(15.88,-4.,7.9));
#4831 = VECTOR('',#4832,1.);
#4832 = DIRECTION('',(0.,1.,0.));
#4833 = ORIENTED_EDGE('',*,*,#4834,.T.);
#4834 = EDGE_CURVE('',#4827,#4835,#4837,.T.);
#4835 = VERTEX_POINT('',#4836);
#4836 = CARTESIAN_POINT('',(12.9,-1.,7.9));
#4837 = LINE('',#4838,#4839);
#4838 = CARTESIAN_POINT('',(15.88,-1.,7.9));
#4839 = VECTOR('',#4840,1.);
#4840 = DIRECTION('',(-1.,0.,0.));
#4841 = ORIENTED_EDGE('',*,*,#4842,.T.);
#4842 = EDGE_CURVE('',#4835,#4843,#4845,.T.);
#4843 = VERTEX_POINT('',#4844);
#4844 = CARTESIAN_POINT('',(12.9,-3.85,7.9));
#4845 = LINE('',#4846,#4847);
#4846 = CARTESIAN_POINT('',(12.9,-1.,7.9));
#4847 = VECTOR('',#4848,1.);
#4848 = DIRECTION('',(0.,-1.,0.));
#4849 = ORIENTED_EDGE('',*,*,#4850,.F.);
#4850 = EDGE_CURVE('',#4851,#4843,#4853,.T.);
#4851 = VERTEX_POINT('',#4852);
#4852 = CARTESIAN_POINT('',(12.75,-4.,7.9));
#4853 = CIRCLE('',#4854,0.15);
#4854 = AXIS2_PLACEMENT_3D('',#4855,#4856,#4857);
#4855 = CARTESIAN_POINT('',(12.75,-3.85,7.9));
#4856 = DIRECTION('',(0.,0.,1.));
#4857 = DIRECTION('',(1.,0.,0.));
#4858 = ORIENTED_EDGE('',*,*,#4859,.T.);
#4859 = EDGE_CURVE('',#4851,#4860,#4862,.T.);
#4860 = VERTEX_POINT('',#4861);
#4861 = CARTESIAN_POINT('',(10.55,-4.,7.9));
#4862 = LINE('',#4863,#4864);
#4863 = CARTESIAN_POINT('',(12.75,-4.,7.9));
#4864 = VECTOR('',#4865,1.);
#4865 = DIRECTION('',(-1.,0.,0.));
#4866 = ORIENTED_EDGE('',*,*,#4867,.F.);
#4867 = EDGE_CURVE('',#4868,#4860,#4870,.T.);
#4868 = VERTEX_POINT('',#4869);
#4869 = CARTESIAN_POINT('',(10.4,-3.85,7.9));
#4870 = CIRCLE('',#4871,0.15);
#4871 = AXIS2_PLACEMENT_3D('',#4872,#4873,#4874);
#4872 = CARTESIAN_POINT('',(10.55,-3.85,7.9));
#4873 = DIRECTION('',(0.,0.,1.));
#4874 = DIRECTION('',(1.,0.,0.));
#4875 = ORIENTED_EDGE('',*,*,#4876,.T.);
#4876 = EDGE_CURVE('',#4868,#4877,#4879,.T.);
#4877 = VERTEX_POINT('',#4878);
#4878 = CARTESIAN_POINT('',(10.4,-3.55,7.9));
#4879 = LINE('',#4880,#4881);
#4880 = CARTESIAN_POINT('',(10.4,-3.85,7.9));
#4881 = VECTOR('',#4882,1.);
#4882 = DIRECTION('',(0.,1.,0.));
#4883 = ORIENTED_EDGE('',*,*,#4884,.F.);
#4884 = EDGE_CURVE('',#4885,#4877,#4887,.T.);
#4885 = VERTEX_POINT('',#4886);
#4886 = CARTESIAN_POINT('',(10.55,-3.4,7.9));
#4887 = CIRCLE('',#4888,0.15);
#4888 = AXIS2_PLACEMENT_3D('',#4889,#4890,#4891);
#4889 = CARTESIAN_POINT('',(10.55,-3.55,7.9));
#4890 = DIRECTION('',(0.,0.,1.));
#4891 = DIRECTION('',(1.,0.,0.));
#4892 = ORIENTED_EDGE('',*,*,#4893,.T.);
#4893 = EDGE_CURVE('',#4885,#4894,#4896,.T.);
#4894 = VERTEX_POINT('',#4895);
#4895 = CARTESIAN_POINT('',(12.15,-3.4,7.9));
#4896 = LINE('',#4897,#4898);
#4897 = CARTESIAN_POINT('',(10.55,-3.4,7.9));
#4898 = VECTOR('',#4899,1.);
#4899 = DIRECTION('',(1.,0.,0.));
#4900 = ORIENTED_EDGE('',*,*,#4901,.T.);
#4901 = EDGE_CURVE('',#4894,#4902,#4904,.T.);
#4902 = VERTEX_POINT('',#4903);
#4903 = CARTESIAN_POINT('',(12.3,-3.25,7.9));
#4904 = CIRCLE('',#4905,0.15);
#4905 = AXIS2_PLACEMENT_3D('',#4906,#4907,#4908);
#4906 = CARTESIAN_POINT('',(12.15,-3.25,7.9));
#4907 = DIRECTION('',(0.,0.,1.));
#4908 = DIRECTION('',(1.,0.,0.));
#4909 = ORIENTED_EDGE('',*,*,#4910,.T.);
#4910 = EDGE_CURVE('',#4902,#4911,#4913,.T.);
#4911 = VERTEX_POINT('',#4912);
#4912 = CARTESIAN_POINT('',(12.3,3.25,7.9));
#4913 = LINE('',#4914,#4915);
#4914 = CARTESIAN_POINT('',(12.3,-3.25,7.9));
#4915 = VECTOR('',#4916,1.);
#4916 = DIRECTION('',(0.,1.,0.));
#4917 = ORIENTED_EDGE('',*,*,#4918,.T.);
#4918 = EDGE_CURVE('',#4911,#4919,#4921,.T.);
#4919 = VERTEX_POINT('',#4920);
#4920 = CARTESIAN_POINT('',(12.15,3.4,7.9));
#4921 = CIRCLE('',#4922,0.15);
#4922 = AXIS2_PLACEMENT_3D('',#4923,#4924,#4925);
#4923 = CARTESIAN_POINT('',(12.15,3.25,7.9));
#4924 = DIRECTION('',(0.,0.,1.));
#4925 = DIRECTION('',(1.,0.,0.));
#4926 = ORIENTED_EDGE('',*,*,#4927,.T.);
#4927 = EDGE_CURVE('',#4919,#4928,#4930,.T.);
#4928 = VERTEX_POINT('',#4929);
#4929 = CARTESIAN_POINT('',(10.55,3.4,7.9));
#4930 = LINE('',#4931,#4932);
#4931 = CARTESIAN_POINT('',(12.15,3.4,7.9));
#4932 = VECTOR('',#4933,1.);
#4933 = DIRECTION('',(-1.,0.,0.));
#4934 = ORIENTED_EDGE('',*,*,#4935,.F.);
#4935 = EDGE_CURVE('',#4936,#4928,#4938,.T.);
#4936 = VERTEX_POINT('',#4937);
#4937 = CARTESIAN_POINT('',(10.4,3.55,7.9));
#4938 = CIRCLE('',#4939,0.15);
#4939 = AXIS2_PLACEMENT_3D('',#4940,#4941,#4942);
#4940 = CARTESIAN_POINT('',(10.55,3.55,7.9));
#4941 = DIRECTION('',(0.,0.,1.));
#4942 = DIRECTION('',(1.,0.,0.));
#4943 = ORIENTED_EDGE('',*,*,#4944,.T.);
#4944 = EDGE_CURVE('',#4936,#4945,#4947,.T.);
#4945 = VERTEX_POINT('',#4946);
#4946 = CARTESIAN_POINT('',(10.4,3.85,7.9));
#4947 = LINE('',#4948,#4949);
#4948 = CARTESIAN_POINT('',(10.4,3.55,7.9));
#4949 = VECTOR('',#4950,1.);
#4950 = DIRECTION('',(0.,1.,0.));
#4951 = ORIENTED_EDGE('',*,*,#4952,.F.);
#4952 = EDGE_CURVE('',#4953,#4945,#4955,.T.);
#4953 = VERTEX_POINT('',#4954);
#4954 = CARTESIAN_POINT('',(10.55,4.,7.9));
#4955 = CIRCLE('',#4956,0.15);
#4956 = AXIS2_PLACEMENT_3D('',#4957,#4958,#4959);
#4957 = CARTESIAN_POINT('',(10.55,3.85,7.9));
#4958 = DIRECTION('',(0.,0.,1.));
#4959 = DIRECTION('',(1.,0.,0.));
#4960 = ORIENTED_EDGE('',*,*,#4961,.F.);
#4961 = EDGE_CURVE('',#4962,#4953,#4964,.T.);
#4962 = VERTEX_POINT('',#4963);
#4963 = CARTESIAN_POINT('',(12.75,4.,7.9));
#4964 = LINE('',#4965,#4966);
#4965 = CARTESIAN_POINT('',(12.75,4.,7.9));
#4966 = VECTOR('',#4967,1.);
#4967 = DIRECTION('',(-1.,0.,0.));
#4968 = ORIENTED_EDGE('',*,*,#4969,.F.);
#4969 = EDGE_CURVE('',#4970,#4962,#4972,.T.);
#4970 = VERTEX_POINT('',#4971);
#4971 = CARTESIAN_POINT('',(12.9,3.85,7.9));
#4972 = CIRCLE('',#4973,0.15);
#4973 = AXIS2_PLACEMENT_3D('',#4974,#4975,#4976);
#4974 = CARTESIAN_POINT('',(12.75,3.85,7.9));
#4975 = DIRECTION('',(0.,0.,1.));
#4976 = DIRECTION('',(1.,0.,0.));
#4977 = ORIENTED_EDGE('',*,*,#4978,.T.);
#4978 = EDGE_CURVE('',#4970,#4979,#4981,.T.);
#4979 = VERTEX_POINT('',#4980);
#4980 = CARTESIAN_POINT('',(12.9,1.,7.9));
#4981 = LINE('',#4982,#4983);
#4982 = CARTESIAN_POINT('',(12.9,3.85,7.9));
#4983 = VECTOR('',#4984,1.);
#4984 = DIRECTION('',(0.,-1.,0.));
#4985 = ORIENTED_EDGE('',*,*,#4986,.F.);
#4986 = EDGE_CURVE('',#4681,#4979,#4987,.T.);
#4987 = LINE('',#4988,#4989);
#4988 = CARTESIAN_POINT('',(15.88,1.,7.9));
#4989 = VECTOR('',#4990,1.);
#4990 = DIRECTION('',(-1.,0.,0.));
#4991 = PLANE('',#4992);
#4992 = AXIS2_PLACEMENT_3D('',#4993,#4994,#4995);
#4993 = CARTESIAN_POINT('',(13.841138018156,-4.1E-16,7.9));
#4994 = DIRECTION('',(0.,0.,1.));
#4995 = DIRECTION('',(1.,0.,0.));
#4996 = ADVANCED_FACE('',(#4997),#5033,.F.);
#4997 = FACE_BOUND('',#4998,.F.);
#4998 = EDGE_LOOP('',(#4999,#5000,#5001,#5002,#5010,#5018,#5027));
#4999 = ORIENTED_EDGE('',*,*,#4759,.F.);
#5000 = ORIENTED_EDGE('',*,*,#4680,.T.);
#5001 = ORIENTED_EDGE('',*,*,#4986,.T.);
#5002 = ORIENTED_EDGE('',*,*,#5003,.F.);
#5003 = EDGE_CURVE('',#5004,#4979,#5006,.T.);
#5004 = VERTEX_POINT('',#5005);
#5005 = CARTESIAN_POINT('',(12.9,1.,7.2));
#5006 = LINE('',#5007,#5008);
#5007 = CARTESIAN_POINT('',(12.9,1.,0.));
#5008 = VECTOR('',#5009,1.);
#5009 = DIRECTION('',(0.,0.,1.));
#5010 = ORIENTED_EDGE('',*,*,#5011,.F.);
#5011 = EDGE_CURVE('',#5012,#5004,#5014,.T.);
#5012 = VERTEX_POINT('',#5013);
#5013 = CARTESIAN_POINT('',(14.38,1.,7.2));
#5014 = LINE('',#5015,#5016);
#5015 = CARTESIAN_POINT('',(15.13,1.,7.2));
#5016 = VECTOR('',#5017,1.);
#5017 = DIRECTION('',(-1.,0.,0.));
#5018 = ORIENTED_EDGE('',*,*,#5019,.F.);
#5019 = EDGE_CURVE('',#5020,#5012,#5022,.T.);
#5020 = VERTEX_POINT('',#5021);
#5021 = CARTESIAN_POINT('',(15.38,1.,6.2));
#5022 = CIRCLE('',#5023,1.);
#5023 = AXIS2_PLACEMENT_3D('',#5024,#5025,#5026);
#5024 = CARTESIAN_POINT('',(14.38,1.,6.2));
#5025 = DIRECTION('',(0.,-1.,-2.22044604925E-16));
#5026 = DIRECTION('',(1.,0.,0.));
#5027 = ORIENTED_EDGE('',*,*,#5028,.F.);
#5028 = EDGE_CURVE('',#4713,#5020,#5029,.T.);
#5029 = LINE('',#5030,#5031);
#5030 = CARTESIAN_POINT('',(15.38,1.,0.5));
#5031 = VECTOR('',#5032,1.);
#5032 = DIRECTION('',(0.,0.,1.));
#5033 = PLANE('',#5034);
#5034 = AXIS2_PLACEMENT_3D('',#5035,#5036,#5037);
#5035 = CARTESIAN_POINT('',(15.88,1.,0.));
#5036 = DIRECTION('',(0.,-1.,0.));
#5037 = DIRECTION('',(-1.,0.,0.));
#5038 = ADVANCED_FACE('',(#5039),#5057,.F.);
#5039 = FACE_BOUND('',#5040,.F.);
#5040 = EDGE_LOOP('',(#5041,#5049,#5050,#5051));
#5041 = ORIENTED_EDGE('',*,*,#5042,.F.);
#5042 = EDGE_CURVE('',#4711,#5043,#5045,.T.);
#5043 = VERTEX_POINT('',#5044);
#5044 = CARTESIAN_POINT('',(15.38,-1.,6.2));
#5045 = LINE('',#5046,#5047);
#5046 = CARTESIAN_POINT('',(15.38,-1.,0.5));
#5047 = VECTOR('',#5048,1.);
#5048 = DIRECTION('',(0.,0.,1.));
#5049 = ORIENTED_EDGE('',*,*,#4710,.T.);
#5050 = ORIENTED_EDGE('',*,*,#5028,.T.);
#5051 = ORIENTED_EDGE('',*,*,#5052,.F.);
#5052 = EDGE_CURVE('',#5043,#5020,#5053,.T.);
#5053 = LINE('',#5054,#5055);
#5054 = CARTESIAN_POINT('',(15.38,-13.69533185578,6.2));
#5055 = VECTOR('',#5056,1.);
#5056 = DIRECTION('',(0.,1.,2.22044604925E-16));
#5057 = PLANE('',#5058);
#5058 = AXIS2_PLACEMENT_3D('',#5059,#5060,#5061);
#5059 = CARTESIAN_POINT('',(15.38,-13.69533185578,1.));
#5060 = DIRECTION('',(1.,0.,0.));
#5061 = DIRECTION('',(0.,-2.22044604925E-16,1.));
#5062 = ADVANCED_FACE('',(#5063),#5097,.T.);
#5063 = FACE_BOUND('',#5064,.T.);
#5064 = EDGE_LOOP('',(#5065,#5066,#5072,#5073,#5081,#5089,#5096));
#5065 = ORIENTED_EDGE('',*,*,#4720,.F.);
#5066 = ORIENTED_EDGE('',*,*,#5067,.T.);
#5067 = EDGE_CURVE('',#4721,#4827,#5068,.T.);
#5068 = LINE('',#5069,#5070);
#5069 = CARTESIAN_POINT('',(15.88,-1.,0.));
#5070 = VECTOR('',#5071,1.);
#5071 = DIRECTION('',(0.,0.,1.));
#5072 = ORIENTED_EDGE('',*,*,#4834,.T.);
#5073 = ORIENTED_EDGE('',*,*,#5074,.F.);
#5074 = EDGE_CURVE('',#5075,#4835,#5077,.T.);
#5075 = VERTEX_POINT('',#5076);
#5076 = CARTESIAN_POINT('',(12.9,-1.,7.2));
#5077 = LINE('',#5078,#5079);
#5078 = CARTESIAN_POINT('',(12.9,-1.,0.));
#5079 = VECTOR('',#5080,1.);
#5080 = DIRECTION('',(0.,0.,1.));
#5081 = ORIENTED_EDGE('',*,*,#5082,.F.);
#5082 = EDGE_CURVE('',#5083,#5075,#5085,.T.);
#5083 = VERTEX_POINT('',#5084);
#5084 = CARTESIAN_POINT('',(14.38,-1.,7.2));
#5085 = LINE('',#5086,#5087);
#5086 = CARTESIAN_POINT('',(15.13,-1.,7.2));
#5087 = VECTOR('',#5088,1.);
#5088 = DIRECTION('',(-1.,0.,0.));
#5089 = ORIENTED_EDGE('',*,*,#5090,.F.);
#5090 = EDGE_CURVE('',#5043,#5083,#5091,.T.);
#5091 = CIRCLE('',#5092,1.);
#5092 = AXIS2_PLACEMENT_3D('',#5093,#5094,#5095);
#5093 = CARTESIAN_POINT('',(14.38,-1.,6.2));
#5094 = DIRECTION('',(0.,-1.,-2.22044604925E-16));
#5095 = DIRECTION('',(1.,0.,0.));
#5096 = ORIENTED_EDGE('',*,*,#5042,.F.);
#5097 = PLANE('',#5098);
#5098 = AXIS2_PLACEMENT_3D('',#5099,#5100,#5101);
#5099 = CARTESIAN_POINT('',(15.88,-1.,0.));
#5100 = DIRECTION('',(0.,-1.,0.));
#5101 = DIRECTION('',(-1.,0.,0.));
#5102 = ADVANCED_FACE('',(#5103),#5114,.T.);
#5103 = FACE_BOUND('',#5104,.T.);
#5104 = EDGE_LOOP('',(#5105,#5106,#5112,#5113));
#5105 = ORIENTED_EDGE('',*,*,#4728,.F.);
#5106 = ORIENTED_EDGE('',*,*,#5107,.T.);
#5107 = EDGE_CURVE('',#4729,#4819,#5108,.T.);
#5108 = LINE('',#5109,#5110);
#5109 = CARTESIAN_POINT('',(15.88,-4.,0.));
#5110 = VECTOR('',#5111,1.);
#5111 = DIRECTION('',(0.,0.,1.));
#5112 = ORIENTED_EDGE('',*,*,#4826,.T.);
#5113 = ORIENTED_EDGE('',*,*,#5067,.F.);
#5114 = PLANE('',#5115);
#5115 = AXIS2_PLACEMENT_3D('',#5116,#5117,#5118);
#5116 = CARTESIAN_POINT('',(15.88,-4.,0.));
#5117 = DIRECTION('',(-1.,0.,0.));
#5118 = DIRECTION('',(0.,1.,0.));
#5119 = ADVANCED_FACE('',(#5120),#5131,.T.);
#5120 = FACE_BOUND('',#5121,.T.);
#5121 = EDGE_LOOP('',(#5122,#5123,#5129,#5130));
#5122 = ORIENTED_EDGE('',*,*,#4736,.F.);
#5123 = ORIENTED_EDGE('',*,*,#5124,.T.);
#5124 = EDGE_CURVE('',#4737,#4811,#5125,.T.);
#5125 = LINE('',#5126,#5127);
#5126 = CARTESIAN_POINT('',(16.48,-4.,0.));
#5127 = VECTOR('',#5128,1.);
#5128 = DIRECTION('',(0.,0.,1.));
#5129 = ORIENTED_EDGE('',*,*,#4818,.T.);
#5130 = ORIENTED_EDGE('',*,*,#5107,.F.);
#5131 = PLANE('',#5132);
#5132 = AXIS2_PLACEMENT_3D('',#5133,#5134,#5135);
#5133 = CARTESIAN_POINT('',(16.48,-4.,0.));
#5134 = DIRECTION('',(0.,-1.,0.));
#5135 = DIRECTION('',(-1.,0.,0.));
#5136 = ADVANCED_FACE('',(#5137),#5143,.T.);
#5137 = FACE_BOUND('',#5138,.T.);
#5138 = EDGE_LOOP('',(#5139,#5140,#5141,#5142));
#5139 = ORIENTED_EDGE('',*,*,#4744,.F.);
#5140 = ORIENTED_EDGE('',*,*,#4794,.T.);
#5141 = ORIENTED_EDGE('',*,*,#4810,.T.);
#5142 = ORIENTED_EDGE('',*,*,#5124,.F.);
#5143 = PLANE('',#5144);
#5144 = AXIS2_PLACEMENT_3D('',#5145,#5146,#5147);
#5145 = CARTESIAN_POINT('',(16.48,4.,0.));
#5146 = DIRECTION('',(1.,0.,0.));
#5147 = DIRECTION('',(0.,-1.,0.));
#5148 = ADVANCED_FACE('',(#5149),#5222,.T.);
#5149 = FACE_BOUND('',#5150,.F.);
#5150 = EDGE_LOOP('',(#5151,#5159,#5168,#5177,#5186,#5195,#5204,#5213,
    #5220,#5221));
#5151 = ORIENTED_EDGE('',*,*,#5152,.F.);
#5152 = EDGE_CURVE('',#5153,#4768,#5155,.T.);
#5153 = VERTEX_POINT('',#5154);
#5154 = CARTESIAN_POINT('',(16.44,0.,-1.5));
#5155 = LINE('',#5156,#5157);
#5156 = CARTESIAN_POINT('',(16.44,0.,-1.5));
#5157 = VECTOR('',#5158,1.);
#5158 = DIRECTION('',(0.,0.,1.));
#5159 = ORIENTED_EDGE('',*,*,#5160,.F.);
#5160 = EDGE_CURVE('',#5161,#5153,#5163,.T.);
#5161 = VERTEX_POINT('',#5162);
#5162 = CARTESIAN_POINT('',(16.439722145019,-1.666666666667E-02,-1.5));
#5163 = CIRCLE('',#5164,0.5);
#5164 = AXIS2_PLACEMENT_3D('',#5165,#5166,#5167);
#5165 = CARTESIAN_POINT('',(15.94,0.,-1.5));
#5166 = DIRECTION('',(0.,0.,1.));
#5167 = DIRECTION('',(1.,0.,0.));
#5168 = ORIENTED_EDGE('',*,*,#5169,.T.);
#5169 = EDGE_CURVE('',#5161,#5170,#5172,.T.);
#5170 = VERTEX_POINT('',#5171);
#5171 = CARTESIAN_POINT('',(15.94,-0.5,-0.34));
#5172 = ELLIPSE('',#5173,1.3,0.5);
#5173 = AXIS2_PLACEMENT_3D('',#5174,#5175,#5176);
#5174 = CARTESIAN_POINT('',(15.94,0.,-1.54));
#5175 = DIRECTION('',(-9.821203679376E-17,-0.923076923077,
    -0.384615384615));
#5176 = DIRECTION('',(4.09216819974E-17,0.384615384615,-0.923076923077)
  );
#5177 = ORIENTED_EDGE('',*,*,#5178,.T.);
#5178 = EDGE_CURVE('',#5170,#5179,#5181,.T.);
#5179 = VERTEX_POINT('',#5180);
#5180 = CARTESIAN_POINT('',(15.440277854981,-1.666666666667E-02,-1.5));
#5181 = ELLIPSE('',#5182,1.3,0.5);
#5182 = AXIS2_PLACEMENT_3D('',#5183,#5184,#5185);
#5183 = CARTESIAN_POINT('',(15.94,0.,-1.54));
#5184 = DIRECTION('',(-9.821203679376E-17,-0.923076923077,
    -0.384615384615));
#5185 = DIRECTION('',(4.09216819974E-17,0.384615384615,-0.923076923077)
  );
#5186 = ORIENTED_EDGE('',*,*,#5187,.F.);
#5187 = EDGE_CURVE('',#5188,#5179,#5190,.T.);
#5188 = VERTEX_POINT('',#5189);
#5189 = CARTESIAN_POINT('',(15.440277854981,1.666666666666E-02,-1.5));
#5190 = CIRCLE('',#5191,0.5);
#5191 = AXIS2_PLACEMENT_3D('',#5192,#5193,#5194);
#5192 = CARTESIAN_POINT('',(15.94,0.,-1.5));
#5193 = DIRECTION('',(0.,0.,1.));
#5194 = DIRECTION('',(1.,0.,0.));
#5195 = ORIENTED_EDGE('',*,*,#5196,.F.);
#5196 = EDGE_CURVE('',#5197,#5188,#5199,.T.);
#5197 = VERTEX_POINT('',#5198);
#5198 = CARTESIAN_POINT('',(15.94,0.5,-0.34));
#5199 = ELLIPSE('',#5200,1.3,0.5);
#5200 = AXIS2_PLACEMENT_3D('',#5201,#5202,#5203);
#5201 = CARTESIAN_POINT('',(15.94,0.,-1.54));
#5202 = DIRECTION('',(-3.117164646063E-16,-0.923076923077,0.384615384615
    ));
#5203 = DIRECTION('',(-1.298818602526E-16,-0.384615384615,
    -0.923076923077));
#5204 = ORIENTED_EDGE('',*,*,#5205,.F.);
#5205 = EDGE_CURVE('',#5206,#5197,#5208,.T.);
#5206 = VERTEX_POINT('',#5207);
#5207 = CARTESIAN_POINT('',(16.439722145019,1.666666666666E-02,-1.5));
#5208 = ELLIPSE('',#5209,1.3,0.5);
#5209 = AXIS2_PLACEMENT_3D('',#5210,#5211,#5212);
#5210 = CARTESIAN_POINT('',(15.94,0.,-1.54));
#5211 = DIRECTION('',(-3.117164646063E-16,-0.923076923077,0.384615384615
    ));
#5212 = DIRECTION('',(-1.298818602526E-16,-0.384615384615,
    -0.923076923077));
#5213 = ORIENTED_EDGE('',*,*,#5214,.F.);
#5214 = EDGE_CURVE('',#5153,#5206,#5215,.T.);
#5215 = CIRCLE('',#5216,0.5);
#5216 = AXIS2_PLACEMENT_3D('',#5217,#5218,#5219);
#5217 = CARTESIAN_POINT('',(15.94,0.,-1.5));
#5218 = DIRECTION('',(0.,0.,1.));
#5219 = DIRECTION('',(1.,0.,0.));
#5220 = ORIENTED_EDGE('',*,*,#5152,.T.);
#5221 = ORIENTED_EDGE('',*,*,#4767,.F.);
#5222 = CYLINDRICAL_SURFACE('',#5223,0.5);
#5223 = AXIS2_PLACEMENT_3D('',#5224,#5225,#5226);
#5224 = CARTESIAN_POINT('',(15.94,0.,-1.5));
#5225 = DIRECTION('',(-0.,-0.,-1.));
#5226 = DIRECTION('',(1.,0.,0.));
#5227 = ADVANCED_FACE('',(#5228),#5246,.T.);
#5228 = FACE_BOUND('',#5229,.T.);
#5229 = EDGE_LOOP('',(#5230,#5238,#5239,#5240));
#5230 = ORIENTED_EDGE('',*,*,#5231,.F.);
#5231 = EDGE_CURVE('',#5075,#5232,#5234,.T.);
#5232 = VERTEX_POINT('',#5233);
#5233 = CARTESIAN_POINT('',(12.9,-3.85,7.2));
#5234 = LINE('',#5235,#5236);
#5235 = CARTESIAN_POINT('',(12.9,-7.347665927891,7.2));
#5236 = VECTOR('',#5237,1.);
#5237 = DIRECTION('',(0.,-1.,-2.22044604925E-16));
#5238 = ORIENTED_EDGE('',*,*,#5074,.T.);
#5239 = ORIENTED_EDGE('',*,*,#4842,.T.);
#5240 = ORIENTED_EDGE('',*,*,#5241,.F.);
#5241 = EDGE_CURVE('',#5232,#4843,#5242,.T.);
#5242 = LINE('',#5243,#5244);
#5243 = CARTESIAN_POINT('',(12.9,-3.85,0.));
#5244 = VECTOR('',#5245,1.);
#5245 = DIRECTION('',(0.,0.,1.));
#5246 = PLANE('',#5247);
#5247 = AXIS2_PLACEMENT_3D('',#5248,#5249,#5250);
#5248 = CARTESIAN_POINT('',(12.9,-1.,0.));
#5249 = DIRECTION('',(1.,0.,0.));
#5250 = DIRECTION('',(0.,-1.,0.));
#5251 = ADVANCED_FACE('',(#5252),#5271,.T.);
#5252 = FACE_BOUND('',#5253,.F.);
#5253 = EDGE_LOOP('',(#5254,#5263,#5269,#5270));
#5254 = ORIENTED_EDGE('',*,*,#5255,.T.);
#5255 = EDGE_CURVE('',#5232,#5256,#5258,.T.);
#5256 = VERTEX_POINT('',#5257);
#5257 = CARTESIAN_POINT('',(12.75,-4.,7.2));
#5258 = CIRCLE('',#5259,0.15);
#5259 = AXIS2_PLACEMENT_3D('',#5260,#5261,#5262);
#5260 = CARTESIAN_POINT('',(12.75,-3.85,7.2));
#5261 = DIRECTION('',(0.,0.,-1.));
#5262 = DIRECTION('',(1.,0.,0.));
#5263 = ORIENTED_EDGE('',*,*,#5264,.T.);
#5264 = EDGE_CURVE('',#5256,#4851,#5265,.T.);
#5265 = LINE('',#5266,#5267);
#5266 = CARTESIAN_POINT('',(12.75,-4.,0.));
#5267 = VECTOR('',#5268,1.);
#5268 = DIRECTION('',(0.,0.,1.));
#5269 = ORIENTED_EDGE('',*,*,#4850,.T.);
#5270 = ORIENTED_EDGE('',*,*,#5241,.F.);
#5271 = CYLINDRICAL_SURFACE('',#5272,0.15);
#5272 = AXIS2_PLACEMENT_3D('',#5273,#5274,#5275);
#5273 = CARTESIAN_POINT('',(12.75,-3.85,0.));
#5274 = DIRECTION('',(-0.,-0.,-1.));
#5275 = DIRECTION('',(1.,0.,0.));
#5276 = ADVANCED_FACE('',(#5277),#5320,.T.);
#5277 = FACE_BOUND('',#5278,.T.);
#5278 = EDGE_LOOP('',(#5279,#5287,#5288,#5289,#5297,#5305,#5313));
#5279 = ORIENTED_EDGE('',*,*,#5280,.F.);
#5280 = EDGE_CURVE('',#5256,#5281,#5283,.T.);
#5281 = VERTEX_POINT('',#5282);
#5282 = CARTESIAN_POINT('',(11.68,-4.,7.2));
#5283 = LINE('',#5284,#5285);
#5284 = CARTESIAN_POINT('',(13.565,-4.,7.2));
#5285 = VECTOR('',#5286,1.);
#5286 = DIRECTION('',(-1.,0.,0.));
#5287 = ORIENTED_EDGE('',*,*,#5264,.T.);
#5288 = ORIENTED_EDGE('',*,*,#4859,.T.);
#5289 = ORIENTED_EDGE('',*,*,#5290,.F.);
#5290 = EDGE_CURVE('',#5291,#4860,#5293,.T.);
#5291 = VERTEX_POINT('',#5292);
#5292 = CARTESIAN_POINT('',(10.55,-4.,6.18));
#5293 = LINE('',#5294,#5295);
#5294 = CARTESIAN_POINT('',(10.55,-4.,0.));
#5295 = VECTOR('',#5296,1.);
#5296 = DIRECTION('',(0.,0.,1.));
#5297 = ORIENTED_EDGE('',*,*,#5298,.F.);
#5298 = EDGE_CURVE('',#5299,#5291,#5301,.T.);
#5299 = VERTEX_POINT('',#5300);
#5300 = CARTESIAN_POINT('',(11.28,-4.,6.18));
#5301 = LINE('',#5302,#5303);
#5302 = CARTESIAN_POINT('',(12.015,-4.,6.18));
#5303 = VECTOR('',#5304,1.);
#5304 = DIRECTION('',(-1.,0.,0.));
#5305 = ORIENTED_EDGE('',*,*,#5306,.F.);
#5306 = EDGE_CURVE('',#5307,#5299,#5309,.T.);
#5307 = VERTEX_POINT('',#5308);
#5308 = CARTESIAN_POINT('',(11.28,-4.,6.8));
#5309 = LINE('',#5310,#5311);
#5310 = CARTESIAN_POINT('',(11.28,-4.,3.4));
#5311 = VECTOR('',#5312,1.);
#5312 = DIRECTION('',(-0.,-0.,-1.));
#5313 = ORIENTED_EDGE('',*,*,#5314,.F.);
#5314 = EDGE_CURVE('',#5281,#5307,#5315,.T.);
#5315 = CIRCLE('',#5316,0.4);
#5316 = AXIS2_PLACEMENT_3D('',#5317,#5318,#5319);
#5317 = CARTESIAN_POINT('',(11.68,-4.,6.8));
#5318 = DIRECTION('',(0.,-1.,-2.22044604925E-16));
#5319 = DIRECTION('',(1.,0.,0.));
#5320 = PLANE('',#5321);
#5321 = AXIS2_PLACEMENT_3D('',#5322,#5323,#5324);
#5322 = CARTESIAN_POINT('',(12.75,-4.,0.));
#5323 = DIRECTION('',(0.,-1.,0.));
#5324 = DIRECTION('',(-1.,0.,0.));
#5325 = ADVANCED_FACE('',(#5326),#5345,.T.);
#5326 = FACE_BOUND('',#5327,.F.);
#5327 = EDGE_LOOP('',(#5328,#5337,#5343,#5344));
#5328 = ORIENTED_EDGE('',*,*,#5329,.T.);
#5329 = EDGE_CURVE('',#5291,#5330,#5332,.T.);
#5330 = VERTEX_POINT('',#5331);
#5331 = CARTESIAN_POINT('',(10.4,-3.85,6.18));
#5332 = CIRCLE('',#5333,0.15);
#5333 = AXIS2_PLACEMENT_3D('',#5334,#5335,#5336);
#5334 = CARTESIAN_POINT('',(10.55,-3.85,6.18));
#5335 = DIRECTION('',(0.,0.,-1.));
#5336 = DIRECTION('',(1.,0.,0.));
#5337 = ORIENTED_EDGE('',*,*,#5338,.T.);
#5338 = EDGE_CURVE('',#5330,#4868,#5339,.T.);
#5339 = LINE('',#5340,#5341);
#5340 = CARTESIAN_POINT('',(10.4,-3.85,0.));
#5341 = VECTOR('',#5342,1.);
#5342 = DIRECTION('',(0.,0.,1.));
#5343 = ORIENTED_EDGE('',*,*,#4867,.T.);
#5344 = ORIENTED_EDGE('',*,*,#5290,.F.);
#5345 = CYLINDRICAL_SURFACE('',#5346,0.15);
#5346 = AXIS2_PLACEMENT_3D('',#5347,#5348,#5349);
#5347 = CARTESIAN_POINT('',(10.55,-3.85,0.));
#5348 = DIRECTION('',(-0.,-0.,-1.));
#5349 = DIRECTION('',(1.,0.,0.));
#5350 = ADVANCED_FACE('',(#5351),#5369,.T.);
#5351 = FACE_BOUND('',#5352,.T.);
#5352 = EDGE_LOOP('',(#5353,#5361,#5362,#5363));
#5353 = ORIENTED_EDGE('',*,*,#5354,.F.);
#5354 = EDGE_CURVE('',#5330,#5355,#5357,.T.);
#5355 = VERTEX_POINT('',#5356);
#5356 = CARTESIAN_POINT('',(10.4,-3.55,6.18));
#5357 = LINE('',#5358,#5359);
#5358 = CARTESIAN_POINT('',(10.4,-8.772665927891,6.18));
#5359 = VECTOR('',#5360,1.);
#5360 = DIRECTION('',(0.,1.,2.22044604925E-16));
#5361 = ORIENTED_EDGE('',*,*,#5338,.T.);
#5362 = ORIENTED_EDGE('',*,*,#4876,.T.);
#5363 = ORIENTED_EDGE('',*,*,#5364,.F.);
#5364 = EDGE_CURVE('',#5355,#4877,#5365,.T.);
#5365 = LINE('',#5366,#5367);
#5366 = CARTESIAN_POINT('',(10.4,-3.55,0.));
#5367 = VECTOR('',#5368,1.);
#5368 = DIRECTION('',(0.,0.,1.));
#5369 = PLANE('',#5370);
#5370 = AXIS2_PLACEMENT_3D('',#5371,#5372,#5373);
#5371 = CARTESIAN_POINT('',(10.4,-3.85,0.));
#5372 = DIRECTION('',(-1.,0.,0.));
#5373 = DIRECTION('',(0.,1.,0.));
#5374 = ADVANCED_FACE('',(#5375),#5394,.T.);
#5375 = FACE_BOUND('',#5376,.F.);
#5376 = EDGE_LOOP('',(#5377,#5386,#5392,#5393));
#5377 = ORIENTED_EDGE('',*,*,#5378,.T.);
#5378 = EDGE_CURVE('',#5355,#5379,#5381,.T.);
#5379 = VERTEX_POINT('',#5380);
#5380 = CARTESIAN_POINT('',(10.55,-3.4,6.18));
#5381 = CIRCLE('',#5382,0.15);
#5382 = AXIS2_PLACEMENT_3D('',#5383,#5384,#5385);
#5383 = CARTESIAN_POINT('',(10.55,-3.55,6.18));
#5384 = DIRECTION('',(0.,0.,-1.));
#5385 = DIRECTION('',(1.,0.,0.));
#5386 = ORIENTED_EDGE('',*,*,#5387,.T.);
#5387 = EDGE_CURVE('',#5379,#4885,#5388,.T.);
#5388 = LINE('',#5389,#5390);
#5389 = CARTESIAN_POINT('',(10.55,-3.4,0.));
#5390 = VECTOR('',#5391,1.);
#5391 = DIRECTION('',(0.,0.,1.));
#5392 = ORIENTED_EDGE('',*,*,#4884,.T.);
#5393 = ORIENTED_EDGE('',*,*,#5364,.F.);
#5394 = CYLINDRICAL_SURFACE('',#5395,0.15);
#5395 = AXIS2_PLACEMENT_3D('',#5396,#5397,#5398);
#5396 = CARTESIAN_POINT('',(10.55,-3.55,0.));
#5397 = DIRECTION('',(-0.,-0.,-1.));
#5398 = DIRECTION('',(1.,0.,0.));
#5399 = ADVANCED_FACE('',(#5400),#5443,.T.);
#5400 = FACE_BOUND('',#5401,.T.);
#5401 = EDGE_LOOP('',(#5402,#5410,#5411,#5412,#5420,#5428,#5437));
#5402 = ORIENTED_EDGE('',*,*,#5403,.F.);
#5403 = EDGE_CURVE('',#5379,#5404,#5406,.T.);
#5404 = VERTEX_POINT('',#5405);
#5405 = CARTESIAN_POINT('',(11.28,-3.4,6.18));
#5406 = LINE('',#5407,#5408);
#5407 = CARTESIAN_POINT('',(10.915,-3.4,6.18));
#5408 = VECTOR('',#5409,1.);
#5409 = DIRECTION('',(1.,0.,0.));
#5410 = ORIENTED_EDGE('',*,*,#5387,.T.);
#5411 = ORIENTED_EDGE('',*,*,#4893,.T.);
#5412 = ORIENTED_EDGE('',*,*,#5413,.F.);
#5413 = EDGE_CURVE('',#5414,#4894,#5416,.T.);
#5414 = VERTEX_POINT('',#5415);
#5415 = CARTESIAN_POINT('',(12.15,-3.4,7.2));
#5416 = LINE('',#5417,#5418);
#5417 = CARTESIAN_POINT('',(12.15,-3.4,0.));
#5418 = VECTOR('',#5419,1.);
#5419 = DIRECTION('',(0.,0.,1.));
#5420 = ORIENTED_EDGE('',*,*,#5421,.F.);
#5421 = EDGE_CURVE('',#5422,#5414,#5424,.T.);
#5422 = VERTEX_POINT('',#5423);
#5423 = CARTESIAN_POINT('',(11.68,-3.4,7.2));
#5424 = LINE('',#5425,#5426);
#5425 = CARTESIAN_POINT('',(12.465,-3.4,7.2));
#5426 = VECTOR('',#5427,1.);
#5427 = DIRECTION('',(1.,0.,0.));
#5428 = ORIENTED_EDGE('',*,*,#5429,.T.);
#5429 = EDGE_CURVE('',#5422,#5430,#5432,.T.);
#5430 = VERTEX_POINT('',#5431);
#5431 = CARTESIAN_POINT('',(11.28,-3.4,6.8));
#5432 = CIRCLE('',#5433,0.4);
#5433 = AXIS2_PLACEMENT_3D('',#5434,#5435,#5436);
#5434 = CARTESIAN_POINT('',(11.68,-3.4,6.8));
#5435 = DIRECTION('',(0.,-1.,-2.22044604925E-16));
#5436 = DIRECTION('',(1.,0.,0.));
#5437 = ORIENTED_EDGE('',*,*,#5438,.F.);
#5438 = EDGE_CURVE('',#5404,#5430,#5439,.T.);
#5439 = LINE('',#5440,#5441);
#5440 = CARTESIAN_POINT('',(11.28,-3.4,3.4));
#5441 = VECTOR('',#5442,1.);
#5442 = DIRECTION('',(0.,0.,1.));
#5443 = PLANE('',#5444);
#5444 = AXIS2_PLACEMENT_3D('',#5445,#5446,#5447);
#5445 = CARTESIAN_POINT('',(10.55,-3.4,0.));
#5446 = DIRECTION('',(0.,1.,0.));
#5447 = DIRECTION('',(1.,0.,0.));
#5448 = ADVANCED_FACE('',(#5449),#5468,.F.);
#5449 = FACE_BOUND('',#5450,.T.);
#5450 = EDGE_LOOP('',(#5451,#5460,#5461,#5462));
#5451 = ORIENTED_EDGE('',*,*,#5452,.T.);
#5452 = EDGE_CURVE('',#5453,#5414,#5455,.T.);
#5453 = VERTEX_POINT('',#5454);
#5454 = CARTESIAN_POINT('',(12.3,-3.25,7.2));
#5455 = CIRCLE('',#5456,0.15);
#5456 = AXIS2_PLACEMENT_3D('',#5457,#5458,#5459);
#5457 = CARTESIAN_POINT('',(12.15,-3.25,7.2));
#5458 = DIRECTION('',(0.,0.,-1.));
#5459 = DIRECTION('',(1.,0.,0.));
#5460 = ORIENTED_EDGE('',*,*,#5413,.T.);
#5461 = ORIENTED_EDGE('',*,*,#4901,.T.);
#5462 = ORIENTED_EDGE('',*,*,#5463,.F.);
#5463 = EDGE_CURVE('',#5453,#4902,#5464,.T.);
#5464 = LINE('',#5465,#5466);
#5465 = CARTESIAN_POINT('',(12.3,-3.25,0.));
#5466 = VECTOR('',#5467,1.);
#5467 = DIRECTION('',(0.,0.,1.));
#5468 = CYLINDRICAL_SURFACE('',#5469,0.15);
#5469 = AXIS2_PLACEMENT_3D('',#5470,#5471,#5472);
#5470 = CARTESIAN_POINT('',(12.15,-3.25,0.));
#5471 = DIRECTION('',(-0.,-0.,-1.));
#5472 = DIRECTION('',(1.,0.,0.));
#5473 = ADVANCED_FACE('',(#5474),#5492,.T.);
#5474 = FACE_BOUND('',#5475,.T.);
#5475 = EDGE_LOOP('',(#5476,#5484,#5485,#5486));
#5476 = ORIENTED_EDGE('',*,*,#5477,.F.);
#5477 = EDGE_CURVE('',#5453,#5478,#5480,.T.);
#5478 = VERTEX_POINT('',#5479);
#5479 = CARTESIAN_POINT('',(12.3,3.25,7.2));
#5480 = LINE('',#5481,#5482);
#5481 = CARTESIAN_POINT('',(12.3,-8.472665927891,7.2));
#5482 = VECTOR('',#5483,1.);
#5483 = DIRECTION('',(0.,1.,2.22044604925E-16));
#5484 = ORIENTED_EDGE('',*,*,#5463,.T.);
#5485 = ORIENTED_EDGE('',*,*,#4910,.T.);
#5486 = ORIENTED_EDGE('',*,*,#5487,.F.);
#5487 = EDGE_CURVE('',#5478,#4911,#5488,.T.);
#5488 = LINE('',#5489,#5490);
#5489 = CARTESIAN_POINT('',(12.3,3.25,0.));
#5490 = VECTOR('',#5491,1.);
#5491 = DIRECTION('',(0.,0.,1.));
#5492 = PLANE('',#5493);
#5493 = AXIS2_PLACEMENT_3D('',#5494,#5495,#5496);
#5494 = CARTESIAN_POINT('',(12.3,-3.25,0.));
#5495 = DIRECTION('',(-1.,0.,0.));
#5496 = DIRECTION('',(0.,1.,0.));
#5497 = ADVANCED_FACE('',(#5498),#5517,.F.);
#5498 = FACE_BOUND('',#5499,.T.);
#5499 = EDGE_LOOP('',(#5500,#5509,#5510,#5511));
#5500 = ORIENTED_EDGE('',*,*,#5501,.T.);
#5501 = EDGE_CURVE('',#5502,#5478,#5504,.T.);
#5502 = VERTEX_POINT('',#5503);
#5503 = CARTESIAN_POINT('',(12.15,3.4,7.2));
#5504 = CIRCLE('',#5505,0.15);
#5505 = AXIS2_PLACEMENT_3D('',#5506,#5507,#5508);
#5506 = CARTESIAN_POINT('',(12.15,3.25,7.2));
#5507 = DIRECTION('',(0.,0.,-1.));
#5508 = DIRECTION('',(1.,0.,0.));
#5509 = ORIENTED_EDGE('',*,*,#5487,.T.);
#5510 = ORIENTED_EDGE('',*,*,#4918,.T.);
#5511 = ORIENTED_EDGE('',*,*,#5512,.F.);
#5512 = EDGE_CURVE('',#5502,#4919,#5513,.T.);
#5513 = LINE('',#5514,#5515);
#5514 = CARTESIAN_POINT('',(12.15,3.4,0.));
#5515 = VECTOR('',#5516,1.);
#5516 = DIRECTION('',(0.,0.,1.));
#5517 = CYLINDRICAL_SURFACE('',#5518,0.15);
#5518 = AXIS2_PLACEMENT_3D('',#5519,#5520,#5521);
#5519 = CARTESIAN_POINT('',(12.15,3.25,0.));
#5520 = DIRECTION('',(-0.,-0.,-1.));
#5521 = DIRECTION('',(1.,0.,0.));
#5522 = ADVANCED_FACE('',(#5523),#5566,.T.);
#5523 = FACE_BOUND('',#5524,.T.);
#5524 = EDGE_LOOP('',(#5525,#5533,#5534,#5535,#5543,#5551,#5559));
#5525 = ORIENTED_EDGE('',*,*,#5526,.F.);
#5526 = EDGE_CURVE('',#5502,#5527,#5529,.T.);
#5527 = VERTEX_POINT('',#5528);
#5528 = CARTESIAN_POINT('',(11.68,3.4,7.2));
#5529 = LINE('',#5530,#5531);
#5530 = CARTESIAN_POINT('',(13.265,3.4,7.2));
#5531 = VECTOR('',#5532,1.);
#5532 = DIRECTION('',(-1.,0.,0.));
#5533 = ORIENTED_EDGE('',*,*,#5512,.T.);
#5534 = ORIENTED_EDGE('',*,*,#4927,.T.);
#5535 = ORIENTED_EDGE('',*,*,#5536,.F.);
#5536 = EDGE_CURVE('',#5537,#4928,#5539,.T.);
#5537 = VERTEX_POINT('',#5538);
#5538 = CARTESIAN_POINT('',(10.55,3.4,6.18));
#5539 = LINE('',#5540,#5541);
#5540 = CARTESIAN_POINT('',(10.55,3.4,0.));
#5541 = VECTOR('',#5542,1.);
#5542 = DIRECTION('',(0.,0.,1.));
#5543 = ORIENTED_EDGE('',*,*,#5544,.F.);
#5544 = EDGE_CURVE('',#5545,#5537,#5547,.T.);
#5545 = VERTEX_POINT('',#5546);
#5546 = CARTESIAN_POINT('',(11.28,3.4,6.18));
#5547 = LINE('',#5548,#5549);
#5548 = CARTESIAN_POINT('',(11.715,3.4,6.18));
#5549 = VECTOR('',#5550,1.);
#5550 = DIRECTION('',(-1.,0.,0.));
#5551 = ORIENTED_EDGE('',*,*,#5552,.F.);
#5552 = EDGE_CURVE('',#5553,#5545,#5555,.T.);
#5553 = VERTEX_POINT('',#5554);
#5554 = CARTESIAN_POINT('',(11.28,3.4,6.8));
#5555 = LINE('',#5556,#5557);
#5556 = CARTESIAN_POINT('',(11.28,3.4,3.4));
#5557 = VECTOR('',#5558,1.);
#5558 = DIRECTION('',(-0.,-0.,-1.));
#5559 = ORIENTED_EDGE('',*,*,#5560,.F.);
#5560 = EDGE_CURVE('',#5527,#5553,#5561,.T.);
#5561 = CIRCLE('',#5562,0.4);
#5562 = AXIS2_PLACEMENT_3D('',#5563,#5564,#5565);
#5563 = CARTESIAN_POINT('',(11.68,3.4,6.8));
#5564 = DIRECTION('',(0.,-1.,-2.22044604925E-16));
#5565 = DIRECTION('',(1.,0.,0.));
#5566 = PLANE('',#5567);
#5567 = AXIS2_PLACEMENT_3D('',#5568,#5569,#5570);
#5568 = CARTESIAN_POINT('',(12.15,3.4,0.));
#5569 = DIRECTION('',(0.,-1.,0.));
#5570 = DIRECTION('',(-1.,0.,0.));
#5571 = ADVANCED_FACE('',(#5572),#5591,.T.);
#5572 = FACE_BOUND('',#5573,.F.);
#5573 = EDGE_LOOP('',(#5574,#5583,#5589,#5590));
#5574 = ORIENTED_EDGE('',*,*,#5575,.T.);
#5575 = EDGE_CURVE('',#5537,#5576,#5578,.T.);
#5576 = VERTEX_POINT('',#5577);
#5577 = CARTESIAN_POINT('',(10.4,3.55,6.18));
#5578 = CIRCLE('',#5579,0.15);
#5579 = AXIS2_PLACEMENT_3D('',#5580,#5581,#5582);
#5580 = CARTESIAN_POINT('',(10.55,3.55,6.18));
#5581 = DIRECTION('',(0.,0.,-1.));
#5582 = DIRECTION('',(1.,0.,0.));
#5583 = ORIENTED_EDGE('',*,*,#5584,.T.);
#5584 = EDGE_CURVE('',#5576,#4936,#5585,.T.);
#5585 = LINE('',#5586,#5587);
#5586 = CARTESIAN_POINT('',(10.4,3.55,0.));
#5587 = VECTOR('',#5588,1.);
#5588 = DIRECTION('',(0.,0.,1.));
#5589 = ORIENTED_EDGE('',*,*,#4935,.T.);
#5590 = ORIENTED_EDGE('',*,*,#5536,.F.);
#5591 = CYLINDRICAL_SURFACE('',#5592,0.15);
#5592 = AXIS2_PLACEMENT_3D('',#5593,#5594,#5595);
#5593 = CARTESIAN_POINT('',(10.55,3.55,0.));
#5594 = DIRECTION('',(-0.,-0.,-1.));
#5595 = DIRECTION('',(1.,0.,0.));
#5596 = ADVANCED_FACE('',(#5597),#5615,.T.);
#5597 = FACE_BOUND('',#5598,.T.);
#5598 = EDGE_LOOP('',(#5599,#5607,#5608,#5609));
#5599 = ORIENTED_EDGE('',*,*,#5600,.F.);
#5600 = EDGE_CURVE('',#5576,#5601,#5603,.T.);
#5601 = VERTEX_POINT('',#5602);
#5602 = CARTESIAN_POINT('',(10.4,3.85,6.18));
#5603 = LINE('',#5604,#5605);
#5604 = CARTESIAN_POINT('',(10.4,-5.072665927891,6.18));
#5605 = VECTOR('',#5606,1.);
#5606 = DIRECTION('',(0.,1.,2.22044604925E-16));
#5607 = ORIENTED_EDGE('',*,*,#5584,.T.);
#5608 = ORIENTED_EDGE('',*,*,#4944,.T.);
#5609 = ORIENTED_EDGE('',*,*,#5610,.F.);
#5610 = EDGE_CURVE('',#5601,#4945,#5611,.T.);
#5611 = LINE('',#5612,#5613);
#5612 = CARTESIAN_POINT('',(10.4,3.85,0.));
#5613 = VECTOR('',#5614,1.);
#5614 = DIRECTION('',(0.,0.,1.));
#5615 = PLANE('',#5616);
#5616 = AXIS2_PLACEMENT_3D('',#5617,#5618,#5619);
#5617 = CARTESIAN_POINT('',(10.4,3.55,0.));
#5618 = DIRECTION('',(-1.,0.,0.));
#5619 = DIRECTION('',(0.,1.,0.));
#5620 = ADVANCED_FACE('',(#5621),#5640,.T.);
#5621 = FACE_BOUND('',#5622,.F.);
#5622 = EDGE_LOOP('',(#5623,#5632,#5638,#5639));
#5623 = ORIENTED_EDGE('',*,*,#5624,.T.);
#5624 = EDGE_CURVE('',#5601,#5625,#5627,.T.);
#5625 = VERTEX_POINT('',#5626);
#5626 = CARTESIAN_POINT('',(10.55,4.,6.18));
#5627 = CIRCLE('',#5628,0.15);
#5628 = AXIS2_PLACEMENT_3D('',#5629,#5630,#5631);
#5629 = CARTESIAN_POINT('',(10.55,3.85,6.18));
#5630 = DIRECTION('',(0.,0.,-1.));
#5631 = DIRECTION('',(1.,0.,0.));
#5632 = ORIENTED_EDGE('',*,*,#5633,.T.);
#5633 = EDGE_CURVE('',#5625,#4953,#5634,.T.);
#5634 = LINE('',#5635,#5636);
#5635 = CARTESIAN_POINT('',(10.55,4.,0.));
#5636 = VECTOR('',#5637,1.);
#5637 = DIRECTION('',(0.,0.,1.));
#5638 = ORIENTED_EDGE('',*,*,#4952,.T.);
#5639 = ORIENTED_EDGE('',*,*,#5610,.F.);
#5640 = CYLINDRICAL_SURFACE('',#5641,0.15);
#5641 = AXIS2_PLACEMENT_3D('',#5642,#5643,#5644);
#5642 = CARTESIAN_POINT('',(10.55,3.85,0.));
#5643 = DIRECTION('',(-0.,-0.,-1.));
#5644 = DIRECTION('',(1.,0.,0.));
#5645 = ADVANCED_FACE('',(#5646),#5689,.F.);
#5646 = FACE_BOUND('',#5647,.F.);
#5647 = EDGE_LOOP('',(#5648,#5658,#5664,#5665,#5666,#5674,#5682));
#5648 = ORIENTED_EDGE('',*,*,#5649,.F.);
#5649 = EDGE_CURVE('',#5650,#5652,#5654,.T.);
#5650 = VERTEX_POINT('',#5651);
#5651 = CARTESIAN_POINT('',(12.75,4.,7.2));
#5652 = VERTEX_POINT('',#5653);
#5653 = CARTESIAN_POINT('',(11.68,4.,7.2));
#5654 = LINE('',#5655,#5656);
#5655 = CARTESIAN_POINT('',(13.565,4.,7.2));
#5656 = VECTOR('',#5657,1.);
#5657 = DIRECTION('',(-1.,0.,0.));
#5658 = ORIENTED_EDGE('',*,*,#5659,.T.);
#5659 = EDGE_CURVE('',#5650,#4962,#5660,.T.);
#5660 = LINE('',#5661,#5662);
#5661 = CARTESIAN_POINT('',(12.75,4.,0.));
#5662 = VECTOR('',#5663,1.);
#5663 = DIRECTION('',(0.,0.,1.));
#5664 = ORIENTED_EDGE('',*,*,#4961,.T.);
#5665 = ORIENTED_EDGE('',*,*,#5633,.F.);
#5666 = ORIENTED_EDGE('',*,*,#5667,.F.);
#5667 = EDGE_CURVE('',#5668,#5625,#5670,.T.);
#5668 = VERTEX_POINT('',#5669);
#5669 = CARTESIAN_POINT('',(11.28,4.,6.18));
#5670 = LINE('',#5671,#5672);
#5671 = CARTESIAN_POINT('',(12.015,4.,6.18));
#5672 = VECTOR('',#5673,1.);
#5673 = DIRECTION('',(-1.,0.,0.));
#5674 = ORIENTED_EDGE('',*,*,#5675,.F.);
#5675 = EDGE_CURVE('',#5676,#5668,#5678,.T.);
#5676 = VERTEX_POINT('',#5677);
#5677 = CARTESIAN_POINT('',(11.28,4.,6.8));
#5678 = LINE('',#5679,#5680);
#5679 = CARTESIAN_POINT('',(11.28,4.,3.4));
#5680 = VECTOR('',#5681,1.);
#5681 = DIRECTION('',(-0.,-0.,-1.));
#5682 = ORIENTED_EDGE('',*,*,#5683,.F.);
#5683 = EDGE_CURVE('',#5652,#5676,#5684,.T.);
#5684 = CIRCLE('',#5685,0.4);
#5685 = AXIS2_PLACEMENT_3D('',#5686,#5687,#5688);
#5686 = CARTESIAN_POINT('',(11.68,4.,6.8));
#5687 = DIRECTION('',(0.,-1.,-2.22044604925E-16));
#5688 = DIRECTION('',(1.,0.,0.));
#5689 = PLANE('',#5690);
#5690 = AXIS2_PLACEMENT_3D('',#5691,#5692,#5693);
#5691 = CARTESIAN_POINT('',(12.75,4.,0.));
#5692 = DIRECTION('',(0.,-1.,0.));
#5693 = DIRECTION('',(-1.,0.,0.));
#5694 = ADVANCED_FACE('',(#5695),#5714,.T.);
#5695 = FACE_BOUND('',#5696,.F.);
#5696 = EDGE_LOOP('',(#5697,#5706,#5712,#5713));
#5697 = ORIENTED_EDGE('',*,*,#5698,.T.);
#5698 = EDGE_CURVE('',#5650,#5699,#5701,.T.);
#5699 = VERTEX_POINT('',#5700);
#5700 = CARTESIAN_POINT('',(12.9,3.85,7.2));
#5701 = CIRCLE('',#5702,0.15);
#5702 = AXIS2_PLACEMENT_3D('',#5703,#5704,#5705);
#5703 = CARTESIAN_POINT('',(12.75,3.85,7.2));
#5704 = DIRECTION('',(0.,0.,-1.));
#5705 = DIRECTION('',(1.,0.,0.));
#5706 = ORIENTED_EDGE('',*,*,#5707,.T.);
#5707 = EDGE_CURVE('',#5699,#4970,#5708,.T.);
#5708 = LINE('',#5709,#5710);
#5709 = CARTESIAN_POINT('',(12.9,3.85,0.));
#5710 = VECTOR('',#5711,1.);
#5711 = DIRECTION('',(0.,0.,1.));
#5712 = ORIENTED_EDGE('',*,*,#4969,.T.);
#5713 = ORIENTED_EDGE('',*,*,#5659,.F.);
#5714 = CYLINDRICAL_SURFACE('',#5715,0.15);
#5715 = AXIS2_PLACEMENT_3D('',#5716,#5717,#5718);
#5716 = CARTESIAN_POINT('',(12.75,3.85,0.));
#5717 = DIRECTION('',(-0.,-0.,-1.));
#5718 = DIRECTION('',(1.,0.,0.));
#5719 = ADVANCED_FACE('',(#5720),#5731,.T.);
#5720 = FACE_BOUND('',#5721,.T.);
#5721 = EDGE_LOOP('',(#5722,#5728,#5729,#5730));
#5722 = ORIENTED_EDGE('',*,*,#5723,.F.);
#5723 = EDGE_CURVE('',#5699,#5004,#5724,.T.);
#5724 = LINE('',#5725,#5726);
#5725 = CARTESIAN_POINT('',(12.9,-4.922665927891,7.2));
#5726 = VECTOR('',#5727,1.);
#5727 = DIRECTION('',(0.,-1.,-2.22044604925E-16));
#5728 = ORIENTED_EDGE('',*,*,#5707,.T.);
#5729 = ORIENTED_EDGE('',*,*,#4978,.T.);
#5730 = ORIENTED_EDGE('',*,*,#5003,.F.);
#5731 = PLANE('',#5732);
#5732 = AXIS2_PLACEMENT_3D('',#5733,#5734,#5735);
#5733 = CARTESIAN_POINT('',(12.9,3.85,0.));
#5734 = DIRECTION('',(1.,0.,0.));
#5735 = DIRECTION('',(0.,-1.,0.));
#5736 = ADVANCED_FACE('',(#5737),#5748,.F.);
#5737 = FACE_BOUND('',#5738,.F.);
#5738 = EDGE_LOOP('',(#5739,#5740,#5741,#5742));
#5739 = ORIENTED_EDGE('',*,*,#5090,.F.);
#5740 = ORIENTED_EDGE('',*,*,#5052,.T.);
#5741 = ORIENTED_EDGE('',*,*,#5019,.T.);
#5742 = ORIENTED_EDGE('',*,*,#5743,.F.);
#5743 = EDGE_CURVE('',#5083,#5012,#5744,.T.);
#5744 = LINE('',#5745,#5746);
#5745 = CARTESIAN_POINT('',(14.38,-13.69533185578,7.2));
#5746 = VECTOR('',#5747,1.);
#5747 = DIRECTION('',(0.,1.,2.22044604925E-16));
#5748 = CYLINDRICAL_SURFACE('',#5749,1.);
#5749 = AXIS2_PLACEMENT_3D('',#5750,#5751,#5752);
#5750 = CARTESIAN_POINT('',(14.38,-13.69533185578,6.2));
#5751 = DIRECTION('',(0.,-1.,-2.22044604925E-16));
#5752 = DIRECTION('',(1.,0.,0.));
#5753 = ADVANCED_FACE('',(#5754),#5782,.F.);
#5754 = FACE_BOUND('',#5755,.F.);
#5755 = EDGE_LOOP('',(#5756,#5757,#5758,#5759,#5760,#5761,#5762,#5768,
    #5769,#5770,#5771,#5772,#5773,#5779,#5780,#5781));
#5756 = ORIENTED_EDGE('',*,*,#5082,.F.);
#5757 = ORIENTED_EDGE('',*,*,#5743,.T.);
#5758 = ORIENTED_EDGE('',*,*,#5011,.T.);
#5759 = ORIENTED_EDGE('',*,*,#5723,.F.);
#5760 = ORIENTED_EDGE('',*,*,#5698,.F.);
#5761 = ORIENTED_EDGE('',*,*,#5649,.T.);
#5762 = ORIENTED_EDGE('',*,*,#5763,.F.);
#5763 = EDGE_CURVE('',#5527,#5652,#5764,.T.);
#5764 = LINE('',#5765,#5766);
#5765 = CARTESIAN_POINT('',(11.68,-13.69533185578,7.2));
#5766 = VECTOR('',#5767,1.);
#5767 = DIRECTION('',(0.,1.,2.22044604925E-16));
#5768 = ORIENTED_EDGE('',*,*,#5526,.F.);
#5769 = ORIENTED_EDGE('',*,*,#5501,.T.);
#5770 = ORIENTED_EDGE('',*,*,#5477,.F.);
#5771 = ORIENTED_EDGE('',*,*,#5452,.T.);
#5772 = ORIENTED_EDGE('',*,*,#5421,.F.);
#5773 = ORIENTED_EDGE('',*,*,#5774,.F.);
#5774 = EDGE_CURVE('',#5281,#5422,#5775,.T.);
#5775 = LINE('',#5776,#5777);
#5776 = CARTESIAN_POINT('',(11.68,-13.69533185578,7.2));
#5777 = VECTOR('',#5778,1.);
#5778 = DIRECTION('',(0.,1.,2.22044604925E-16));
#5779 = ORIENTED_EDGE('',*,*,#5280,.F.);
#5780 = ORIENTED_EDGE('',*,*,#5255,.F.);
#5781 = ORIENTED_EDGE('',*,*,#5231,.F.);
#5782 = PLANE('',#5783);
#5783 = AXIS2_PLACEMENT_3D('',#5784,#5785,#5786);
#5784 = CARTESIAN_POINT('',(14.38,-13.69533185578,7.2));
#5785 = DIRECTION('',(0.,-2.22044604925E-16,1.));
#5786 = DIRECTION('',(-1.,0.,0.));
#5787 = ADVANCED_FACE('',(#5788),#5805,.F.);
#5788 = FACE_BOUND('',#5789,.F.);
#5789 = EDGE_LOOP('',(#5790,#5791,#5792,#5798,#5799));
#5790 = ORIENTED_EDGE('',*,*,#5160,.T.);
#5791 = ORIENTED_EDGE('',*,*,#5214,.T.);
#5792 = ORIENTED_EDGE('',*,*,#5793,.F.);
#5793 = EDGE_CURVE('',#5188,#5206,#5794,.T.);
#5794 = LINE('',#5795,#5796);
#5795 = CARTESIAN_POINT('',(7.97,1.666666666666E-02,-1.5));
#5796 = VECTOR('',#5797,1.);
#5797 = DIRECTION('',(1.,-3.376928366568E-16,0.));
#5798 = ORIENTED_EDGE('',*,*,#5187,.T.);
#5799 = ORIENTED_EDGE('',*,*,#5800,.T.);
#5800 = EDGE_CURVE('',#5179,#5161,#5801,.T.);
#5801 = LINE('',#5802,#5803);
#5802 = CARTESIAN_POINT('',(7.97,-1.666666666667E-02,-1.5));
#5803 = VECTOR('',#5804,1.);
#5804 = DIRECTION('',(1.,-1.063963731932E-16,0.));
#5805 = PLANE('',#5806);
#5806 = AXIS2_PLACEMENT_3D('',#5807,#5808,#5809);
#5807 = CARTESIAN_POINT('',(15.94,6.505422829792E-17,-1.5));
#5808 = DIRECTION('',(0.,0.,1.));
#5809 = DIRECTION('',(1.,0.,0.));
#5810 = ADVANCED_FACE('',(#5811),#5816,.F.);
#5811 = FACE_BOUND('',#5812,.F.);
#5812 = EDGE_LOOP('',(#5813,#5814,#5815));
#5813 = ORIENTED_EDGE('',*,*,#5205,.T.);
#5814 = ORIENTED_EDGE('',*,*,#5196,.T.);
#5815 = ORIENTED_EDGE('',*,*,#5793,.T.);
#5816 = PLANE('',#5817);
#5817 = AXIS2_PLACEMENT_3D('',#5818,#5819,#5820);
#5818 = CARTESIAN_POINT('',(3.419486915845E-16,-3.419486915845E-16,-1.54
    ));
#5819 = DIRECTION('',(-3.117164646063E-16,-0.923076923077,0.384615384615
    ));
#5820 = DIRECTION('',(-1.19562479575E-16,0.384615384615,0.923076923077)
  );
#5821 = ADVANCED_FACE('',(#5822),#5827,.T.);
#5822 = FACE_BOUND('',#5823,.T.);
#5823 = EDGE_LOOP('',(#5824,#5825,#5826));
#5824 = ORIENTED_EDGE('',*,*,#5169,.T.);
#5825 = ORIENTED_EDGE('',*,*,#5178,.T.);
#5826 = ORIENTED_EDGE('',*,*,#5800,.T.);
#5827 = PLANE('',#5828);
#5828 = AXIS2_PLACEMENT_3D('',#5829,#5830,#5831);
#5829 = CARTESIAN_POINT('',(3.419486915845E-16,-3.419486915845E-16,-1.54
    ));
#5830 = DIRECTION('',(-9.821203679376E-17,-0.923076923077,
    -0.384615384615));
#5831 = DIRECTION('',(-2.90366021825E-16,-0.384615384615,0.923076923077)
  );
#5832 = ADVANCED_FACE('',(#5833),#5844,.F.);
#5833 = FACE_BOUND('',#5834,.F.);
#5834 = EDGE_LOOP('',(#5835,#5836,#5837,#5838));
#5835 = ORIENTED_EDGE('',*,*,#5314,.F.);
#5836 = ORIENTED_EDGE('',*,*,#5774,.T.);
#5837 = ORIENTED_EDGE('',*,*,#5429,.T.);
#5838 = ORIENTED_EDGE('',*,*,#5839,.F.);
#5839 = EDGE_CURVE('',#5307,#5430,#5840,.T.);
#5840 = LINE('',#5841,#5842);
#5841 = CARTESIAN_POINT('',(11.28,-13.69533185578,6.8));
#5842 = VECTOR('',#5843,1.);
#5843 = DIRECTION('',(0.,1.,2.22044604925E-16));
#5844 = CYLINDRICAL_SURFACE('',#5845,0.4);
#5845 = AXIS2_PLACEMENT_3D('',#5846,#5847,#5848);
#5846 = CARTESIAN_POINT('',(11.68,-13.69533185578,6.8));
#5847 = DIRECTION('',(0.,-1.,-2.22044604925E-16));
#5848 = DIRECTION('',(1.,0.,0.));
#5849 = ADVANCED_FACE('',(#5850),#5861,.F.);
#5850 = FACE_BOUND('',#5851,.F.);
#5851 = EDGE_LOOP('',(#5852,#5853,#5854,#5855));
#5852 = ORIENTED_EDGE('',*,*,#5306,.F.);
#5853 = ORIENTED_EDGE('',*,*,#5839,.T.);
#5854 = ORIENTED_EDGE('',*,*,#5438,.F.);
#5855 = ORIENTED_EDGE('',*,*,#5856,.F.);
#5856 = EDGE_CURVE('',#5299,#5404,#5857,.T.);
#5857 = LINE('',#5858,#5859);
#5858 = CARTESIAN_POINT('',(11.28,-13.69533185578,6.18));
#5859 = VECTOR('',#5860,1.);
#5860 = DIRECTION('',(0.,1.,2.22044604925E-16));
#5861 = PLANE('',#5862);
#5862 = AXIS2_PLACEMENT_3D('',#5863,#5864,#5865);
#5863 = CARTESIAN_POINT('',(11.28,-13.69533185578,6.8));
#5864 = DIRECTION('',(-1.,0.,0.));
#5865 = DIRECTION('',(0.,2.22044604925E-16,-1.));
#5866 = ADVANCED_FACE('',(#5867),#5875,.F.);
#5867 = FACE_BOUND('',#5868,.F.);
#5868 = EDGE_LOOP('',(#5869,#5870,#5871,#5872,#5873,#5874));
#5869 = ORIENTED_EDGE('',*,*,#5298,.F.);
#5870 = ORIENTED_EDGE('',*,*,#5856,.T.);
#5871 = ORIENTED_EDGE('',*,*,#5403,.F.);
#5872 = ORIENTED_EDGE('',*,*,#5378,.F.);
#5873 = ORIENTED_EDGE('',*,*,#5354,.F.);
#5874 = ORIENTED_EDGE('',*,*,#5329,.F.);
#5875 = PLANE('',#5876);
#5876 = AXIS2_PLACEMENT_3D('',#5877,#5878,#5879);
#5877 = CARTESIAN_POINT('',(11.28,-13.69533185578,6.18));
#5878 = DIRECTION('',(0.,-2.22044604925E-16,1.));
#5879 = DIRECTION('',(-1.,0.,0.));
#5880 = ADVANCED_FACE('',(#5881),#5892,.F.);
#5881 = FACE_BOUND('',#5882,.F.);
#5882 = EDGE_LOOP('',(#5883,#5884,#5885,#5886));
#5883 = ORIENTED_EDGE('',*,*,#5560,.F.);
#5884 = ORIENTED_EDGE('',*,*,#5763,.T.);
#5885 = ORIENTED_EDGE('',*,*,#5683,.T.);
#5886 = ORIENTED_EDGE('',*,*,#5887,.F.);
#5887 = EDGE_CURVE('',#5553,#5676,#5888,.T.);
#5888 = LINE('',#5889,#5890);
#5889 = CARTESIAN_POINT('',(11.28,-13.69533185578,6.8));
#5890 = VECTOR('',#5891,1.);
#5891 = DIRECTION('',(0.,1.,2.22044604925E-16));
#5892 = CYLINDRICAL_SURFACE('',#5893,0.4);
#5893 = AXIS2_PLACEMENT_3D('',#5894,#5895,#5896);
#5894 = CARTESIAN_POINT('',(11.68,-13.69533185578,6.8));
#5895 = DIRECTION('',(0.,-1.,-2.22044604925E-16));
#5896 = DIRECTION('',(1.,0.,0.));
#5897 = ADVANCED_FACE('',(#5898),#5909,.F.);
#5898 = FACE_BOUND('',#5899,.F.);
#5899 = EDGE_LOOP('',(#5900,#5901,#5902,#5903));
#5900 = ORIENTED_EDGE('',*,*,#5552,.F.);
#5901 = ORIENTED_EDGE('',*,*,#5887,.T.);
#5902 = ORIENTED_EDGE('',*,*,#5675,.T.);
#5903 = ORIENTED_EDGE('',*,*,#5904,.F.);
#5904 = EDGE_CURVE('',#5545,#5668,#5905,.T.);
#5905 = LINE('',#5906,#5907);
#5906 = CARTESIAN_POINT('',(11.28,-13.69533185578,6.18));
#5907 = VECTOR('',#5908,1.);
#5908 = DIRECTION('',(0.,1.,2.22044604925E-16));
#5909 = PLANE('',#5910);
#5910 = AXIS2_PLACEMENT_3D('',#5911,#5912,#5913);
#5911 = CARTESIAN_POINT('',(11.28,-13.69533185578,6.8));
#5912 = DIRECTION('',(-1.,0.,0.));
#5913 = DIRECTION('',(0.,2.22044604925E-16,-1.));
#5914 = ADVANCED_FACE('',(#5915),#5923,.F.);
#5915 = FACE_BOUND('',#5916,.F.);
#5916 = EDGE_LOOP('',(#5917,#5918,#5919,#5920,#5921,#5922));
#5917 = ORIENTED_EDGE('',*,*,#5544,.F.);
#5918 = ORIENTED_EDGE('',*,*,#5904,.T.);
#5919 = ORIENTED_EDGE('',*,*,#5667,.T.);
#5920 = ORIENTED_EDGE('',*,*,#5624,.F.);
#5921 = ORIENTED_EDGE('',*,*,#5600,.F.);
#5922 = ORIENTED_EDGE('',*,*,#5575,.F.);
#5923 = PLANE('',#5924);
#5924 = AXIS2_PLACEMENT_3D('',#5925,#5926,#5927);
#5925 = CARTESIAN_POINT('',(11.28,-13.69533185578,6.18));
#5926 = DIRECTION('',(0.,-2.22044604925E-16,1.));
#5927 = DIRECTION('',(-1.,0.,0.));
#5928 = ( GEOMETRIC_REPRESENTATION_CONTEXT(3) 
GLOBAL_UNCERTAINTY_ASSIGNED_CONTEXT((#5932)) 
GLOBAL_UNIT_ASSIGNED_CONTEXT((#5929,#5930,#5931)) REPRESENTATION_CONTEXT
('Context #1','3D Context with UNIT and UNCERTAINTY') );
#5929 = ( LENGTH_UNIT() NAMED_UNIT(*) SI_UNIT(.MILLI.,.METRE.) );
#5930 = ( NAMED_UNIT(*) PLANE_ANGLE_UNIT() SI_UNIT($,.RADIAN.) );
#5931 = ( NAMED_UNIT(*) SI_UNIT($,.STERADIAN.) SOLID_ANGLE_UNIT() );
#5932 = UNCERTAINTY_MEASURE_WITH_UNIT(LENGTH_MEASURE(1.E-07),#5929,
  'distance_accuracy_value','confusion accuracy');
#5933 = CONTEXT_DEPENDENT_SHAPE_REPRESENTATION(#5934,#5936);
#5934 = ( REPRESENTATION_RELATIONSHIP('','',#4663,#10) 
REPRESENTATION_RELATIONSHIP_WITH_TRANSFORMATION(#5935) 
SHAPE_REPRESENTATION_RELATIONSHIP() );
#5935 = ITEM_DEFINED_TRANSFORMATION('','',#11,#39);
#5936 = PRODUCT_DEFINITION_SHAPE('Placement','Placement of an item',
  #5937);
#5937 = NEXT_ASSEMBLY_USAGE_OCCURRENCE('38','Cuerpo002','',#5,#4658,$);
#5938 = PRODUCT_RELATED_PRODUCT_CATEGORY('part',$,(#4660));
#5939 = SHAPE_DEFINITION_REPRESENTATION(#5940,#5946);
#5940 = PRODUCT_DEFINITION_SHAPE('','',#5941);
#5941 = PRODUCT_DEFINITION('design','',#5942,#5945);
#5942 = PRODUCT_DEFINITION_FORMATION('','',#5943);
#5943 = PRODUCT('Cuerpo003','Cuerpo003','',(#5944));
#5944 = PRODUCT_CONTEXT('',#2,'mechanical');
#5945 = PRODUCT_DEFINITION_CONTEXT('part definition',#2,'design');
#5946 = ADVANCED_BREP_SHAPE_REPRESENTATION('',(#11,#5947),#6307);
#5947 = MANIFOLD_SOLID_BREP('',#5948);
#5948 = CLOSED_SHELL('',(#5949,#5989,#6022,#6055,#6086,#6117,#6150,#6183
    ,#6205,#6232,#6266,#6281,#6291));
#5949 = ADVANCED_FACE('',(#5950),#5984,.F.);
#5950 = FACE_BOUND('',#5951,.F.);
#5951 = EDGE_LOOP('',(#5952,#5962,#5970,#5978));
#5952 = ORIENTED_EDGE('',*,*,#5953,.T.);
#5953 = EDGE_CURVE('',#5954,#5956,#5958,.T.);
#5954 = VERTEX_POINT('',#5955);
#5955 = CARTESIAN_POINT('',(-5.28,-0.85,0.));
#5956 = VERTEX_POINT('',#5957);
#5957 = CARTESIAN_POINT('',(-5.28,-0.85,-0.2));
#5958 = LINE('',#5959,#5960);
#5959 = CARTESIAN_POINT('',(-5.28,-0.85,0.));
#5960 = VECTOR('',#5961,1.);
#5961 = DIRECTION('',(-0.,-0.,-1.));
#5962 = ORIENTED_EDGE('',*,*,#5963,.T.);
#5963 = EDGE_CURVE('',#5956,#5964,#5966,.T.);
#5964 = VERTEX_POINT('',#5965);
#5965 = CARTESIAN_POINT('',(-5.28,0.85,-0.2));
#5966 = LINE('',#5967,#5968);
#5967 = CARTESIAN_POINT('',(-5.28,-0.85,-0.2));
#5968 = VECTOR('',#5969,1.);
#5969 = DIRECTION('',(0.,1.,0.));
#5970 = ORIENTED_EDGE('',*,*,#5971,.F.);
#5971 = EDGE_CURVE('',#5972,#5964,#5974,.T.);
#5972 = VERTEX_POINT('',#5973);
#5973 = CARTESIAN_POINT('',(-5.28,0.85,0.));
#5974 = LINE('',#5975,#5976);
#5975 = CARTESIAN_POINT('',(-5.28,0.85,0.));
#5976 = VECTOR('',#5977,1.);
#5977 = DIRECTION('',(-0.,-0.,-1.));
#5978 = ORIENTED_EDGE('',*,*,#5979,.F.);
#5979 = EDGE_CURVE('',#5954,#5972,#5980,.T.);
#5980 = LINE('',#5981,#5982);
#5981 = CARTESIAN_POINT('',(-5.28,-0.85,0.));
#5982 = VECTOR('',#5983,1.);
#5983 = DIRECTION('',(0.,1.,0.));
#5984 = PLANE('',#5985);
#5985 = AXIS2_PLACEMENT_3D('',#5986,#5987,#5988);
#5986 = CARTESIAN_POINT('',(-5.28,-0.85,0.));
#5987 = DIRECTION('',(1.,0.,0.));
#5988 = DIRECTION('',(-0.,1.,0.));
#5989 = ADVANCED_FACE('',(#5990),#6017,.T.);
#5990 = FACE_BOUND('',#5991,.T.);
#5991 = EDGE_LOOP('',(#5992,#5993,#6002,#6010));
#5992 = ORIENTED_EDGE('',*,*,#5953,.T.);
#5993 = ORIENTED_EDGE('',*,*,#5994,.T.);
#5994 = EDGE_CURVE('',#5956,#5995,#5997,.T.);
#5995 = VERTEX_POINT('',#5996);
#5996 = CARTESIAN_POINT('',(-5.13,-1.,-0.2));
#5997 = CIRCLE('',#5998,0.15);
#5998 = AXIS2_PLACEMENT_3D('',#5999,#6000,#6001);
#5999 = CARTESIAN_POINT('',(-5.13,-0.85,-0.2));
#6000 = DIRECTION('',(0.,0.,1.));
#6001 = DIRECTION('',(1.,0.,0.));
#6002 = ORIENTED_EDGE('',*,*,#6003,.F.);
#6003 = EDGE_CURVE('',#6004,#5995,#6006,.T.);
#6004 = VERTEX_POINT('',#6005);
#6005 = CARTESIAN_POINT('',(-5.13,-1.,0.));
#6006 = LINE('',#6007,#6008);
#6007 = CARTESIAN_POINT('',(-5.13,-1.,0.));
#6008 = VECTOR('',#6009,1.);
#6009 = DIRECTION('',(-0.,-0.,-1.));
#6010 = ORIENTED_EDGE('',*,*,#6011,.F.);
#6011 = EDGE_CURVE('',#5954,#6004,#6012,.T.);
#6012 = CIRCLE('',#6013,0.15);
#6013 = AXIS2_PLACEMENT_3D('',#6014,#6015,#6016);
#6014 = CARTESIAN_POINT('',(-5.13,-0.85,0.));
#6015 = DIRECTION('',(0.,0.,1.));
#6016 = DIRECTION('',(1.,0.,0.));
#6017 = CYLINDRICAL_SURFACE('',#6018,0.15);
#6018 = AXIS2_PLACEMENT_3D('',#6019,#6020,#6021);
#6019 = CARTESIAN_POINT('',(-5.13,-0.85,0.));
#6020 = DIRECTION('',(0.,0.,1.));
#6021 = DIRECTION('',(1.,0.,-0.));
#6022 = ADVANCED_FACE('',(#6023),#6050,.T.);
#6023 = FACE_BOUND('',#6024,.T.);
#6024 = EDGE_LOOP('',(#6025,#6035,#6042,#6043));
#6025 = ORIENTED_EDGE('',*,*,#6026,.T.);
#6026 = EDGE_CURVE('',#6027,#6029,#6031,.T.);
#6027 = VERTEX_POINT('',#6028);
#6028 = CARTESIAN_POINT('',(-5.13,1.,0.));
#6029 = VERTEX_POINT('',#6030);
#6030 = CARTESIAN_POINT('',(-5.13,1.,-0.2));
#6031 = LINE('',#6032,#6033);
#6032 = CARTESIAN_POINT('',(-5.13,1.,0.));
#6033 = VECTOR('',#6034,1.);
#6034 = DIRECTION('',(-0.,-0.,-1.));
#6035 = ORIENTED_EDGE('',*,*,#6036,.T.);
#6036 = EDGE_CURVE('',#6029,#5964,#6037,.T.);
#6037 = CIRCLE('',#6038,0.15);
#6038 = AXIS2_PLACEMENT_3D('',#6039,#6040,#6041);
#6039 = CARTESIAN_POINT('',(-5.13,0.85,-0.2));
#6040 = DIRECTION('',(0.,0.,1.));
#6041 = DIRECTION('',(1.,0.,0.));
#6042 = ORIENTED_EDGE('',*,*,#5971,.F.);
#6043 = ORIENTED_EDGE('',*,*,#6044,.F.);
#6044 = EDGE_CURVE('',#6027,#5972,#6045,.T.);
#6045 = CIRCLE('',#6046,0.15);
#6046 = AXIS2_PLACEMENT_3D('',#6047,#6048,#6049);
#6047 = CARTESIAN_POINT('',(-5.13,0.85,0.));
#6048 = DIRECTION('',(0.,0.,1.));
#6049 = DIRECTION('',(1.,0.,0.));
#6050 = CYLINDRICAL_SURFACE('',#6051,0.15);
#6051 = AXIS2_PLACEMENT_3D('',#6052,#6053,#6054);
#6052 = CARTESIAN_POINT('',(-5.13,0.85,0.));
#6053 = DIRECTION('',(0.,0.,1.));
#6054 = DIRECTION('',(1.,0.,-0.));
#6055 = ADVANCED_FACE('',(#6056),#6081,.F.);
#6056 = FACE_BOUND('',#6057,.F.);
#6057 = EDGE_LOOP('',(#6058,#6068,#6074,#6075));
#6058 = ORIENTED_EDGE('',*,*,#6059,.T.);
#6059 = EDGE_CURVE('',#6060,#6062,#6064,.T.);
#6060 = VERTEX_POINT('',#6061);
#6061 = CARTESIAN_POINT('',(-3.43,-1.,0.));
#6062 = VERTEX_POINT('',#6063);
#6063 = CARTESIAN_POINT('',(-3.43,-1.,-0.2));
#6064 = LINE('',#6065,#6066);
#6065 = CARTESIAN_POINT('',(-3.43,-1.,0.));
#6066 = VECTOR('',#6067,1.);
#6067 = DIRECTION('',(-0.,-0.,-1.));
#6068 = ORIENTED_EDGE('',*,*,#6069,.T.);
#6069 = EDGE_CURVE('',#6062,#5995,#6070,.T.);
#6070 = LINE('',#6071,#6072);
#6071 = CARTESIAN_POINT('',(-3.43,-1.,-0.2));
#6072 = VECTOR('',#6073,1.);
#6073 = DIRECTION('',(-1.,0.,0.));
#6074 = ORIENTED_EDGE('',*,*,#6003,.F.);
#6075 = ORIENTED_EDGE('',*,*,#6076,.F.);
#6076 = EDGE_CURVE('',#6060,#6004,#6077,.T.);
#6077 = LINE('',#6078,#6079);
#6078 = CARTESIAN_POINT('',(-3.43,-1.,0.));
#6079 = VECTOR('',#6080,1.);
#6080 = DIRECTION('',(-1.,0.,0.));
#6081 = PLANE('',#6082);
#6082 = AXIS2_PLACEMENT_3D('',#6083,#6084,#6085);
#6083 = CARTESIAN_POINT('',(-3.43,-1.,0.));
#6084 = DIRECTION('',(0.,1.,0.));
#6085 = DIRECTION('',(-1.,0.,0.));
#6086 = ADVANCED_FACE('',(#6087),#6112,.F.);
#6087 = FACE_BOUND('',#6088,.F.);
#6088 = EDGE_LOOP('',(#6089,#6090,#6098,#6106));
#6089 = ORIENTED_EDGE('',*,*,#6026,.T.);
#6090 = ORIENTED_EDGE('',*,*,#6091,.T.);
#6091 = EDGE_CURVE('',#6029,#6092,#6094,.T.);
#6092 = VERTEX_POINT('',#6093);
#6093 = CARTESIAN_POINT('',(-3.43,1.,-0.2));
#6094 = LINE('',#6095,#6096);
#6095 = CARTESIAN_POINT('',(-5.13,1.,-0.2));
#6096 = VECTOR('',#6097,1.);
#6097 = DIRECTION('',(1.,0.,0.));
#6098 = ORIENTED_EDGE('',*,*,#6099,.F.);
#6099 = EDGE_CURVE('',#6100,#6092,#6102,.T.);
#6100 = VERTEX_POINT('',#6101);
#6101 = CARTESIAN_POINT('',(-3.43,1.,0.));
#6102 = LINE('',#6103,#6104);
#6103 = CARTESIAN_POINT('',(-3.43,1.,0.));
#6104 = VECTOR('',#6105,1.);
#6105 = DIRECTION('',(-0.,-0.,-1.));
#6106 = ORIENTED_EDGE('',*,*,#6107,.F.);
#6107 = EDGE_CURVE('',#6027,#6100,#6108,.T.);
#6108 = LINE('',#6109,#6110);
#6109 = CARTESIAN_POINT('',(-5.13,1.,0.));
#6110 = VECTOR('',#6111,1.);
#6111 = DIRECTION('',(1.,0.,0.));
#6112 = PLANE('',#6113);
#6113 = AXIS2_PLACEMENT_3D('',#6114,#6115,#6116);
#6114 = CARTESIAN_POINT('',(-5.13,1.,0.));
#6115 = DIRECTION('',(0.,-1.,0.));
#6116 = DIRECTION('',(1.,0.,0.));
#6117 = ADVANCED_FACE('',(#6118),#6145,.T.);
#6118 = FACE_BOUND('',#6119,.T.);
#6119 = EDGE_LOOP('',(#6120,#6121,#6130,#6138));
#6120 = ORIENTED_EDGE('',*,*,#6059,.T.);
#6121 = ORIENTED_EDGE('',*,*,#6122,.T.);
#6122 = EDGE_CURVE('',#6062,#6123,#6125,.T.);
#6123 = VERTEX_POINT('',#6124);
#6124 = CARTESIAN_POINT('',(-3.28,-0.85,-0.2));
#6125 = CIRCLE('',#6126,0.15);
#6126 = AXIS2_PLACEMENT_3D('',#6127,#6128,#6129);
#6127 = CARTESIAN_POINT('',(-3.43,-0.85,-0.2));
#6128 = DIRECTION('',(0.,0.,1.));
#6129 = DIRECTION('',(1.,0.,0.));
#6130 = ORIENTED_EDGE('',*,*,#6131,.F.);
#6131 = EDGE_CURVE('',#6132,#6123,#6134,.T.);
#6132 = VERTEX_POINT('',#6133);
#6133 = CARTESIAN_POINT('',(-3.28,-0.85,0.));
#6134 = LINE('',#6135,#6136);
#6135 = CARTESIAN_POINT('',(-3.28,-0.85,0.));
#6136 = VECTOR('',#6137,1.);
#6137 = DIRECTION('',(-0.,-0.,-1.));
#6138 = ORIENTED_EDGE('',*,*,#6139,.F.);
#6139 = EDGE_CURVE('',#6060,#6132,#6140,.T.);
#6140 = CIRCLE('',#6141,0.15);
#6141 = AXIS2_PLACEMENT_3D('',#6142,#6143,#6144);
#6142 = CARTESIAN_POINT('',(-3.43,-0.85,0.));
#6143 = DIRECTION('',(0.,0.,1.));
#6144 = DIRECTION('',(1.,0.,0.));
#6145 = CYLINDRICAL_SURFACE('',#6146,0.15);
#6146 = AXIS2_PLACEMENT_3D('',#6147,#6148,#6149);
#6147 = CARTESIAN_POINT('',(-3.43,-0.85,0.));
#6148 = DIRECTION('',(0.,0.,1.));
#6149 = DIRECTION('',(1.,0.,-0.));
#6150 = ADVANCED_FACE('',(#6151),#6178,.T.);
#6151 = FACE_BOUND('',#6152,.T.);
#6152 = EDGE_LOOP('',(#6153,#6163,#6170,#6171));
#6153 = ORIENTED_EDGE('',*,*,#6154,.T.);
#6154 = EDGE_CURVE('',#6155,#6157,#6159,.T.);
#6155 = VERTEX_POINT('',#6156);
#6156 = CARTESIAN_POINT('',(-3.28,0.85,0.));
#6157 = VERTEX_POINT('',#6158);
#6158 = CARTESIAN_POINT('',(-3.28,0.85,-0.2));
#6159 = LINE('',#6160,#6161);
#6160 = CARTESIAN_POINT('',(-3.28,0.85,0.));
#6161 = VECTOR('',#6162,1.);
#6162 = DIRECTION('',(-0.,-0.,-1.));
#6163 = ORIENTED_EDGE('',*,*,#6164,.T.);
#6164 = EDGE_CURVE('',#6157,#6092,#6165,.T.);
#6165 = CIRCLE('',#6166,0.15);
#6166 = AXIS2_PLACEMENT_3D('',#6167,#6168,#6169);
#6167 = CARTESIAN_POINT('',(-3.43,0.85,-0.2));
#6168 = DIRECTION('',(0.,0.,1.));
#6169 = DIRECTION('',(1.,0.,0.));
#6170 = ORIENTED_EDGE('',*,*,#6099,.F.);
#6171 = ORIENTED_EDGE('',*,*,#6172,.F.);
#6172 = EDGE_CURVE('',#6155,#6100,#6173,.T.);
#6173 = CIRCLE('',#6174,0.15);
#6174 = AXIS2_PLACEMENT_3D('',#6175,#6176,#6177);
#6175 = CARTESIAN_POINT('',(-3.43,0.85,0.));
#6176 = DIRECTION('',(0.,0.,1.));
#6177 = DIRECTION('',(1.,0.,0.));
#6178 = CYLINDRICAL_SURFACE('',#6179,0.15);
#6179 = AXIS2_PLACEMENT_3D('',#6180,#6181,#6182);
#6180 = CARTESIAN_POINT('',(-3.43,0.85,0.));
#6181 = DIRECTION('',(0.,0.,1.));
#6182 = DIRECTION('',(1.,0.,-0.));
#6183 = ADVANCED_FACE('',(#6184),#6200,.F.);
#6184 = FACE_BOUND('',#6185,.F.);
#6185 = EDGE_LOOP('',(#6186,#6187,#6193,#6194));
#6186 = ORIENTED_EDGE('',*,*,#6154,.T.);
#6187 = ORIENTED_EDGE('',*,*,#6188,.T.);
#6188 = EDGE_CURVE('',#6157,#6123,#6189,.T.);
#6189 = LINE('',#6190,#6191);
#6190 = CARTESIAN_POINT('',(-3.28,0.85,-0.2));
#6191 = VECTOR('',#6192,1.);
#6192 = DIRECTION('',(0.,-1.,0.));
#6193 = ORIENTED_EDGE('',*,*,#6131,.F.);
#6194 = ORIENTED_EDGE('',*,*,#6195,.F.);
#6195 = EDGE_CURVE('',#6155,#6132,#6196,.T.);
#6196 = LINE('',#6197,#6198);
#6197 = CARTESIAN_POINT('',(-3.28,0.85,0.));
#6198 = VECTOR('',#6199,1.);
#6199 = DIRECTION('',(0.,-1.,0.));
#6200 = PLANE('',#6201);
#6201 = AXIS2_PLACEMENT_3D('',#6202,#6203,#6204);
#6202 = CARTESIAN_POINT('',(-3.28,0.85,0.));
#6203 = DIRECTION('',(-1.,0.,0.));
#6204 = DIRECTION('',(0.,-1.,0.));
#6205 = ADVANCED_FACE('',(#6206,#6216),#6227,.F.);
#6206 = FACE_BOUND('',#6207,.F.);
#6207 = EDGE_LOOP('',(#6208,#6209,#6210,#6211,#6212,#6213,#6214,#6215));
#6208 = ORIENTED_EDGE('',*,*,#5963,.F.);
#6209 = ORIENTED_EDGE('',*,*,#5994,.T.);
#6210 = ORIENTED_EDGE('',*,*,#6069,.F.);
#6211 = ORIENTED_EDGE('',*,*,#6122,.T.);
#6212 = ORIENTED_EDGE('',*,*,#6188,.F.);
#6213 = ORIENTED_EDGE('',*,*,#6164,.T.);
#6214 = ORIENTED_EDGE('',*,*,#6091,.F.);
#6215 = ORIENTED_EDGE('',*,*,#6036,.T.);
#6216 = FACE_BOUND('',#6217,.F.);
#6217 = EDGE_LOOP('',(#6218));
#6218 = ORIENTED_EDGE('',*,*,#6219,.F.);
#6219 = EDGE_CURVE('',#6220,#6220,#6222,.T.);
#6220 = VERTEX_POINT('',#6221);
#6221 = CARTESIAN_POINT('',(-3.78,0.,-0.2));
#6222 = CIRCLE('',#6223,0.5);
#6223 = AXIS2_PLACEMENT_3D('',#6224,#6225,#6226);
#6224 = CARTESIAN_POINT('',(-4.28,0.,-0.2));
#6225 = DIRECTION('',(0.,0.,1.));
#6226 = DIRECTION('',(1.,0.,-0.));
#6227 = PLANE('',#6228);
#6228 = AXIS2_PLACEMENT_3D('',#6229,#6230,#6231);
#6229 = CARTESIAN_POINT('',(-4.28,-2.1E-16,-0.2));
#6230 = DIRECTION('',(0.,0.,1.));
#6231 = DIRECTION('',(1.,0.,0.));
#6232 = ADVANCED_FACE('',(#6233),#6261,.T.);
#6233 = FACE_BOUND('',#6234,.T.);
#6234 = EDGE_LOOP('',(#6235,#6236,#6244,#6253,#6260));
#6235 = ORIENTED_EDGE('',*,*,#6219,.F.);
#6236 = ORIENTED_EDGE('',*,*,#6237,.T.);
#6237 = EDGE_CURVE('',#6220,#6238,#6240,.T.);
#6238 = VERTEX_POINT('',#6239);
#6239 = CARTESIAN_POINT('',(-3.78,0.,-2.72));
#6240 = LINE('',#6241,#6242);
#6241 = CARTESIAN_POINT('',(-3.78,0.,0.));
#6242 = VECTOR('',#6243,1.);
#6243 = DIRECTION('',(-0.,-0.,-1.));
#6244 = ORIENTED_EDGE('',*,*,#6245,.F.);
#6245 = EDGE_CURVE('',#6246,#6238,#6248,.T.);
#6246 = VERTEX_POINT('',#6247);
#6247 = CARTESIAN_POINT('',(-4.78,0.,-2.72));
#6248 = ELLIPSE('',#6249,1.247446371184,0.5);
#6249 = AXIS2_PLACEMENT_3D('',#6250,#6251,#6252);
#6250 = CARTESIAN_POINT('',(-4.28,0.,-2.72));
#6251 = DIRECTION('',(3.1E-16,0.916157334902,-0.40081883402));
#6252 = DIRECTION('',(1.4E-16,0.40081883402,0.916157334902));
#6253 = ORIENTED_EDGE('',*,*,#6254,.F.);
#6254 = EDGE_CURVE('',#6238,#6246,#6255,.T.);
#6255 = ELLIPSE('',#6256,1.247446371184,0.5);
#6256 = AXIS2_PLACEMENT_3D('',#6257,#6258,#6259);
#6257 = CARTESIAN_POINT('',(-4.28,0.,-2.72));
#6258 = DIRECTION('',(-9.E-17,-0.916157334902,-0.40081883402));
#6259 = DIRECTION('',(-4.E-17,-0.40081883402,0.916157334902));
#6260 = ORIENTED_EDGE('',*,*,#6237,.F.);
#6261 = CYLINDRICAL_SURFACE('',#6262,0.5);
#6262 = AXIS2_PLACEMENT_3D('',#6263,#6264,#6265);
#6263 = CARTESIAN_POINT('',(-4.28,0.,0.));
#6264 = DIRECTION('',(0.,0.,1.));
#6265 = DIRECTION('',(1.,0.,0.));
#6266 = ADVANCED_FACE('',(#6267),#6276,.T.);
#6267 = FACE_BOUND('',#6268,.T.);
#6268 = EDGE_LOOP('',(#6269,#6275));
#6269 = ORIENTED_EDGE('',*,*,#6270,.F.);
#6270 = EDGE_CURVE('',#6238,#6246,#6271,.T.);
#6271 = LINE('',#6272,#6273);
#6272 = CARTESIAN_POINT('',(6.E-16,-6.E-16,-2.72));
#6273 = VECTOR('',#6274,1.);
#6274 = DIRECTION('',(-1.,2.2E-16,-2.8E-16));
#6275 = ORIENTED_EDGE('',*,*,#6254,.T.);
#6276 = PLANE('',#6277);
#6277 = AXIS2_PLACEMENT_3D('',#6278,#6279,#6280);
#6278 = CARTESIAN_POINT('',(2.E-16,-0.56,-1.44));
#6279 = DIRECTION('',(-9.E-17,-0.916157334902,-0.40081883402));
#6280 = DIRECTION('',(2.9E-16,0.40081883402,-0.916157334902));
#6281 = ADVANCED_FACE('',(#6282),#6286,.T.);
#6282 = FACE_BOUND('',#6283,.T.);
#6283 = EDGE_LOOP('',(#6284,#6285));
#6284 = ORIENTED_EDGE('',*,*,#6245,.T.);
#6285 = ORIENTED_EDGE('',*,*,#6270,.T.);
#6286 = PLANE('',#6287);
#6287 = AXIS2_PLACEMENT_3D('',#6288,#6289,#6290);
#6288 = CARTESIAN_POINT('',(6.E-16,-6.E-16,-2.72));
#6289 = DIRECTION('',(3.1E-16,0.916157334902,-0.40081883402));
#6290 = DIRECTION('',(-1.1E-16,0.40081883402,0.916157334902));
#6291 = ADVANCED_FACE('',(#6292),#6302,.T.);
#6292 = FACE_BOUND('',#6293,.T.);
#6293 = EDGE_LOOP('',(#6294,#6295,#6296,#6297,#6298,#6299,#6300,#6301));
#6294 = ORIENTED_EDGE('',*,*,#5979,.F.);
#6295 = ORIENTED_EDGE('',*,*,#6011,.T.);
#6296 = ORIENTED_EDGE('',*,*,#6076,.F.);
#6297 = ORIENTED_EDGE('',*,*,#6139,.T.);
#6298 = ORIENTED_EDGE('',*,*,#6195,.F.);
#6299 = ORIENTED_EDGE('',*,*,#6172,.T.);
#6300 = ORIENTED_EDGE('',*,*,#6107,.F.);
#6301 = ORIENTED_EDGE('',*,*,#6044,.T.);
#6302 = PLANE('',#6303);
#6303 = AXIS2_PLACEMENT_3D('',#6304,#6305,#6306);
#6304 = CARTESIAN_POINT('',(-4.28,-2.1E-16,0.));
#6305 = DIRECTION('',(0.,0.,1.));
#6306 = DIRECTION('',(1.,0.,0.));
#6307 = ( GEOMETRIC_REPRESENTATION_CONTEXT(3) 
GLOBAL_UNCERTAINTY_ASSIGNED_CONTEXT((#6311)) 
GLOBAL_UNIT_ASSIGNED_CONTEXT((#6308,#6309,#6310)) REPRESENTATION_CONTEXT
('Context #1','3D Context with UNIT and UNCERTAINTY') );
#6308 = ( LENGTH_UNIT() NAMED_UNIT(*) SI_UNIT(.MILLI.,.METRE.) );
#6309 = ( NAMED_UNIT(*) PLANE_ANGLE_UNIT() SI_UNIT($,.RADIAN.) );
#6310 = ( NAMED_UNIT(*) SI_UNIT($,.STERADIAN.) SOLID_ANGLE_UNIT() );
#6311 = UNCERTAINTY_MEASURE_WITH_UNIT(LENGTH_MEASURE(1.E-07),#6308,
  'distance_accuracy_value','confusion accuracy');
#6312 = CONTEXT_DEPENDENT_SHAPE_REPRESENTATION(#6313,#6315);
#6313 = ( REPRESENTATION_RELATIONSHIP('','',#5946,#10) 
REPRESENTATION_RELATIONSHIP_WITH_TRANSFORMATION(#6314) 
SHAPE_REPRESENTATION_RELATIONSHIP() );
#6314 = ITEM_DEFINED_TRANSFORMATION('','',#11,#43);
#6315 = PRODUCT_DEFINITION_SHAPE('Placement','Placement of an item',
  #6316);
#6316 = NEXT_ASSEMBLY_USAGE_OCCURRENCE('39','Cuerpo003','',#5,#5941,$);
#6317 = PRODUCT_RELATED_PRODUCT_CATEGORY('part',$,(#5943));
#6318 = MECHANICAL_DESIGN_GEOMETRIC_PRESENTATION_REPRESENTATION('',(
    #6319),#1565);
#6319 = STYLED_ITEM('color',(#6320),#61);
#6320 = PRESENTATION_STYLE_ASSIGNMENT((#6321,#6327));
#6321 = SURFACE_STYLE_USAGE(.BOTH.,#6322);
#6322 = SURFACE_SIDE_STYLE('',(#6323));
#6323 = SURFACE_STYLE_FILL_AREA(#6324);
#6324 = FILL_AREA_STYLE('',(#6325));
#6325 = FILL_AREA_STYLE_COLOUR('',#6326);
#6326 = DRAUGHTING_PRE_DEFINED_COLOUR('black');
#6327 = CURVE_STYLE('',#6328,POSITIVE_LENGTH_MEASURE(0.1),#6329);
#6328 = DRAUGHTING_PRE_DEFINED_CURVE_FONT('continuous');
#6329 = COLOUR_RGB('',9.803921802644E-02,9.803921802644E-02,
  9.803921802644E-02);
#6330 = MECHANICAL_DESIGN_GEOMETRIC_PRESENTATION_REPRESENTATION('',(
    #6331,#6341,#6350,#6359,#6368,#6377),#2698);
#6331 = STYLED_ITEM('color',(#6332),#1658);
#6332 = PRESENTATION_STYLE_ASSIGNMENT((#6333,#6339));
#6333 = SURFACE_STYLE_USAGE(.BOTH.,#6334);
#6334 = SURFACE_SIDE_STYLE('',(#6335));
#6335 = SURFACE_STYLE_FILL_AREA(#6336);
#6336 = FILL_AREA_STYLE('',(#6337));
#6337 = FILL_AREA_STYLE_COLOUR('',#6338);
#6338 = COLOUR_RGB('',0.800000010877,0.800000010877,0.800000010877);
#6339 = CURVE_STYLE('',#6340,POSITIVE_LENGTH_MEASURE(0.1),#6329);
#6340 = DRAUGHTING_PRE_DEFINED_CURVE_FONT('continuous');
#6341 = STYLED_ITEM('color',(#6342),#1852);
#6342 = PRESENTATION_STYLE_ASSIGNMENT((#6343,#6348));
#6343 = SURFACE_STYLE_USAGE(.BOTH.,#6344);
#6344 = SURFACE_SIDE_STYLE('',(#6345));
#6345 = SURFACE_STYLE_FILL_AREA(#6346);
#6346 = FILL_AREA_STYLE('',(#6347));
#6347 = FILL_AREA_STYLE_COLOUR('',#6338);
#6348 = CURVE_STYLE('',#6349,POSITIVE_LENGTH_MEASURE(0.1),#6329);
#6349 = DRAUGHTING_PRE_DEFINED_CURVE_FONT('continuous');
#6350 = STYLED_ITEM('color',(#6351),#2024);
#6351 = PRESENTATION_STYLE_ASSIGNMENT((#6352,#6357));
#6352 = SURFACE_STYLE_USAGE(.BOTH.,#6353);
#6353 = SURFACE_SIDE_STYLE('',(#6354));
#6354 = SURFACE_STYLE_FILL_AREA(#6355);
#6355 = FILL_AREA_STYLE('',(#6356));
#6356 = FILL_AREA_STYLE_COLOUR('',#6338);
#6357 = CURVE_STYLE('',#6358,POSITIVE_LENGTH_MEASURE(0.1),#6329);
#6358 = DRAUGHTING_PRE_DEFINED_CURVE_FONT('continuous');
#6359 = STYLED_ITEM('color',(#6360),#2202);
#6360 = PRESENTATION_STYLE_ASSIGNMENT((#6361,#6366));
#6361 = SURFACE_STYLE_USAGE(.BOTH.,#6362);
#6362 = SURFACE_SIDE_STYLE('',(#6363));
#6363 = SURFACE_STYLE_FILL_AREA(#6364);
#6364 = FILL_AREA_STYLE('',(#6365));
#6365 = FILL_AREA_STYLE_COLOUR('',#6338);
#6366 = CURVE_STYLE('',#6367,POSITIVE_LENGTH_MEASURE(0.1),#6329);
#6367 = DRAUGHTING_PRE_DEFINED_CURVE_FONT('continuous');
#6368 = STYLED_ITEM('color',(#6369),#2334);
#6369 = PRESENTATION_STYLE_ASSIGNMENT((#6370,#6375));
#6370 = SURFACE_STYLE_USAGE(.BOTH.,#6371);
#6371 = SURFACE_SIDE_STYLE('',(#6372));
#6372 = SURFACE_STYLE_FILL_AREA(#6373);
#6373 = FILL_AREA_STYLE('',(#6374));
#6374 = FILL_AREA_STYLE_COLOUR('',#6338);
#6375 = CURVE_STYLE('',#6376,POSITIVE_LENGTH_MEASURE(0.1),#6329);
#6376 = DRAUGHTING_PRE_DEFINED_CURVE_FONT('continuous');
#6377 = STYLED_ITEM('color',(#6378),#2528);
#6378 = PRESENTATION_STYLE_ASSIGNMENT((#6379,#6384));
#6379 = SURFACE_STYLE_USAGE(.BOTH.,#6380);
#6380 = SURFACE_SIDE_STYLE('',(#6381));
#6381 = SURFACE_STYLE_FILL_AREA(#6382);
#6382 = FILL_AREA_STYLE('',(#6383));
#6383 = FILL_AREA_STYLE_COLOUR('',#6338);
#6384 = CURVE_STYLE('',#6385,POSITIVE_LENGTH_MEASURE(0.1),#6329);
#6385 = DRAUGHTING_PRE_DEFINED_CURVE_FONT('continuous');
#6386 = MECHANICAL_DESIGN_GEOMETRIC_PRESENTATION_REPRESENTATION('',(
    #6387),#4286);
#6387 = STYLED_ITEM('color',(#6388),#4182);
#6388 = PRESENTATION_STYLE_ASSIGNMENT((#6389,#6394));
#6389 = SURFACE_STYLE_USAGE(.BOTH.,#6390);
#6390 = SURFACE_SIDE_STYLE('',(#6391));
#6391 = SURFACE_STYLE_FILL_AREA(#6392);
#6392 = FILL_AREA_STYLE('',(#6393));
#6393 = FILL_AREA_STYLE_COLOUR('',#6338);
#6394 = CURVE_STYLE('',#6395,POSITIVE_LENGTH_MEASURE(0.1),#6329);
#6395 = DRAUGHTING_PRE_DEFINED_CURVE_FONT('continuous');
#6396 = MECHANICAL_DESIGN_GEOMETRIC_PRESENTATION_REPRESENTATION('',(
    #6397),#1637);
#6397 = STYLED_ITEM('color',(#6398),#1584);
#6398 = PRESENTATION_STYLE_ASSIGNMENT((#6399,#6405));
#6399 = SURFACE_STYLE_USAGE(.BOTH.,#6400);
#6400 = SURFACE_SIDE_STYLE('',(#6401));
#6401 = SURFACE_STYLE_FILL_AREA(#6402);
#6402 = FILL_AREA_STYLE('',(#6403));
#6403 = FILL_AREA_STYLE_COLOUR('',#6404);
#6404 = COLOUR_RGB('',0.992156872037,0.992156872037,0.494117641438);
#6405 = CURVE_STYLE('',#6406,POSITIVE_LENGTH_MEASURE(0.1),#6329);
#6406 = DRAUGHTING_PRE_DEFINED_CURVE_FONT('continuous');
#6407 = MECHANICAL_DESIGN_GEOMETRIC_PRESENTATION_REPRESENTATION('',(
    #6408,#6417,#6426,#6435,#6444,#6453,#6462,#6471,#6480,#6489,#6498,
    #6507,#6516),#4161);
#6408 = STYLED_ITEM('color',(#6409),#2719);
#6409 = PRESENTATION_STYLE_ASSIGNMENT((#6410,#6415));
#6410 = SURFACE_STYLE_USAGE(.BOTH.,#6411);
#6411 = SURFACE_SIDE_STYLE('',(#6412));
#6412 = SURFACE_STYLE_FILL_AREA(#6413);
#6413 = FILL_AREA_STYLE('',(#6414));
#6414 = FILL_AREA_STYLE_COLOUR('',#6338);
#6415 = CURVE_STYLE('',#6416,POSITIVE_LENGTH_MEASURE(0.1),#6329);
#6416 = DRAUGHTING_PRE_DEFINED_CURVE_FONT('continuous');
#6417 = STYLED_ITEM('color',(#6418),#2777);
#6418 = PRESENTATION_STYLE_ASSIGNMENT((#6419,#6424));
#6419 = SURFACE_STYLE_USAGE(.BOTH.,#6420);
#6420 = SURFACE_SIDE_STYLE('',(#6421));
#6421 = SURFACE_STYLE_FILL_AREA(#6422);
#6422 = FILL_AREA_STYLE('',(#6423));
#6423 = FILL_AREA_STYLE_COLOUR('',#6338);
#6424 = CURVE_STYLE('',#6425,POSITIVE_LENGTH_MEASURE(0.1),#6329);
#6425 = DRAUGHTING_PRE_DEFINED_CURVE_FONT('continuous');
#6426 = STYLED_ITEM('color',(#6427),#2819);
#6427 = PRESENTATION_STYLE_ASSIGNMENT((#6428,#6433));
#6428 = SURFACE_STYLE_USAGE(.BOTH.,#6429);
#6429 = SURFACE_SIDE_STYLE('',(#6430));
#6430 = SURFACE_STYLE_FILL_AREA(#6431);
#6431 = FILL_AREA_STYLE('',(#6432));
#6432 = FILL_AREA_STYLE_COLOUR('',#6338);
#6433 = CURVE_STYLE('',#6434,POSITIVE_LENGTH_MEASURE(0.1),#6329);
#6434 = DRAUGHTING_PRE_DEFINED_CURVE_FONT('continuous');
#6435 = STYLED_ITEM('color',(#6436),#2893);
#6436 = PRESENTATION_STYLE_ASSIGNMENT((#6437,#6442));
#6437 = SURFACE_STYLE_USAGE(.BOTH.,#6438);
#6438 = SURFACE_SIDE_STYLE('',(#6439));
#6439 = SURFACE_STYLE_FILL_AREA(#6440);
#6440 = FILL_AREA_STYLE('',(#6441));
#6441 = FILL_AREA_STYLE_COLOUR('',#6338);
#6442 = CURVE_STYLE('',#6443,POSITIVE_LENGTH_MEASURE(0.1),#6329);
#6443 = DRAUGHTING_PRE_DEFINED_CURVE_FONT('continuous');
#6444 = STYLED_ITEM('color',(#6445),#3047);
#6445 = PRESENTATION_STYLE_ASSIGNMENT((#6446,#6451));
#6446 = SURFACE_STYLE_USAGE(.BOTH.,#6447);
#6447 = SURFACE_SIDE_STYLE('',(#6448));
#6448 = SURFACE_STYLE_FILL_AREA(#6449);
#6449 = FILL_AREA_STYLE('',(#6450));
#6450 = FILL_AREA_STYLE_COLOUR('',#6338);
#6451 = CURVE_STYLE('',#6452,POSITIVE_LENGTH_MEASURE(0.1),#6329);
#6452 = DRAUGHTING_PRE_DEFINED_CURVE_FONT('continuous');
#6453 = STYLED_ITEM('color',(#6454),#3185);
#6454 = PRESENTATION_STYLE_ASSIGNMENT((#6455,#6460));
#6455 = SURFACE_STYLE_USAGE(.BOTH.,#6456);
#6456 = SURFACE_SIDE_STYLE('',(#6457));
#6457 = SURFACE_STYLE_FILL_AREA(#6458);
#6458 = FILL_AREA_STYLE('',(#6459));
#6459 = FILL_AREA_STYLE_COLOUR('',#6338);
#6460 = CURVE_STYLE('',#6461,POSITIVE_LENGTH_MEASURE(0.1),#6329);
#6461 = DRAUGHTING_PRE_DEFINED_CURVE_FONT('continuous');
#6462 = STYLED_ITEM('color',(#6463),#3227);
#6463 = PRESENTATION_STYLE_ASSIGNMENT((#6464,#6469));
#6464 = SURFACE_STYLE_USAGE(.BOTH.,#6465);
#6465 = SURFACE_SIDE_STYLE('',(#6466));
#6466 = SURFACE_STYLE_FILL_AREA(#6467);
#6467 = FILL_AREA_STYLE('',(#6468));
#6468 = FILL_AREA_STYLE_COLOUR('',#6338);
#6469 = CURVE_STYLE('',#6470,POSITIVE_LENGTH_MEASURE(0.1),#6329);
#6470 = DRAUGHTING_PRE_DEFINED_CURVE_FONT('continuous');
#6471 = STYLED_ITEM('color',(#6472),#3301);
#6472 = PRESENTATION_STYLE_ASSIGNMENT((#6473,#6478));
#6473 = SURFACE_STYLE_USAGE(.BOTH.,#6474);
#6474 = SURFACE_SIDE_STYLE('',(#6475));
#6475 = SURFACE_STYLE_FILL_AREA(#6476);
#6476 = FILL_AREA_STYLE('',(#6477));
#6477 = FILL_AREA_STYLE_COLOUR('',#6338);
#6478 = CURVE_STYLE('',#6479,POSITIVE_LENGTH_MEASURE(0.1),#6329);
#6479 = DRAUGHTING_PRE_DEFINED_CURVE_FONT('continuous');
#6480 = STYLED_ITEM('color',(#6481),#3439);
#6481 = PRESENTATION_STYLE_ASSIGNMENT((#6482,#6487));
#6482 = SURFACE_STYLE_USAGE(.BOTH.,#6483);
#6483 = SURFACE_SIDE_STYLE('',(#6484));
#6484 = SURFACE_STYLE_FILL_AREA(#6485);
#6485 = FILL_AREA_STYLE('',(#6486));
#6486 = FILL_AREA_STYLE_COLOUR('',#6338);
#6487 = CURVE_STYLE('',#6488,POSITIVE_LENGTH_MEASURE(0.1),#6329);
#6488 = DRAUGHTING_PRE_DEFINED_CURVE_FONT('continuous');
#6489 = STYLED_ITEM('color',(#6490),#3665);
#6490 = PRESENTATION_STYLE_ASSIGNMENT((#6491,#6496));
#6491 = SURFACE_STYLE_USAGE(.BOTH.,#6492);
#6492 = SURFACE_SIDE_STYLE('',(#6493));
#6493 = SURFACE_STYLE_FILL_AREA(#6494);
#6494 = FILL_AREA_STYLE('',(#6495));
#6495 = FILL_AREA_STYLE_COLOUR('',#6338);
#6496 = CURVE_STYLE('',#6497,POSITIVE_LENGTH_MEASURE(0.1),#6329);
#6497 = DRAUGHTING_PRE_DEFINED_CURVE_FONT('continuous');
#6498 = STYLED_ITEM('color',(#6499),#3859);
#6499 = PRESENTATION_STYLE_ASSIGNMENT((#6500,#6505));
#6500 = SURFACE_STYLE_USAGE(.BOTH.,#6501);
#6501 = SURFACE_SIDE_STYLE('',(#6502));
#6502 = SURFACE_STYLE_FILL_AREA(#6503);
#6503 = FILL_AREA_STYLE('',(#6504));
#6504 = FILL_AREA_STYLE_COLOUR('',#6338);
#6505 = CURVE_STYLE('',#6506,POSITIVE_LENGTH_MEASURE(0.1),#6329);
#6506 = DRAUGHTING_PRE_DEFINED_CURVE_FONT('continuous');
#6507 = STYLED_ITEM('color',(#6508),#4079);
#6508 = PRESENTATION_STYLE_ASSIGNMENT((#6509,#6514));
#6509 = SURFACE_STYLE_USAGE(.BOTH.,#6510);
#6510 = SURFACE_SIDE_STYLE('',(#6511));
#6511 = SURFACE_STYLE_FILL_AREA(#6512);
#6512 = FILL_AREA_STYLE('',(#6513));
#6513 = FILL_AREA_STYLE_COLOUR('',#6338);
#6514 = CURVE_STYLE('',#6515,POSITIVE_LENGTH_MEASURE(0.1),#6329);
#6515 = DRAUGHTING_PRE_DEFINED_CURVE_FONT('continuous');
#6516 = STYLED_ITEM('color',(#6517),#4121);
#6517 = PRESENTATION_STYLE_ASSIGNMENT((#6518,#6523));
#6518 = SURFACE_STYLE_USAGE(.BOTH.,#6519);
#6519 = SURFACE_SIDE_STYLE('',(#6520));
#6520 = SURFACE_STYLE_FILL_AREA(#6521);
#6521 = FILL_AREA_STYLE('',(#6522));
#6522 = FILL_AREA_STYLE_COLOUR('',#6338);
#6523 = CURVE_STYLE('',#6524,POSITIVE_LENGTH_MEASURE(0.1),#6329);
#6524 = DRAUGHTING_PRE_DEFINED_CURVE_FONT('continuous');
#6525 = MECHANICAL_DESIGN_GEOMETRIC_PRESENTATION_REPRESENTATION('',(
    #6526,#6535),#4645);
#6526 = STYLED_ITEM('color',(#6527),#4307);
#6527 = PRESENTATION_STYLE_ASSIGNMENT((#6528,#6533));
#6528 = SURFACE_STYLE_USAGE(.BOTH.,#6529);
#6529 = SURFACE_SIDE_STYLE('',(#6530));
#6530 = SURFACE_STYLE_FILL_AREA(#6531);
#6531 = FILL_AREA_STYLE('',(#6532));
#6532 = FILL_AREA_STYLE_COLOUR('',#6338);
#6533 = CURVE_STYLE('',#6534,POSITIVE_LENGTH_MEASURE(0.1),#6329);
#6534 = DRAUGHTING_PRE_DEFINED_CURVE_FONT('continuous');
#6535 = STYLED_ITEM('color',(#6536),#4565);
#6536 = PRESENTATION_STYLE_ASSIGNMENT((#6537,#6542));
#6537 = SURFACE_STYLE_USAGE(.BOTH.,#6538);
#6538 = SURFACE_SIDE_STYLE('',(#6539));
#6539 = SURFACE_STYLE_FILL_AREA(#6540);
#6540 = FILL_AREA_STYLE('',(#6541));
#6541 = FILL_AREA_STYLE_COLOUR('',#6338);
#6542 = CURVE_STYLE('',#6543,POSITIVE_LENGTH_MEASURE(0.1),#6329);
#6543 = DRAUGHTING_PRE_DEFINED_CURVE_FONT('continuous');
#6544 = MECHANICAL_DESIGN_GEOMETRIC_PRESENTATION_REPRESENTATION('',(
    #6545),#6307);
#6545 = STYLED_ITEM('color',(#6546),#5947);
#6546 = PRESENTATION_STYLE_ASSIGNMENT((#6547,#6552));
#6547 = SURFACE_STYLE_USAGE(.BOTH.,#6548);
#6548 = SURFACE_SIDE_STYLE('',(#6549));
#6549 = SURFACE_STYLE_FILL_AREA(#6550);
#6550 = FILL_AREA_STYLE('',(#6551));
#6551 = FILL_AREA_STYLE_COLOUR('',#6338);
#6552 = CURVE_STYLE('',#6553,POSITIVE_LENGTH_MEASURE(0.1),#6329);
#6553 = DRAUGHTING_PRE_DEFINED_CURVE_FONT('continuous');
#6554 = MECHANICAL_DESIGN_GEOMETRIC_PRESENTATION_REPRESENTATION('',(
    #6555),#5928);
#6555 = STYLED_ITEM('color',(#6556),#4664);
#6556 = PRESENTATION_STYLE_ASSIGNMENT((#6557,#6563));
#6557 = SURFACE_STYLE_USAGE(.BOTH.,#6558);
#6558 = SURFACE_SIDE_STYLE('',(#6559));
#6559 = SURFACE_STYLE_FILL_AREA(#6560);
#6560 = FILL_AREA_STYLE('',(#6561));
#6561 = FILL_AREA_STYLE_COLOUR('',#6562);
#6562 = COLOUR_RGB('',0.960784305148,0.960784305148,0.960784305148);
#6563 = CURVE_STYLE('',#6564,POSITIVE_LENGTH_MEASURE(0.1),#6329);
#6564 = DRAUGHTING_PRE_DEFINED_CURVE_FONT('continuous');
ENDSEC;
END-ISO-10303-21;
